2013-01-02,USD,1.220329
2013-01-02,EUR,1.618400
2013-01-02,GBP,1.988206
2013-01-02,JPY,0.014027
2013-01-02,CHF,1.338627
2013-01-02,CNY,0.195783
2013-01-02,HKD,0.157446
2013-01-02,MYR,0.402037
2013-01-02,ZAR,0.144001
2013-01-03,USD,1.222638
2013-01-03,EUR,1.601900
2013-01-03,GBP,1.975825
2013-01-03,JPY,0.014060
2013-01-03,CHF,1.324979
2013-01-03,CNY,0.196064
2013-01-03,HKD,0.157733
2013-01-03,MYR,0.403308
2013-01-03,ZAR,0.142382
2013-01-04,USD,1.230710
2013-01-04,EUR,1.601400
2013-01-04,GBP,1.971439
2013-01-04,JPY,0.013930
2013-01-04,CHF,1.324347
2013-01-04,CNY,0.197526
2013-01-04,HKD,0.158768
2013-01-04,MYR,0.403813
2013-01-04,ZAR,0.142224
2013-01-07,USD,1.229772
2013-01-07,EUR,1.603500
2013-01-07,GBP,1.975484
2013-01-07,JPY,0.014007
2013-01-07,CHF,1.326632
2013-01-07,CNY,0.197402
2013-01-07,HKD,0.158660
2013-01-07,MYR,0.404067
2013-01-07,ZAR,0.143075
2013-01-08,USD,1.228794
2013-01-08,EUR,1.608000
2013-01-08,GBP,1.974217
2013-01-08,JPY,0.014036
2013-01-08,CHF,1.329805
2013-01-08,CNY,0.197393
2013-01-08,HKD,0.158525
2013-01-08,MYR,0.403848
2013-01-08,ZAR,0.143266
2013-01-09,USD,1.227635
2013-01-09,EUR,1.602800
2013-01-09,GBP,1.966505
2013-01-09,JPY,0.014018
2013-01-09,CHF,1.325833
2013-01-09,CNY,0.197175
2013-01-09,HKD,0.158370
2013-01-09,MYR,0.403911
2013-01-09,ZAR,0.142986
2013-01-10,USD,1.224663
2013-01-10,EUR,1.605900
2013-01-10,GBP,1.965125
2013-01-10,JPY,0.013873
2013-01-10,CHF,1.326751
2013-01-10,CNY,0.196729
2013-01-10,HKD,0.157991
2013-01-10,MYR,0.404234
2013-01-10,ZAR,0.141641
2013-01-11,USD,1.225704
2013-01-11,EUR,1.627000
2013-01-11,GBP,1.976433
2013-01-11,JPY,0.013767
2013-01-11,CHF,1.338324
2013-01-11,CNY,0.197157
2013-01-11,HKD,0.158115
2013-01-11,MYR,0.405726
2013-01-11,ZAR,0.140901
2013-01-14,USD,1.226820
2013-01-14,EUR,1.636700
2013-01-14,GBP,1.969081
2013-01-14,JPY,0.013742
2013-01-14,CHF,1.336846
2013-01-14,CNY,0.197228
2013-01-14,HKD,0.158253
2013-01-14,MYR,0.406634
2013-01-14,ZAR,0.140981
2013-01-15,USD,1.225482
2013-01-15,EUR,1.633200
2013-01-15,GBP,1.967118
2013-01-15,JPY,0.013836
2013-01-15,CHF,1.321573
2013-01-15,CNY,0.197158
2013-01-15,HKD,0.158067
2013-01-15,MYR,0.407140
2013-01-15,ZAR,0.139745
2013-01-16,USD,1.224222
2013-01-16,EUR,1.625400
2013-01-16,GBP,1.958077
2013-01-16,JPY,0.013885
2013-01-16,CHF,1.315155
2013-01-16,CNY,0.196894
2013-01-16,HKD,0.157907
2013-01-16,MYR,0.405438
2013-01-16,ZAR,0.138532
2013-01-17,USD,1.223818
2013-01-17,EUR,1.636000
2013-01-17,GBP,1.961396
2013-01-17,JPY,0.013711
2013-01-17,CHF,1.313740
2013-01-17,CNY,0.196717
2013-01-17,HKD,0.157859
2013-01-17,MYR,0.405845
2013-01-17,ZAR,0.139444
2013-01-18,USD,1.226283
2013-01-18,EUR,1.633900
2013-01-18,GBP,1.951624
2013-01-18,JPY,0.013631
2013-01-18,CHF,1.312791
2013-01-18,CNY,0.197143
2013-01-18,HKD,0.158177
2013-01-18,MYR,0.407050
2013-01-18,ZAR,0.137831
2013-01-21,USD,1.229078
2013-01-21,EUR,1.637500
2013-01-21,GBP,1.951728
2013-01-21,JPY,0.013718
2013-01-21,CHF,1.318332
2013-01-21,CNY,0.197546
2013-01-21,HKD,0.158525
2013-01-21,MYR,0.404981
2013-01-21,ZAR,0.138459
2013-01-22,USD,1.227303
2013-01-22,EUR,1.634400
2013-01-22,GBP,1.946525
2013-01-22,JPY,0.013830
2013-01-22,CHF,1.319874
2013-01-22,CNY,0.197296
2013-01-22,HKD,0.158305
2013-01-22,MYR,0.403386
2013-01-22,ZAR,0.138575
2013-01-23,USD,1.226332
2013-01-23,EUR,1.634700
2013-01-23,GBP,1.944451
2013-01-23,JPY,0.013856
2013-01-23,CHF,1.319903
2013-01-23,CNY,0.197211
2013-01-23,HKD,0.158170
2013-01-23,MYR,0.402943
2013-01-23,ZAR,0.136623
2013-01-24,USD,1.228032
2013-01-24,EUR,1.639300
2013-01-24,GBP,1.942529
2013-01-24,JPY,0.013692
2013-01-24,CHF,1.320206
2013-01-24,CNY,0.197342
2013-01-24,HKD,0.158391
2013-01-24,MYR,0.402955
2013-01-24,ZAR,0.135857
2013-01-25,USD,1.231420
2013-01-25,EUR,1.658600
2013-01-25,GBP,1.948086
2013-01-25,JPY,0.013516
2013-01-25,CHF,1.332851
2013-01-25,CNY,0.197947
2013-01-25,HKD,0.158809
2013-01-25,MYR,0.403415
2013-01-25,ZAR,0.136735
2013-01-28,USD,1.238173
2013-01-28,EUR,1.664600
2013-01-28,GBP,1.948040
2013-01-28,JPY,0.013621
2013-01-28,CHF,1.334670
2013-01-28,CNY,0.198837
2013-01-28,HKD,0.159605
2013-01-28,MYR,0.406496
2013-01-28,ZAR,0.137677
2013-01-29,USD,1.237922
2013-01-29,EUR,1.662900
2013-01-29,GBP,1.948102
2013-01-29,JPY,0.013684
2013-01-29,CHF,1.339320
2013-01-29,CNY,0.198771
2013-01-29,HKD,0.159552
2013-01-29,MYR,0.401463
2013-01-29,ZAR,0.136544
2013-01-30,USD,1.236024
2013-01-30,EUR,1.673700
2013-01-30,GBP,1.950017
2013-01-30,JPY,0.013547
2013-01-30,CHF,1.350629
2013-01-30,CNY,0.198685
2013-01-30,HKD,0.159304
2013-01-30,MYR,0.400829
2013-01-30,ZAR,0.136544
2013-01-31,USD,1.237491
2013-01-31,EUR,1.676800
2013-01-31,GBP,1.956593
2013-01-31,JPY,0.013597
2013-01-31,CHF,1.358613
2013-01-31,CNY,0.198987
2013-01-31,HKD,0.159534
2013-01-31,MYR,0.398422
2013-01-31,ZAR,0.138524
2013-02-01,USD,1.241132
2013-02-01,EUR,1.693400
2013-02-01,GBP,1.965185
2013-02-01,JPY,0.013463
2013-02-01,CHF,1.371063
2013-02-01,CNY,0.199306
2013-02-01,HKD,0.159986
2013-02-01,MYR,0.398898
2013-02-01,ZAR,0.138667
2013-02-04,USD,1.238267
2013-02-04,EUR,1.678100
2013-02-04,GBP,1.946978
2013-02-04,JPY,0.013357
2013-02-04,CHF,1.358785
2013-02-04,CNY,0.198634
2013-02-04,HKD,0.159696
2013-02-04,MYR,0.398788
2013-02-04,ZAR,0.138471
2013-02-05,USD,1.238236
2013-02-05,EUR,1.676200
2013-02-05,GBP,1.949296
2013-02-05,JPY,0.013268
2013-02-05,CHF,1.362875
2013-02-05,CNY,0.198741
2013-02-05,HKD,0.159691
2013-02-05,MYR,0.399971
2013-02-05,ZAR,0.139486
2013-02-06,USD,1.237701
2013-02-06,EUR,1.673000
2013-02-06,GBP,1.938362
2013-02-06,JPY,0.013227
2013-02-06,CHF,1.354875
2013-02-06,CNY,0.198604
2013-02-06,HKD,0.159616
2013-02-06,MYR,0.399627
2013-02-06,ZAR,0.138731
2013-02-07,USD,1.238373
2013-02-07,EUR,1.677500
2013-02-07,GBP,1.945153
2013-02-07,JPY,0.013221
2013-02-07,CHF,1.362492
2013-02-07,CNY,0.198709
2013-02-07,HKD,0.159660
2013-02-07,MYR,0.399386
2013-02-07,ZAR,0.138935
2013-02-08,USD,1.237700
2013-02-08,EUR,1.655300
2013-02-08,GBP,1.955810
2013-02-08,JPY,0.013401
2013-02-08,CHF,1.347745
2013-02-08,CNY,0.198496
2013-02-08,HKD,0.159589
2013-02-08,MYR,0.399493
2013-02-08,ZAR,0.138680
2013-02-11,USD,1.239564
2013-02-11,EUR,1.659900
2013-02-11,GBP,1.944815
2013-02-11,JPY,0.013266
2013-02-11,CHF,1.350171
2013-02-11,CNY,0.198890
2013-02-11,HKD,0.159841
2013-02-11,MYR,0.400053
2013-02-11,ZAR,0.139084
2013-02-12,USD,1.243786
2013-02-12,EUR,1.671400
2013-02-12,GBP,1.940104
2013-02-12,JPY,0.013202
2013-02-12,CHF,1.355775
2013-02-12,CNY,0.199520
2013-02-12,HKD,0.160375
2013-02-12,MYR,0.401229
2013-02-12,ZAR,0.138515
2013-02-13,USD,1.238576
2013-02-13,EUR,1.669600
2013-02-13,GBP,1.927945
2013-02-13,JPY,0.013256
2013-02-13,CHF,1.350263
2013-02-13,CNY,0.198729
2013-02-13,HKD,0.159694
2013-02-13,MYR,0.400778
2013-02-13,ZAR,0.140042
2013-02-14,USD,1.237413
2013-02-14,EUR,1.649100
2013-02-14,GBP,1.918897
2013-02-14,JPY,0.013257
2013-02-14,CHF,1.341495
2013-02-14,CNY,0.198538
2013-02-14,HKD,0.159561
2013-02-14,MYR,0.400559
2013-02-14,ZAR,0.139061
2013-02-15,USD,1.237298
2013-02-15,EUR,1.648700
2013-02-15,GBP,1.916202
2013-02-15,JPY,0.013293
2013-02-15,CHF,1.340080
2013-02-15,CNY,0.198533
2013-02-15,HKD,0.159557
2013-02-15,MYR,0.399898
2013-02-15,ZAR,0.140366
2013-02-18,USD,1.238691
2013-02-18,EUR,1.653900
2013-02-18,GBP,1.918900
2013-02-18,JPY,0.013206
2013-02-18,CHF,1.341145
2013-02-18,CNY,0.198331
2013-02-18,HKD,0.159738
2013-02-18,MYR,0.399647
2013-02-18,ZAR,0.140273
2013-02-19,USD,1.238295
2013-02-19,EUR,1.653000
2013-02-19,GBP,1.915189
2013-02-19,JPY,0.013244
2013-02-19,CHF,1.340415
2013-02-19,CNY,0.198306
2013-02-19,HKD,0.159684
2013-02-19,MYR,0.398890
2013-02-19,ZAR,0.139243
2013-02-20,USD,1.237098
2013-02-20,EUR,1.654000
2013-02-20,GBP,1.893965
2013-02-20,JPY,0.013222
2013-02-20,CHF,1.339597
2013-02-20,CNY,0.198319
2013-02-20,HKD,0.159532
2013-02-20,MYR,0.399517
2013-02-20,ZAR,0.139391
2013-02-21,USD,1.239496
2013-02-21,EUR,1.634400
2013-02-21,GBP,1.891229
2013-02-21,JPY,0.013304
2013-02-21,CHF,1.329862
2013-02-21,CNY,0.198653
2013-02-21,HKD,0.159817
2013-02-21,MYR,0.398877
2013-02-21,ZAR,0.138932
2013-02-22,USD,1.237676
2013-02-22,EUR,1.632000
2013-02-22,GBP,1.893162
2013-02-22,JPY,0.013270
2013-02-22,CHF,1.329857
2013-02-22,CNY,0.198325
2013-02-22,HKD,0.159567
2013-02-22,MYR,0.399061
2013-02-22,ZAR,0.139506
2013-02-25,USD,1.236771
2013-02-25,EUR,1.645400
2013-02-25,GBP,1.872113
2013-02-25,JPY,0.013163
2013-02-25,CHF,1.337180
2013-02-25,CNY,0.198284
2013-02-25,HKD,0.159452
2013-02-25,MYR,0.399185
2013-02-25,ZAR,0.140128
2013-02-26,USD,1.239504
2013-02-26,EUR,1.620900
2013-02-26,GBP,1.877563
2013-02-26,JPY,0.013485
2013-02-26,CHF,1.332210
2013-02-26,CNY,0.198930
2013-02-26,HKD,0.159747
2013-02-26,MYR,0.399571
2013-02-26,ZAR,0.140486
2013-02-27,USD,1.238833
2013-02-27,EUR,1.622500
2013-02-27,GBP,1.877785
2013-02-27,JPY,0.013514
2013-02-27,CHF,1.332430
2013-02-27,CNY,0.198926
2013-02-27,HKD,0.159689
2013-02-27,MYR,0.399532
2013-02-27,ZAR,0.139606
2013-02-28,USD,1.236728
2013-02-28,EUR,1.623700
2013-02-28,GBP,1.881460
2013-02-28,JPY,0.013411
2013-02-28,CHF,1.329921
2013-02-28,CNY,0.198691
2013-02-28,HKD,0.159452
2013-02-28,MYR,0.399759
2013-02-28,ZAR,0.138128
2013-03-01,USD,1.240000
2013-03-01,EUR,1.612000
2013-03-01,GBP,1.864230
2013-03-01,JPY,0.013374
2013-03-01,CHF,1.316456
2013-03-01,CNY,0.199239
2013-03-01,HKD,0.159875
2013-03-01,MYR,0.400378
2013-03-01,ZAR,0.136504
2013-03-04,USD,1.246406
2013-03-04,EUR,1.621200
2013-03-04,GBP,1.876389
2013-03-04,JPY,0.013325
2013-03-04,CHF,1.322781
2013-03-04,CNY,0.200200
2013-03-04,HKD,0.160709
2013-03-04,MYR,0.401158
2013-03-04,ZAR,0.137155
2013-03-05,USD,1.246279
2013-03-05,EUR,1.624400
2013-03-05,GBP,1.889277
2013-03-05,JPY,0.013375
2013-03-05,CHF,1.323125
2013-03-05,CNY,0.200382
2013-03-05,HKD,0.160679
2013-03-05,MYR,0.401682
2013-03-05,ZAR,0.137412
2013-03-06,USD,1.246183
2013-03-06,EUR,1.624400
2013-03-06,GBP,1.879223
2013-03-06,JPY,0.013331
2013-03-06,CHF,1.320543
2013-03-06,CNY,0.200380
2013-03-06,HKD,0.160674
2013-03-06,MYR,0.401116
2013-03-06,ZAR,0.137684
2013-03-07,USD,1.247425
2013-03-07,EUR,1.622900
2013-03-07,GBP,1.876185
2013-03-07,JPY,0.013216
2013-03-07,CHF,1.317503
2013-03-07,CNY,0.200541
2013-03-07,HKD,0.160811
2013-03-07,MYR,0.401410
2013-03-07,ZAR,0.135990
2013-03-08,USD,1.246524
2013-03-08,EUR,1.631700
2013-03-08,GBP,1.873364
2013-03-08,JPY,0.013002
2013-03-08,CHF,1.320680
2013-03-08,CNY,0.200423
2013-03-08,HKD,0.160719
2013-03-08,MYR,0.401323
2013-03-08,ZAR,0.137122
2013-03-11,USD,1.249500
2013-03-11,EUR,1.623600
2013-03-11,GBP,1.859048
2013-03-11,JPY,0.012998
2013-03-11,CHF,1.313592
2013-03-11,CNY,0.200933
2013-03-11,HKD,0.161076
2013-03-11,MYR,0.401742
2013-03-11,ZAR,0.136448
2013-03-12,USD,1.246304
2013-03-12,EUR,1.626800
2013-03-12,GBP,1.856442
2013-03-12,JPY,0.012988
2013-03-12,CHF,1.317887
2013-03-12,CNY,0.200491
2013-03-12,HKD,0.160670
2013-03-12,MYR,0.400867
2013-03-12,ZAR,0.136440
2013-03-13,USD,1.248132
2013-03-13,EUR,1.620200
2013-03-13,GBP,1.867020
2013-03-13,JPY,0.013004
2013-03-13,CHF,1.315204
2013-03-13,CNY,0.200850
2013-03-13,HKD,0.160902
2013-03-13,MYR,0.401586
2013-03-13,ZAR,0.135474
2013-03-14,USD,1.251681
2013-03-14,EUR,1.619300
2013-03-14,GBP,1.870509
2013-03-14,JPY,0.012976
2013-03-14,CHF,1.311493
2013-03-14,CNY,0.201368
2013-03-14,HKD,0.161333
2013-03-14,MYR,0.402351
2013-03-14,ZAR,0.135400
2013-03-15,USD,1.248204
2013-03-15,EUR,1.633400
2013-03-15,GBP,1.890509
2013-03-15,JPY,0.013009
2013-03-15,CHF,1.327104
2013-03-15,CNY,0.200777
2013-03-15,HKD,0.160886
2013-03-15,MYR,0.399589
2013-03-15,ZAR,0.135994
2013-03-18,USD,1.249671
2013-03-18,EUR,1.615700
2013-03-18,GBP,1.887059
2013-03-18,JPY,0.013149
2013-03-18,CHF,1.322069
2013-03-18,CNY,0.200960
2013-03-18,HKD,0.161005
2013-03-18,MYR,0.399066
2013-03-18,ZAR,0.136160
2013-03-19,USD,1.249923
2013-03-19,EUR,1.617900
2013-03-19,GBP,1.890401
2013-03-19,JPY,0.013101
2013-03-19,CHF,1.324194
2013-03-19,CNY,0.201089
2013-03-19,HKD,0.161057
2013-03-19,MYR,0.400381
2013-03-19,ZAR,0.135580
2013-03-20,USD,1.251526
2013-03-20,EUR,1.620100
2013-03-20,GBP,1.894411
2013-03-20,JPY,0.013098
2013-03-20,CHF,1.325560
2013-03-20,CNY,0.201322
2013-03-20,HKD,0.161222
2013-03-20,MYR,0.400807
2013-03-20,ZAR,0.134783
2013-03-21,USD,1.249574
2013-03-21,EUR,1.613200
2013-03-21,GBP,1.894205
2013-03-21,JPY,0.013121
2013-03-21,CHF,1.319591
2013-03-21,CNY,0.200964
2013-03-21,HKD,0.160959
2013-03-21,MYR,0.400298
2013-03-21,ZAR,0.134377
2013-03-22,USD,1.249382
2013-03-22,EUR,1.617700
2013-03-22,GBP,1.896928
2013-03-22,JPY,0.013168
2013-03-22,CHF,1.324681
2013-03-22,CNY,0.201124
2013-03-22,HKD,0.160938
2013-03-22,MYR,0.401464
2013-03-22,ZAR,0.134020
2013-03-25,USD,1.243603
2013-03-25,EUR,1.608600
2013-03-25,GBP,1.888915
2013-03-25,JPY,0.013126
2013-03-25,CHF,1.317121
2013-03-25,CNY,0.200154
2013-03-25,HKD,0.160226
2013-03-25,MYR,0.401347
2013-03-25,ZAR,0.134011
2013-03-26,USD,1.241583
2013-03-26,EUR,1.596800
2013-03-26,GBP,1.880801
2013-03-26,JPY,0.013169
2013-03-26,CHF,1.307888
2013-03-26,CNY,0.199852
2013-03-26,HKD,0.160000
2013-03-26,MYR,0.401005
2013-03-26,ZAR,0.134041
2013-03-27,USD,1.244361
2013-03-27,EUR,1.588800
2013-03-27,GBP,1.879903
2013-03-27,JPY,0.013207
2013-03-27,CHF,1.305076
2013-03-27,CNY,0.200252
2013-03-27,HKD,0.160300
2013-03-27,MYR,0.401709
2013-03-27,ZAR,0.133822
2013-03-28,USD,1.241702
2013-03-28,EUR,1.590000
2013-03-28,GBP,1.880322
2013-03-28,JPY,0.013155
2013-03-28,CHF,1.303813
2013-03-28,CNY,0.199749
2013-03-28,HKD,0.159928
2013-03-28,MYR,0.401009
2013-03-28,ZAR,0.134518
2013-04-02,USD,1.234190
2013-04-02,EUR,1.584700
2013-04-02,GBP,1.871177
2013-04-02,JPY,0.013229
2013-04-02,CHF,1.303314
2013-04-02,CNY,0.199637
2013-04-02,HKD,0.159422
2013-04-02,MYR,0.400997
2013-04-02,ZAR,0.134085
2013-04-03,USD,1.237683
2013-04-03,EUR,1.587700
2013-04-03,GBP,1.871405
2013-04-03,JPY,0.013235
2013-04-03,CHF,1.304923
2013-04-03,CNY,0.199362
2013-04-03,HKD,0.159448
2013-04-03,MYR,0.401543
2013-04-03,ZAR,0.134025
2013-04-04,USD,1.241691
2013-04-04,EUR,1.591600
2013-04-04,GBP,1.878105
2013-04-04,JPY,0.013013
2013-04-04,CHF,1.309420
2013-04-04,CNY,0.200242
2013-04-04,HKD,0.159937
2013-04-04,MYR,0.403161
2013-04-04,ZAR,0.134302
2013-04-05,USD,1.239570
2013-04-05,EUR,1.604500
2013-04-05,GBP,1.889648
2013-04-05,JPY,0.012889
2013-04-05,CHF,1.319707
2013-04-05,CNY,0.199883
2013-04-05,HKD,0.159625
2013-04-05,MYR,0.405013
2013-04-05,ZAR,0.135481
2013-04-08,USD,1.240728
2013-04-08,EUR,1.615800
2013-04-08,GBP,1.898819
2013-04-08,JPY,0.012578
2013-04-08,CHF,1.327909
2013-04-08,CNY,0.200010
2013-04-08,HKD,0.159811
2013-04-08,MYR,0.405796
2013-04-08,ZAR,0.137343
2013-04-09,USD,1.239110
2013-04-09,EUR,1.615800
2013-04-09,GBP,1.897036
2013-04-09,JPY,0.012533
2013-04-09,CHF,1.324426
2013-04-09,CNY,0.199780
2013-04-09,HKD,0.159588
2013-04-09,MYR,0.408082
2013-04-09,ZAR,0.138333
2013-04-10,USD,1.237964
2013-04-10,EUR,1.620000
2013-04-10,GBP,1.895180
2013-04-10,JPY,0.012491
2013-04-10,CHF,1.329722
2013-04-10,CNY,0.199869
2013-04-10,HKD,0.159469
2013-04-10,MYR,0.408596
2013-04-10,ZAR,0.138580
2013-04-11,USD,1.236603
2013-04-11,EUR,1.622300
2013-04-11,GBP,1.904108
2013-04-11,JPY,0.012442
2013-04-11,CHF,1.331173
2013-04-11,CNY,0.199574
2013-04-11,HKD,0.159305
2013-04-11,MYR,0.407654
2013-04-11,ZAR,0.138765
2013-04-12,USD,1.237588
2013-04-12,EUR,1.615300
2013-04-12,GBP,1.901024
2013-04-12,JPY,0.012470
2013-04-12,CHF,1.327607
2013-04-12,CNY,0.199866
2013-04-12,HKD,0.159452
2013-04-12,MYR,0.407266
2013-04-12,ZAR,0.138575
2013-04-15,USD,1.237214
2013-04-15,EUR,1.618400
2013-04-15,GBP,1.897526
2013-04-15,JPY,0.012661
2013-04-15,CHF,1.332345
2013-04-15,CNY,0.199973
2013-04-15,HKD,0.159378
2013-04-15,MYR,0.406981
2013-04-15,ZAR,0.136455
2013-04-16,USD,1.235433
2013-04-16,EUR,1.622000
2013-04-16,GBP,1.892870
2013-04-16,JPY,0.012635
2013-04-16,CHF,1.333553
2013-04-16,CNY,0.199808
2013-04-16,HKD,0.159162
2013-04-16,MYR,0.406384
2013-04-16,ZAR,0.135072
2013-04-17,USD,1.235128
2013-04-17,EUR,1.621600
2013-04-17,GBP,1.882735
2013-04-17,JPY,0.012609
2013-04-17,CHF,1.334760
2013-04-17,CNY,0.200096
2013-04-17,HKD,0.159113
2013-04-17,MYR,0.406946
2013-04-17,ZAR,0.134792
2013-04-18,USD,1.235109
2013-04-18,EUR,1.611200
2013-04-18,GBP,1.884885
2013-04-18,JPY,0.012548
2013-04-18,CHF,1.324564
2013-04-18,CNY,0.199821
2013-04-18,HKD,0.159103
2013-04-18,MYR,0.407085
2013-04-18,ZAR,0.134786
2013-04-19,USD,1.235913
2013-04-19,EUR,1.620900
2013-04-19,GBP,1.897121
2013-04-19,JPY,0.012448
2013-04-19,CHF,1.331225
2013-04-19,CNY,0.200059
2013-04-19,HKD,0.159193
2013-04-19,MYR,0.407149
2013-04-19,ZAR,0.135050
2013-04-22,USD,1.239626
2013-04-22,EUR,1.616100
2013-04-22,GBP,1.887306
2013-04-22,JPY,0.012432
2013-04-22,CHF,1.325976
2013-04-22,CNY,0.200529
2013-04-22,HKD,0.159661
2013-04-22,MYR,0.406607
2013-04-22,ZAR,0.133442
2013-04-23,USD,1.240416
2013-04-23,EUR,1.611300
2013-04-23,GBP,1.891974
2013-04-23,JPY,0.012533
2013-04-23,CHF,1.318684
2013-04-23,CNY,0.200743
2013-04-23,HKD,0.159756
2013-04-23,MYR,0.405685
2013-04-23,ZAR,0.134237
2013-04-24,USD,1.241504
2013-04-24,EUR,1.614700
2013-04-24,GBP,1.894076
2013-04-24,JPY,0.012473
2013-04-24,CHF,1.312551
2013-04-24,CNY,0.200953
2013-04-24,HKD,0.159903
2013-04-24,MYR,0.407300
2013-04-24,ZAR,0.135240
2013-04-25,USD,1.237615
2013-04-25,EUR,1.618800
2013-04-25,GBP,1.913928
2013-04-25,JPY,0.012484
2013-04-25,CHF,1.312470
2013-04-25,CNY,0.200719
2013-04-25,HKD,0.159411
2013-04-25,MYR,0.407471
2013-04-25,ZAR,0.136258
2013-04-26,USD,1.238480
2013-04-26,EUR,1.609900
2013-04-26,GBP,1.916548
2013-04-26,JPY,0.012565
2013-04-26,CHF,1.311741
2013-04-26,CNY,0.200888
2013-04-26,HKD,0.159519
2013-04-26,MYR,0.408148
2013-04-26,ZAR,0.135728
2013-04-29,USD,1.233585
2013-04-29,EUR,1.617600
2013-04-29,GBP,1.916588
2013-04-29,JPY,0.012611
2013-04-29,CHF,1.317371
2013-04-29,CNY,0.200094
2013-04-29,HKD,0.158936
2013-04-29,MYR,0.406780
2013-04-29,ZAR,0.137703
2013-04-30,USD,1.233782
2013-04-30,EUR,1.612800
2013-04-30,GBP,1.910221
2013-04-30,JPY,0.012664
2013-04-30,CHF,1.317862
2013-04-30,CNY,0.200107
2013-04-30,HKD,0.158972
2013-04-30,MYR,0.405593
2013-04-30,ZAR,0.136626
2013-05-02,USD,1.233417
2013-05-02,EUR,1.627000
2013-05-02,GBP,1.921805
2013-05-02,JPY,0.012608
2013-05-02,CHF,1.328814
2013-05-02,CNY,0.200360
2013-05-02,HKD,0.158953
2013-05-02,MYR,0.404344
2013-05-02,ZAR,0.137201
2013-05-03,USD,1.233262
2013-05-03,EUR,1.617300
2013-05-03,GBP,1.918278
2013-05-03,JPY,0.012576
2013-05-03,CHF,1.321864
2013-05-03,CNY,0.200347
2013-05-03,HKD,0.158942
2013-05-03,MYR,0.406459
2013-05-03,ZAR,0.137716
2013-05-06,USD,1.231708
2013-05-06,EUR,1.614400
2013-05-06,GBP,1.914838
2013-05-06,JPY,0.012401
2013-05-06,CHF,1.314658
2013-05-06,CNY,0.199738
2013-05-06,HKD,0.158734
2013-05-06,MYR,0.413673
2013-05-06,ZAR,0.137168
2013-05-07,USD,1.232700
2013-05-07,EUR,1.615700
2013-05-07,GBP,1.913883
2013-05-07,JPY,0.012430
2013-05-07,CHF,1.310062
2013-05-07,CNY,0.200315
2013-05-07,HKD,0.158816
2013-05-07,MYR,0.413540
2013-05-07,ZAR,0.136091
2013-05-08,USD,1.228626
2013-05-08,EUR,1.613800
2013-05-08,GBP,1.905538
2013-05-08,JPY,0.012424
2013-05-08,CHF,1.308204
2013-05-08,CNY,0.200062
2013-05-08,HKD,0.158318
2013-05-08,MYR,0.414827
2013-05-08,ZAR,0.135547
2013-05-09,USD,1.228428
2013-05-09,EUR,1.614400
2013-05-09,GBP,1.912003
2013-05-09,JPY,0.012438
2013-05-09,CHF,1.313588
2013-05-09,CNY,0.200367
2013-05-09,HKD,0.158310
2013-05-09,MYR,0.413059
2013-05-09,ZAR,0.136770
2013-05-10,USD,1.237296
2013-05-10,EUR,1.607000
2013-05-10,GBP,1.903352
2013-05-10,JPY,0.012180
2013-05-10,CHF,1.292840
2013-05-10,CNY,0.201424
2013-05-10,HKD,0.159436
2013-05-10,MYR,0.414186
2013-05-10,ZAR,0.136080
2013-05-13,USD,1.240268
2013-05-13,EUR,1.609000
2013-05-13,GBP,1.906172
2013-05-13,JPY,0.012188
2013-05-13,CHF,1.297162
2013-05-13,CNY,0.201776
2013-05-13,HKD,0.159799
2013-05-13,MYR,0.413731
2013-05-13,ZAR,0.136364
2013-05-14,USD,1.241273
2013-05-14,EUR,1.610800
2013-05-14,GBP,1.899192
2013-05-14,JPY,0.012214
2013-05-14,CHF,1.297358
2013-05-14,CNY,0.202070
2013-05-14,HKD,0.159919
2013-05-14,MYR,0.415294
2013-05-14,ZAR,0.134727
2013-05-15,USD,1.247279
2013-05-15,EUR,1.604500
2013-05-15,GBP,1.895676
2013-05-15,JPY,0.012152
2013-05-15,CHF,1.283703
2013-05-15,CNY,0.202973
2013-05-15,HKD,0.160693
2013-05-15,MYR,0.415544
2013-05-15,ZAR,0.133909
2013-05-16,USD,1.252909
2013-05-16,EUR,1.615000
2013-05-16,GBP,1.910112
2013-05-16,JPY,0.012221
2013-05-16,CHF,1.297814
2013-05-16,CNY,0.203752
2013-05-16,HKD,0.161389
2013-05-16,MYR,0.416044
2013-05-16,ZAR,0.133781
2013-05-17,USD,1.255420
2013-05-17,EUR,1.615600
2013-05-17,GBP,1.912518
2013-05-17,JPY,0.012251
2013-05-17,CHF,1.297775
2013-05-17,CNY,0.204403
2013-05-17,HKD,0.161704
2013-05-17,MYR,0.415428
2013-05-17,ZAR,0.133782
2013-05-20,USD,1.255116
2013-05-20,EUR,1.613200
2013-05-20,GBP,1.907758
2013-05-20,JPY,0.012234
2013-05-20,CHF,1.294703
2013-05-20,CNY,0.204454
2013-05-20,HKD,0.161698
2013-05-20,MYR,0.416428
2013-05-20,ZAR,0.132663
2013-05-21,USD,1.259832
2013-05-21,EUR,1.620900
2013-05-21,GBP,1.908962
2013-05-21,JPY,0.012249
2013-05-21,CHF,1.299214
2013-05-21,CNY,0.205294
2013-05-21,HKD,0.162312
2013-05-21,MYR,0.417166
2013-05-21,ZAR,0.131898
2013-05-22,USD,1.262400
2013-05-22,EUR,1.631400
2013-05-22,GBP,1.906509
2013-05-22,JPY,0.012242
2013-05-22,CHF,1.294865
2013-05-22,CNY,0.205902
2013-05-22,HKD,0.162650
2013-05-22,MYR,0.417804
2013-05-22,ZAR,0.132811
2013-05-23,USD,1.264820
2013-05-23,EUR,1.630100
2013-05-23,GBP,1.906215
2013-05-23,JPY,0.012437
2013-05-23,CHF,1.305542
2013-05-23,CNY,0.206198
2013-05-23,HKD,0.162938
2013-05-23,MYR,0.417332
2013-05-23,ZAR,0.131820
2013-05-24,USD,1.264394
2013-05-24,EUR,1.636000
2013-05-24,GBP,1.909096
2013-05-24,JPY,0.012465
2013-05-24,CHF,1.312370
2013-05-24,CNY,0.206199
2013-05-24,HKD,0.162870
2013-05-24,MYR,0.416677
2013-05-24,ZAR,0.132230
2013-05-27,USD,1.259216
2013-05-27,EUR,1.629300
2013-05-27,GBP,1.904278
2013-05-27,JPY,0.012476
2013-05-27,CHF,1.308465
2013-05-27,CNY,0.205717
2013-05-27,HKD,0.162195
2013-05-27,MYR,0.415744
2013-05-27,ZAR,0.130947
2013-05-28,USD,1.264492
2013-05-28,EUR,1.636000
2013-05-28,GBP,1.912779
2013-05-28,JPY,0.012396
2013-05-28,CHF,1.305354
2013-05-28,CNY,0.206566
2013-05-28,HKD,0.162875
2013-05-28,MYR,0.415756
2013-05-28,ZAR,0.130158
2013-05-29,USD,1.266523
2013-05-29,EUR,1.640400
2013-05-29,GBP,1.914231
2013-05-29,JPY,0.012532
2013-05-29,CHF,1.314423
2013-05-29,CNY,0.206641
2013-05-29,HKD,0.163131
2013-05-29,MYR,0.411406
2013-05-29,ZAR,0.129457
2013-05-30,USD,1.266687
2013-05-30,EUR,1.639600
2013-05-30,GBP,1.916092
2013-05-30,JPY,0.012450
2013-05-30,CHF,1.313046
2013-05-30,CNY,0.206426
2013-05-30,HKD,0.163144
2013-05-30,MYR,0.411391
2013-05-30,ZAR,0.126760
2013-05-31,USD,1.261879
2013-05-31,EUR,1.641200
2013-05-31,GBP,1.922568
2013-05-31,JPY,0.012579
2013-05-31,CHF,1.322908
2013-05-31,CNY,0.205693
2013-05-31,HKD,0.162526
2013-05-31,MYR,0.407579
2013-05-31,ZAR,0.124170
2013-06-03,USD,1.258226
2013-06-03,EUR,1.636700
2013-06-03,GBP,1.921460
2013-06-03,JPY,0.012554
2013-06-03,CHF,1.313985
2013-06-03,CNY,0.205201
2013-06-03,HKD,0.162067
2013-06-03,MYR,0.406008
2013-06-03,ZAR,0.126232
2013-06-04,USD,1.251299
2013-06-04,EUR,1.638200
2013-06-04,GBP,1.914232
2013-06-04,JPY,0.012479
2013-06-04,CHF,1.321449
2013-06-04,CNY,0.204170
2013-06-04,HKD,0.161221
2013-06-04,MYR,0.404364
2013-06-04,ZAR,0.128917
2013-06-05,USD,1.248412
2013-06-05,EUR,1.631300
2013-06-05,GBP,1.916809
2013-06-05,JPY,0.012536
2013-06-05,CHF,1.318648
2013-06-05,CNY,0.203732
2013-06-05,HKD,0.160856
2013-06-05,MYR,0.405433
2013-06-05,ZAR,0.125968
2013-06-06,USD,1.248285
2013-06-06,EUR,1.637500
2013-06-06,GBP,1.928513
2013-06-06,JPY,0.012600
2013-06-06,CHF,1.325160
2013-06-06,CNY,0.203434
2013-06-06,HKD,0.160799
2013-06-06,MYR,0.404541
2013-06-06,ZAR,0.125527
2013-06-07,USD,1.242836
2013-06-07,EUR,1.648000
2013-06-07,GBP,1.935863
2013-06-07,JPY,0.012996
2013-06-07,CHF,1.342785
2013-06-07,CNY,0.202636
2013-06-07,HKD,0.160112
2013-06-07,MYR,0.401755
2013-06-07,ZAR,0.124469
2013-06-10,USD,1.259066
2013-06-10,EUR,1.663100
2013-06-10,GBP,1.955668
2013-06-10,JPY,0.012747
2013-06-10,CHF,1.341751
2013-06-10,CNY,0.205278
2013-06-10,HKD,0.162176
2013-06-10,MYR,0.400979
2013-06-10,ZAR,0.124029
2013-06-11,USD,1.259926
2013-06-11,EUR,1.672300
2013-06-11,GBP,1.958426
2013-06-11,JPY,0.013004
2013-06-11,CHF,1.359041
2013-06-11,CNY,0.205417
2013-06-11,HKD,0.162269
2013-06-11,MYR,0.399279
2013-06-11,ZAR,0.122634
2013-06-12,USD,1.255705
2013-06-12,EUR,1.667200
2013-06-12,GBP,1.965458
2013-06-12,JPY,0.012995
2013-06-12,CHF,1.352917
2013-06-12,CNY,0.204730
2013-06-12,HKD,0.161715
2013-06-12,MYR,0.400991
2013-06-12,ZAR,0.125359
2013-06-13,USD,1.251896
2013-06-13,EUR,1.666900
2013-06-13,GBP,1.962213
2013-06-13,JPY,0.013297
2013-06-13,CHF,1.356306
2013-06-13,CNY,0.204077
2013-06-13,HKD,0.161229
2013-06-13,MYR,0.399621
2013-06-13,ZAR,0.126001
2013-06-14,USD,1.250695
2013-06-14,EUR,1.663800
2013-06-14,GBP,1.953964
2013-06-14,JPY,0.013166
2013-06-14,CHF,1.350268
2013-06-14,CNY,0.204002
2013-06-14,HKD,0.161130
2013-06-14,MYR,0.401448
2013-06-14,ZAR,0.125997
2013-06-17,USD,1.253730
2013-06-17,EUR,1.672100
2013-06-17,GBP,1.972863
2013-06-17,JPY,0.013233
2013-06-17,CHF,1.358547
2013-06-17,CNY,0.204693
2013-06-17,HKD,0.161570
2013-06-17,MYR,0.400417
2013-06-17,ZAR,0.126957
2013-06-18,USD,1.260281
2013-06-18,EUR,1.685500
2013-06-18,GBP,1.968582
2013-06-18,JPY,0.013214
2013-06-18,CHF,1.368656
2013-06-18,CNY,0.205642
2013-06-18,HKD,0.162439
2013-06-18,MYR,0.399455
2013-06-18,ZAR,0.125645
2013-06-19,USD,1.256229
2013-06-19,EUR,1.684100
2013-06-19,GBP,1.967866
2013-06-19,JPY,0.013215
2013-06-19,CHF,1.366299
2013-06-19,CNY,0.205030
2013-06-19,HKD,0.161962
2013-06-19,MYR,0.398604
2013-06-19,ZAR,0.126305
2013-06-20,USD,1.273712
2013-06-20,EUR,1.681300
2013-06-20,GBP,1.967583
2013-06-20,JPY,0.013007
2013-06-20,CHF,1.364802
2013-06-20,CNY,0.207845
2013-06-20,HKD,0.164230
2013-06-20,MYR,0.397583
2013-06-20,ZAR,0.124648
2013-06-21,USD,1.273900
2013-06-21,EUR,1.679000
2013-06-21,GBP,1.967655
2013-06-21,JPY,0.013050
2013-06-21,CHF,1.369829
2013-06-21,CNY,0.207715
2013-06-21,HKD,0.164223
2013-06-21,MYR,0.397660
2013-06-21,ZAR,0.124457
2013-06-24,USD,1.279688
2013-06-24,EUR,1.674600
2013-06-24,GBP,1.967456
2013-06-24,JPY,0.013028
2013-06-24,CHF,1.368025
2013-06-24,CNY,0.208245
2013-06-24,HKD,0.164953
2013-06-24,MYR,0.397654
2013-06-24,ZAR,0.126089
2013-06-25,USD,1.266712
2013-06-25,EUR,1.663700
2013-06-25,GBP,1.960523
2013-06-25,JPY,0.013019
2013-06-25,CHF,1.356130
2013-06-25,CNY,0.206141
2013-06-25,HKD,0.163306
2013-06-25,MYR,0.398024
2013-06-25,ZAR,0.126913
2013-06-26,USD,1.274724
2013-06-26,EUR,1.660200
2013-06-26,GBP,1.957321
2013-06-26,JPY,0.013039
2013-06-26,CHF,1.353939
2013-06-26,CNY,0.207357
2013-06-26,HKD,0.164298
2013-06-26,MYR,0.397367
2013-06-26,ZAR,0.126095
2013-06-27,USD,1.263428
2013-06-27,EUR,1.646500
2013-06-27,GBP,1.930020
2013-06-27,JPY,0.012870
2013-06-27,CHF,1.335794
2013-06-27,CNY,0.205473
2013-06-27,HKD,0.162871
2013-06-27,MYR,0.398071
2013-06-27,ZAR,0.127006
2013-06-28,USD,1.264908
2013-06-28,EUR,1.654500
2013-06-28,GBP,1.930121
2013-06-28,JPY,0.012787
2013-06-28,CHF,1.340979
2013-06-28,CNY,0.206091
2013-06-28,HKD,0.163042
2013-06-28,MYR,0.400218
2013-06-28,ZAR,0.126584
2013-07-01,USD,1.267853
2013-07-01,EUR,1.652900
2013-07-01,GBP,1.930394
2013-07-01,JPY,0.012716
2013-07-01,CHF,1.339465
2013-07-01,CNY,0.206737
2013-07-01,HKD,0.163479
2013-07-01,MYR,0.400645
2013-07-01,ZAR,0.127611
2013-07-02,USD,1.267880
2013-07-02,EUR,1.650400
2013-07-02,GBP,1.923767
2013-07-02,JPY,0.012688
2013-07-02,CHF,1.335924
2013-07-02,CNY,0.206732
2013-07-02,HKD,0.163531
2013-07-02,MYR,0.400291
2013-07-02,ZAR,0.127553
2013-07-03,USD,1.274018
2013-07-03,EUR,1.651000
2013-07-03,GBP,1.944183
2013-07-03,JPY,0.012813
2013-07-03,CHF,1.343915
2013-07-03,CNY,0.207806
2013-07-03,HKD,0.164303
2013-07-03,MYR,0.399806
2013-07-03,ZAR,0.126378
2013-07-04,USD,1.272720
2013-07-04,EUR,1.652500
2013-07-04,GBP,1.921959
2013-07-04,JPY,0.012747
2013-07-04,CHF,1.340445
2013-07-04,CNY,0.207765
2013-07-04,HKD,0.164139
2013-07-04,MYR,0.400140
2013-07-04,ZAR,0.126347
2013-07-05,USD,1.275402
2013-07-05,EUR,1.643100
2013-07-05,GBP,1.909360
2013-07-05,JPY,0.012740
2013-07-05,CHF,1.330661
2013-07-05,CNY,0.207972
2013-07-05,HKD,0.164488
2013-07-05,MYR,0.400005
2013-07-05,ZAR,0.127481
2013-07-08,USD,1.281712
2013-07-08,EUR,1.647000
2013-07-08,GBP,1.911560
2013-07-08,JPY,0.012665
2013-07-08,CHF,1.327797
2013-07-08,CNY,0.208962
2013-07-08,HKD,0.165259
2013-07-08,MYR,0.400301
2013-07-08,ZAR,0.125874
2013-07-09,USD,1.278292
2013-07-09,EUR,1.643500
2013-07-09,GBP,1.900000
2013-07-09,JPY,0.012636
2013-07-09,CHF,1.319868
2013-07-09,CNY,0.208537
2013-07-09,HKD,0.164790
2013-07-09,MYR,0.400991
2013-07-09,ZAR,0.127359
2013-07-10,USD,1.276126
2013-07-10,EUR,1.635100
2013-07-10,GBP,1.900837
2013-07-10,JPY,0.012730
2013-07-10,CHF,1.314389
2013-07-10,CNY,0.208025
2013-07-10,HKD,0.164514
2013-07-10,MYR,0.401320
2013-07-10,ZAR,0.127038
2013-07-11,USD,1.261883
2013-07-11,EUR,1.646000
2013-07-11,GBP,1.907521
2013-07-11,JPY,0.012698
2013-07-11,CHF,1.325922
2013-07-11,CNY,0.205796
2013-07-11,HKD,0.162684
2013-07-11,MYR,0.398287
2013-07-11,ZAR,0.126783
2013-07-12,USD,1.265920
2013-07-12,EUR,1.650000
2013-07-12,GBP,1.912600
2013-07-12,JPY,0.012717
2013-07-12,CHF,1.331934
2013-07-12,CNY,0.206237
2013-07-12,HKD,0.163195
2013-07-12,MYR,0.398397
2013-07-12,ZAR,0.126022
2013-07-15,USD,1.267369
2013-07-15,EUR,1.649100
2013-07-15,GBP,1.907135
2013-07-15,JPY,0.012619
2013-07-15,CHF,1.330563
2013-07-15,CNY,0.206486
2013-07-15,HKD,0.163358
2013-07-15,MYR,0.397249
2013-07-15,ZAR,0.127479
2013-07-16,USD,1.259110
2013-07-16,EUR,1.651700
2013-07-16,GBP,1.900035
2013-07-16,JPY,0.012671
2013-07-16,CHF,1.335139
2013-07-16,CNY,0.205234
2013-07-16,HKD,0.162302
2013-07-16,MYR,0.396357
2013-07-16,ZAR,0.128531
2013-07-17,USD,1.263627
2013-07-17,EUR,1.659900
2013-07-17,GBP,1.923072
2013-07-17,JPY,0.012657
2013-07-17,CHF,1.345138
2013-07-17,CNY,0.205956
2013-07-17,HKD,0.162890
2013-07-17,MYR,0.395931
2013-07-17,ZAR,0.127520
2013-07-18,USD,1.267395
2013-07-18,EUR,1.659400
2013-07-18,GBP,1.927518
2013-07-18,JPY,0.012646
2013-07-18,CHF,1.341471
2013-07-18,CNY,0.206373
2013-07-18,HKD,0.163381
2013-07-18,MYR,0.396900
2013-07-18,ZAR,0.128561
2013-07-19,USD,1.264269
2013-07-19,EUR,1.659100
2013-07-19,GBP,1.929298
2013-07-19,JPY,0.012600
2013-07-19,CHF,1.342205
2013-07-19,CNY,0.205977
2013-07-19,HKD,0.162970
2013-07-19,MYR,0.395825
2013-07-19,ZAR,0.128289
2013-07-22,USD,1.262190
2013-07-22,EUR,1.661800
2013-07-22,GBP,1.934575
2013-07-22,JPY,0.012640
2013-07-22,CHF,1.343411
2013-07-22,CNY,0.205526
2013-07-22,HKD,0.162693
2013-07-22,MYR,0.396867
2013-07-22,ZAR,0.128366
2013-07-23,USD,1.266768
2013-07-23,EUR,1.669600
2013-07-23,GBP,1.942412
2013-07-23,JPY,0.012657
2013-07-23,CHF,1.347865
2013-07-23,CNY,0.206401
2013-07-23,HKD,0.163294
2013-07-23,MYR,0.398539
2013-07-23,ZAR,0.128932
2013-07-24,USD,1.265590
2013-07-24,EUR,1.676400
2013-07-24,GBP,1.943427
2013-07-24,JPY,0.012643
2013-07-24,CHF,1.353245
2013-07-24,CNY,0.206291
2013-07-24,HKD,0.163149
2013-07-24,MYR,0.397044
2013-07-24,ZAR,0.131482
2013-07-25,USD,1.267990
2013-07-25,EUR,1.674000
2013-07-25,GBP,1.938173
2013-07-25,JPY,0.012700
2013-07-25,CHF,1.353821
2013-07-25,CNY,0.206687
2013-07-25,HKD,0.163451
2013-07-25,MYR,0.396429
2013-07-25,ZAR,0.129148
2013-07-26,USD,1.264329
2013-07-26,EUR,1.676500
2013-07-26,GBP,1.947041
2013-07-26,JPY,0.012813
2013-07-26,CHF,1.359251
2013-07-26,CNY,0.206199
2013-07-26,HKD,0.163000
2013-07-26,MYR,0.394155
2013-07-26,ZAR,0.129796
2013-07-29,USD,1.267370
2013-07-29,EUR,1.681800
2013-07-29,GBP,1.947880
2013-07-29,JPY,0.012946
2013-07-29,CHF,1.363990
2013-07-29,CNY,0.206668
2013-07-29,HKD,0.163380
2013-07-29,MYR,0.392861
2013-07-29,ZAR,0.129010
2013-07-30,USD,1.270099
2013-07-30,EUR,1.687200
2013-07-30,GBP,1.945235
2013-07-30,JPY,0.012979
2013-07-30,CHF,1.367815
2013-07-30,CNY,0.207143
2013-07-30,HKD,0.163769
2013-07-30,MYR,0.393764
2013-07-30,ZAR,0.128670
2013-07-31,USD,1.272994
2013-07-31,EUR,1.689900
2013-07-31,GBP,1.934631
2013-07-31,JPY,0.012999
2013-07-31,CHF,1.372006
2013-07-31,CNY,0.207704
2013-07-31,HKD,0.164154
2013-07-31,MYR,0.391607
2013-07-31,ZAR,0.129257
2013-08-01,USD,1.271985
2013-08-01,EUR,1.683600
2013-08-01,GBP,1.936954
2013-08-01,JPY,0.012882
2013-08-01,CHF,1.366891
2013-08-01,CNY,0.207488
2013-08-01,HKD,0.164004
2013-08-01,MYR,0.392283
2013-08-01,ZAR,0.128743
2013-08-02,USD,1.276074
2013-08-02,EUR,1.684800
2013-08-02,GBP,1.933551
2013-08-02,JPY,0.012785
2013-08-02,CHF,1.360575
2013-08-02,CNY,0.208190
2013-08-02,HKD,0.164512
2013-08-02,MYR,0.391132
2013-08-02,ZAR,0.127318
2013-08-05,USD,1.268613
2013-08-05,EUR,1.681800
2013-08-05,GBP,1.945965
2013-08-05,JPY,0.012876
2013-08-05,CHF,1.361561
2013-08-05,CNY,0.207131
2013-08-05,HKD,0.163548
2013-08-05,MYR,0.392577
2013-08-05,ZAR,0.128826
2013-08-06,USD,1.268223
2013-08-06,EUR,1.684200
2013-08-06,GBP,1.945365
2013-08-06,JPY,0.012929
2013-08-06,CHF,1.367823
2013-08-06,CNY,0.207171
2013-08-06,HKD,0.163511
2013-08-06,MYR,0.390621
2013-08-06,ZAR,0.128338
2013-08-07,USD,1.267794
2013-08-07,EUR,1.686800
2013-08-07,GBP,1.962422
2013-08-07,JPY,0.013055
2013-08-07,CHF,1.369045
2013-08-07,CNY,0.207183
2013-08-07,HKD,0.163454
2013-08-07,MYR,0.389552
2013-08-07,ZAR,0.127682
2013-08-08,USD,1.261078
2013-08-08,EUR,1.684800
2013-08-08,GBP,1.954524
2013-08-08,JPY,0.013093
2013-08-08,CHF,1.368977
2013-08-08,CNY,0.206039
2013-08-08,HKD,0.162585
2013-08-08,MYR,0.388444
2013-08-08,ZAR,0.127704
2013-08-09,USD,1.258431
2013-08-09,EUR,1.682900
2013-08-09,GBP,1.953793
2013-08-09,JPY,0.013050
2013-08-09,CHF,1.367100
2013-08-09,CNY,0.205558
2013-08-09,HKD,0.162264
2013-08-09,MYR,0.386678
2013-08-09,ZAR,0.128793
2013-08-12,USD,1.262425
2013-08-12,EUR,1.676500
2013-08-12,GBP,1.952597
2013-08-12,JPY,0.013030
2013-08-12,CHF,1.360023
2013-08-12,CNY,0.206209
2013-08-12,HKD,0.162780
2013-08-12,MYR,0.388618
2013-08-12,ZAR,0.127806
2013-08-13,USD,1.265011
2013-08-13,EUR,1.681200
2013-08-13,GBP,1.955907
2013-08-13,JPY,0.012906
2013-08-13,CHF,1.360414
2013-08-13,CNY,0.206668
2013-08-13,HKD,0.163108
2013-08-13,MYR,0.388223
2013-08-13,ZAR,0.127153
2013-08-14,USD,1.271238
2013-08-14,EUR,1.683500
2013-08-14,GBP,1.970389
2013-08-14,JPY,0.012933
2013-08-14,CHF,1.356021
2013-08-14,CNY,0.207734
2013-08-14,HKD,0.163916
2013-08-14,MYR,0.388342
2013-08-14,ZAR,0.127413
2013-08-15,USD,1.271791
2013-08-15,EUR,1.691100
2013-08-15,GBP,1.981835
2013-08-15,JPY,0.012961
2013-08-15,CHF,1.360827
2013-08-15,CNY,0.208046
2013-08-15,HKD,0.164005
2013-08-15,MYR,0.388036
2013-08-15,ZAR,0.127896
2013-08-16,USD,1.270915
2013-08-16,EUR,1.695400
2013-08-16,GBP,1.986991
2013-08-16,JPY,0.013039
2013-08-16,CHF,1.372349
2013-08-16,CNY,0.207836
2013-08-16,HKD,0.163902
2013-08-16,MYR,0.387804
2013-08-16,ZAR,0.127055
2013-08-19,USD,1.275929
2013-08-19,EUR,1.702600
2013-08-19,GBP,1.996248
2013-08-19,JPY,0.013025
2013-08-19,CHF,1.378400
2013-08-19,CNY,0.208386
2013-08-19,HKD,0.164518
2013-08-19,MYR,0.388163
2013-08-19,ZAR,0.125423
2013-08-20,USD,1.275911
2013-08-20,EUR,1.708700
2013-08-20,GBP,1.998713
2013-08-20,JPY,0.013111
2013-08-20,CHF,1.386594
2013-08-20,CNY,0.208325
2013-08-20,HKD,0.164539
2013-08-20,MYR,0.388288
2013-08-20,ZAR,0.125589
2013-08-21,USD,1.276674
2013-08-21,EUR,1.708700
2013-08-21,GBP,2.003283
2013-08-21,JPY,0.013091
2013-08-21,CHF,1.388058
2013-08-21,CNY,0.208490
2013-08-21,HKD,0.164632
2013-08-21,MYR,0.387636
2013-08-21,ZAR,0.125174
2013-08-22,USD,1.282819
2013-08-22,EUR,1.709100
2013-08-22,GBP,1.998830
2013-08-22,JPY,0.013002
2013-08-22,CHF,1.383999
2013-08-22,CNY,0.209577
2013-08-22,HKD,0.165405
2013-08-22,MYR,0.386919
2013-08-22,ZAR,0.124106
2013-08-23,USD,1.281917
2013-08-23,EUR,1.712000
2013-08-23,GBP,1.992783
2013-08-23,JPY,0.012935
2013-08-23,CHF,1.385337
2013-08-23,CNY,0.209396
2013-08-23,HKD,0.165284
2013-08-23,MYR,0.388341
2013-08-23,ZAR,0.124993
2013-08-26,USD,1.279620
2013-08-26,EUR,1.709700
2013-08-26,GBP,1.991497
2013-08-26,JPY,0.012978
2013-08-26,CHF,1.384148
2013-08-26,CNY,0.209002
2013-08-26,HKD,0.165002
2013-08-26,MYR,0.386924
2013-08-26,ZAR,0.124902
2013-08-27,USD,1.284675
2013-08-27,EUR,1.713500
2013-08-27,GBP,1.990359
2013-08-27,JPY,0.013174
2013-08-27,CHF,1.393883
2013-08-27,CNY,0.209857
2013-08-27,HKD,0.165623
2013-08-27,MYR,0.385672
2013-08-27,ZAR,0.123575
2013-08-28,USD,1.282086
2013-08-28,EUR,1.711200
2013-08-28,GBP,1.982391
2013-08-28,JPY,0.013153
2013-08-28,CHF,1.392352
2013-08-28,CNY,0.209485
2013-08-28,HKD,0.165316
2013-08-28,MYR,0.384487
2013-08-28,ZAR,0.122899
2013-08-29,USD,1.275064
2013-08-29,EUR,1.691500
2013-08-29,GBP,1.978594
2013-08-29,JPY,0.012978
2013-08-29,CHF,1.374309
2013-08-29,CNY,0.208277
2013-08-29,HKD,0.164405
2013-08-29,MYR,0.386593
2013-08-29,ZAR,0.123500
2013-08-30,USD,1.274424
2013-08-30,EUR,1.686700
2013-08-30,GBP,1.975174
2013-08-30,JPY,0.012974
2013-08-30,CHF,1.370187
2013-08-30,CNY,0.208289
2013-08-30,HKD,0.164352
2013-08-30,MYR,0.387266
2013-08-30,ZAR,0.123414
2013-09-02,USD,1.273491
2013-09-02,EUR,1.681900
2013-09-02,GBP,1.983958
2013-09-02,JPY,0.012830
2013-09-02,CHF,1.365511
2013-09-02,CNY,0.208099
2013-09-02,HKD,0.164219
2013-09-02,MYR,0.389149
2013-09-02,ZAR,0.124755
2013-09-03,USD,1.278166
2013-09-03,EUR,1.683600
2013-09-03,GBP,1.987018
2013-09-03,JPY,0.012854
2013-09-03,CHF,1.366004
2013-09-03,CNY,0.208829
2013-09-03,HKD,0.164826
2013-09-03,MYR,0.388813
2013-09-03,ZAR,0.123832
2013-09-04,USD,1.274467
2013-09-04,EUR,1.678600
2013-09-04,GBP,1.989334
2013-09-04,JPY,0.012808
2013-09-04,CHF,1.359741
2013-09-04,CNY,0.208242
2013-09-04,HKD,0.164335
2013-09-04,MYR,0.388080
2013-09-04,ZAR,0.124429
2013-09-05,USD,1.277231
2013-09-05,EUR,1.686200
2013-09-05,GBP,2.000000
2013-09-05,JPY,0.012809
2013-09-05,CHF,1.360936
2013-09-05,CNY,0.208745
2013-09-05,HKD,0.164681
2013-09-05,MYR,0.386247
2013-09-05,ZAR,0.124019
2013-09-06,USD,1.278494
2013-09-06,EUR,1.677000
2013-09-06,GBP,1.991686
2013-09-06,JPY,0.012830
2013-09-06,CHF,1.354385
2013-09-06,CNY,0.208922
2013-09-06,HKD,0.164845
2013-09-06,MYR,0.384052
2013-09-06,ZAR,0.125569
2013-09-09,USD,1.271714
2013-09-09,EUR,1.677900
2013-09-09,GBP,1.994413
2013-09-09,JPY,0.012779
2013-09-09,CHF,1.358623
2013-09-09,CNY,0.207764
2013-09-09,HKD,0.163981
2013-09-09,MYR,0.386364
2013-09-09,ZAR,0.126885
2013-09-10,USD,1.268429
2013-09-10,EUR,1.679400
2013-09-10,GBP,1.990282
2013-09-10,JPY,0.012646
2013-09-10,CHF,1.355229
2013-09-10,CNY,0.207259
2013-09-10,HKD,0.163571
2013-09-10,MYR,0.387137
2013-09-10,ZAR,0.126859
2013-09-11,USD,1.268692
2013-09-11,EUR,1.683300
2013-09-11,GBP,2.000594
2013-09-11,JPY,0.012660
2013-09-11,CHF,1.358048
2013-09-11,CNY,0.207336
2013-09-11,HKD,0.163605
2013-09-11,MYR,0.388762
2013-09-11,ZAR,0.127833
2013-09-12,USD,1.267720
2013-09-12,EUR,1.684800
2013-09-12,GBP,2.003329
2013-09-12,JPY,0.012746
2013-09-12,CHF,1.362225
2013-09-12,CNY,0.207212
2013-09-12,HKD,0.163486
2013-09-12,MYR,0.387123
2013-09-12,ZAR,0.127694
2013-09-13,USD,1.268597
2013-09-13,EUR,1.686600
2013-09-13,GBP,2.008096
2013-09-13,JPY,0.012736
2013-09-13,CHF,1.362799
2013-09-13,CNY,0.207329
2013-09-13,HKD,0.163603
2013-09-13,MYR,0.385420
2013-09-13,ZAR,0.127322
2013-09-16,USD,1.259564
2013-09-16,EUR,1.682400
2013-09-16,GBP,2.006440
2013-09-16,JPY,0.012741
2013-09-16,CHF,1.359625
2013-09-16,CNY,0.205803
2013-09-16,HKD,0.162441
2013-09-16,MYR,0.382842
2013-09-16,ZAR,0.129187
2013-09-17,USD,1.260332
2013-09-17,EUR,1.683300
2013-09-17,GBP,2.004645
2013-09-17,JPY,0.012710
2013-09-17,CHF,1.360242
2013-09-17,CNY,0.205886
2013-09-17,HKD,0.162537
2013-09-17,MYR,0.388511
2013-09-17,ZAR,0.128125
2013-09-18,USD,1.258613
2013-09-18,EUR,1.680500
2013-09-18,GBP,2.010648
2013-09-18,JPY,0.012714
2013-09-18,CHF,1.358529
2013-09-18,CNY,0.205616
2013-09-18,HKD,0.162320
2013-09-18,MYR,0.389131
2013-09-18,ZAR,0.127985
2013-09-19,USD,1.244518
2013-09-19,EUR,1.685700
2013-09-19,GBP,2.002019
2013-09-19,JPY,0.012571
2013-09-19,CHF,1.366821
2013-09-19,CNY,0.203373
2013-09-19,HKD,0.160508
2013-09-19,MYR,0.394648
2013-09-19,ZAR,0.129223
2013-09-20,USD,1.249297
2013-09-20,EUR,1.688300
2013-09-20,GBP,2.001304
2013-09-20,JPY,0.012546
2013-09-20,CHF,1.369262
2013-09-20,CNY,0.204118
2013-09-20,HKD,0.161145
2013-09-20,MYR,0.394721
2013-09-20,ZAR,0.127611
2013-09-23,USD,1.251629
2013-09-23,EUR,1.690700
2013-09-23,GBP,2.009986
2013-09-23,JPY,0.012656
2013-09-23,CHF,1.371987
2013-09-23,CNY,0.204561
2013-09-23,HKD,0.161431
2013-09-23,MYR,0.391865
2013-09-23,ZAR,0.127245
2013-09-24,USD,1.255697
2013-09-24,EUR,1.691800
2013-09-24,GBP,2.003766
2013-09-24,JPY,0.012728
2013-09-24,CHF,1.376007
2013-09-24,CNY,0.205017
2013-09-24,HKD,0.161954
2013-09-24,MYR,0.390355
2013-09-24,ZAR,0.127144
2013-09-25,USD,1.254665
2013-09-25,EUR,1.694300
2013-09-25,GBP,2.013070
2013-09-25,JPY,0.012726
2013-09-25,CHF,1.377032
2013-09-25,CNY,0.204997
2013-09-25,HKD,0.161809
2013-09-25,MYR,0.389387
2013-09-25,ZAR,0.126767
2013-09-26,USD,1.255426
2013-09-26,EUR,1.694700
2013-09-26,GBP,2.013186
2013-09-26,JPY,0.012703
2013-09-26,CHF,1.379150
2013-09-26,CNY,0.205115
2013-09-26,HKD,0.161904
2013-09-26,MYR,0.390565
2013-09-26,ZAR,0.125790
2013-09-27,USD,1.254709
2013-09-27,EUR,1.698500
2013-09-27,GBP,2.022024
2013-09-27,JPY,0.012744
2013-09-27,CHF,1.386757
2013-09-27,CNY,0.205066
2013-09-27,HKD,0.161800
2013-09-27,MYR,0.388744
2013-09-27,ZAR,0.123833
2013-09-30,USD,1.255905
2013-09-30,EUR,1.696100
2013-09-30,GBP,2.028706
2013-09-30,JPY,0.012871
2013-09-30,CHF,1.387403
2013-09-30,CNY,0.205227
2013-09-30,HKD,0.161962
2013-09-30,MYR,0.384577
2013-09-30,ZAR,0.124727
2013-10-01,USD,1.252029
2013-10-01,EUR,1.697000
2013-10-01,GBP,2.033553
2013-10-01,JPY,0.012798
2013-10-01,CHF,1.384967
2013-10-01,CNY,0.204527
2013-10-01,HKD,0.161445
2013-10-01,MYR,0.386957
2013-10-01,ZAR,0.124427
2013-10-02,USD,1.251720
2013-10-02,EUR,1.691700
2013-10-02,GBP,2.028174
2013-10-02,JPY,0.012839
2013-10-02,CHF,1.381995
2013-10-02,CNY,0.204489
2013-10-02,HKD,0.161423
2013-10-02,MYR,0.387782
2013-10-02,ZAR,0.123796
2013-10-03,USD,1.248713
2013-10-03,EUR,1.697500
2013-10-03,GBP,2.022278
2013-10-03,JPY,0.012781
2013-10-03,CHF,1.382779
2013-10-03,CNY,0.204014
2013-10-03,HKD,0.161030
2013-10-03,MYR,0.390796
2013-10-03,ZAR,0.123679
2013-10-04,USD,1.246377
2013-10-04,EUR,1.694200
2013-10-04,GBP,2.000472
2013-10-04,JPY,0.012832
2013-10-04,CHF,1.380654
2013-10-04,CNY,0.203649
2013-10-04,HKD,0.160731
2013-10-04,MYR,0.392112
2013-10-04,ZAR,0.124700
2013-10-07,USD,1.247716
2013-10-07,EUR,1.693400
2013-10-07,GBP,2.007112
2013-10-07,JPY,0.012881
2013-10-07,CHF,1.381015
2013-10-07,CNY,0.203889
2013-10-07,HKD,0.160901
2013-10-07,MYR,0.391737
2013-10-07,ZAR,0.124376
2013-10-08,USD,1.248085
2013-10-08,EUR,1.694400
2013-10-08,GBP,2.010799
2013-10-08,JPY,0.012842
2013-10-08,CHF,1.379355
2013-10-08,CNY,0.203818
2013-10-08,HKD,0.160956
2013-10-08,MYR,0.391552
2013-10-08,ZAR,0.125842
2013-10-09,USD,1.251794
2013-10-09,EUR,1.691800
2013-10-09,GBP,1.998819
2013-10-09,JPY,0.012861
2013-10-09,CHF,1.373995
2013-10-09,CNY,0.204548
2013-10-09,HKD,0.161430
2013-10-09,MYR,0.391421
2013-10-09,ZAR,0.125252
2013-10-10,USD,1.250222
2013-10-10,EUR,1.691800
2013-10-10,GBP,1.994812
2013-10-10,JPY,0.012781
2013-10-10,CHF,1.374218
2013-10-10,CNY,0.204390
2013-10-10,HKD,0.161227
2013-10-10,MYR,0.392347
2013-10-10,ZAR,0.125416
2013-10-11,USD,1.245835
2013-10-11,EUR,1.690100
2013-10-11,GBP,1.990695
2013-10-11,JPY,0.012671
2013-10-11,CHF,1.372503
2013-10-11,CNY,0.203617
2013-10-11,HKD,0.160664
2013-10-11,MYR,0.391916
2013-10-11,ZAR,0.126237
2013-10-14,USD,1.244913
2013-10-14,EUR,1.688600
2013-10-14,GBP,1.990569
2013-10-14,JPY,0.012678
2013-10-14,CHF,1.369061
2013-10-14,CNY,0.203863
2013-10-14,HKD,0.160545
2013-10-14,MYR,0.391333
2013-10-14,ZAR,0.125274
2013-10-15,USD,1.242867
2013-10-15,EUR,1.677000
2013-10-15,GBP,1.981450
2013-10-15,JPY,0.012619
2013-10-15,CHF,1.356686
2013-10-15,CNY,0.203683
2013-10-15,HKD,0.160281
2013-10-15,MYR,0.390654
2013-10-15,ZAR,0.124962
2013-10-16,USD,1.243935
2013-10-16,EUR,1.686900
2013-10-16,GBP,1.994207
2013-10-16,JPY,0.012647
2013-10-16,CHF,1.366907
2013-10-16,CNY,0.203917
2013-10-16,HKD,0.160417
2013-10-16,MYR,0.392184
2013-10-16,ZAR,0.124854
2013-10-17,USD,1.240521
2013-10-17,EUR,1.694800
2013-10-17,GBP,1.999528
2013-10-17,JPY,0.012682
2013-10-17,CHF,1.374868
2013-10-17,CNY,0.203460
2013-10-17,HKD,0.159985
2013-10-17,MYR,0.393691
2013-10-17,ZAR,0.125954
2013-10-18,USD,1.237504
2013-10-18,EUR,1.693400
2013-10-18,GBP,2.003668
2013-10-18,JPY,0.012663
2013-10-18,CHF,1.371952
2013-10-18,CNY,0.202970
2013-10-18,HKD,0.159606
2013-10-18,MYR,0.392018
2013-10-18,ZAR,0.126495
2013-10-21,USD,1.241531
2013-10-21,EUR,1.696800
2013-10-21,GBP,2.004489
2013-10-21,JPY,0.012647
2013-10-21,CHF,1.373705
2013-10-21,CNY,0.203675
2013-10-21,HKD,0.160137
2013-10-21,MYR,0.391690
2013-10-21,ZAR,0.126065
2013-10-22,USD,1.240895
2013-10-22,EUR,1.696800
2013-10-22,GBP,2.001888
2013-10-22,JPY,0.012614
2013-10-22,CHF,1.373371
2013-10-22,CNY,0.203649
2013-10-22,HKD,0.160057
2013-10-22,MYR,0.391040
2013-10-22,ZAR,0.125619
2013-10-23,USD,1.239892
2013-10-23,EUR,1.705100
2013-10-23,GBP,2.002231
2013-10-23,JPY,0.012729
2013-10-23,CHF,1.385472
2013-10-23,CNY,0.203733
2013-10-23,HKD,0.159926
2013-10-23,MYR,0.391419
2013-10-23,ZAR,0.126639
2013-10-24,USD,1.236798
2013-10-24,EUR,1.707400
2013-10-24,GBP,2.000000
2013-10-24,JPY,0.012711
2013-10-24,CHF,1.387792
2013-10-24,CNY,0.203267
2013-10-24,HKD,0.159522
2013-10-24,MYR,0.392921
2013-10-24,ZAR,0.126635
2013-10-25,USD,1.236481
2013-10-25,EUR,1.703500
2013-10-25,GBP,1.999648
2013-10-25,JPY,0.012698
2013-10-25,CHF,1.379576
2013-10-25,CNY,0.203248
2013-10-25,HKD,0.159474
2013-10-25,MYR,0.391717
2013-10-25,ZAR,0.125718
2013-10-28,USD,1.237812
2013-10-28,EUR,1.706200
2013-10-28,GBP,1.999297
2013-10-28,JPY,0.012671
2013-10-28,CHF,1.382322
2013-10-28,CNY,0.203390
2013-10-28,HKD,0.159650
2013-10-28,MYR,0.394771
2013-10-28,ZAR,0.125807
2013-10-29,USD,1.240195
2013-10-29,EUR,1.707500
2013-10-29,GBP,1.993113
2013-10-29,JPY,0.012659
2013-10-29,CHF,1.381696
2013-10-29,CNY,0.203625
2013-10-29,HKD,0.159955
2013-10-29,MYR,0.394305
2013-10-29,ZAR,0.125540
2013-10-30,USD,1.237514
2013-10-30,EUR,1.702200
2013-10-30,GBP,1.988784
2013-10-30,JPY,0.012599
2013-10-30,CHF,1.378634
2013-10-30,CNY,0.203051
2013-10-30,HKD,0.159615
2013-10-30,MYR,0.393209
2013-10-30,ZAR,0.125378
2013-10-31,USD,1.238692
2013-10-31,EUR,1.689700
2013-10-31,GBP,1.987415
2013-10-31,JPY,0.012611
2013-10-31,CHF,1.370064
2013-10-31,CNY,0.203311
2013-10-31,HKD,0.159769
2013-10-31,MYR,0.392561
2013-10-31,ZAR,0.124105
2013-11-01,USD,1.242725
2013-11-01,EUR,1.678300
2013-11-01,GBP,1.982986
2013-11-01,JPY,0.012628
2013-11-01,CHF,1.363363
2013-11-01,CNY,0.203724
2013-11-01,HKD,0.160296
2013-11-01,MYR,0.391002
2013-11-01,ZAR,0.122403
2013-11-04,USD,1.243299
2013-11-04,EUR,1.679200
2013-11-04,GBP,1.985809
2013-11-04,JPY,0.012599
2013-11-04,CHF,1.362876
2013-11-04,CNY,0.203759
2013-11-04,HKD,0.160382
2013-11-04,MYR,0.391157
2013-11-04,ZAR,0.122134
2013-11-05,USD,1.240922
2013-11-05,EUR,1.674500
2013-11-05,GBP,1.992741
2013-11-05,JPY,0.012629
2013-11-05,CHF,1.361714
2013-11-05,CNY,0.203510
2013-11-05,HKD,0.160086
2013-11-05,MYR,0.391065
2013-11-05,ZAR,0.121232
2013-11-06,USD,1.242214
2013-11-06,EUR,1.679100
2013-11-06,GBP,1.998215
2013-11-06,JPY,0.012594
2013-11-06,CHF,1.362795
2013-11-06,CNY,0.203908
2013-11-06,HKD,0.160253
2013-11-06,MYR,0.390752
2013-11-06,ZAR,0.121647
2013-11-07,USD,1.243397
2013-11-07,EUR,1.661800
2013-11-07,GBP,1.997116
2013-11-07,JPY,0.012589
2013-11-07,CHF,1.351277
2013-11-07,CNY,0.204102
2013-11-07,HKD,0.160405
2013-11-07,MYR,0.390984
2013-11-07,ZAR,0.121410
2013-11-08,USD,1.241829
2013-11-08,EUR,1.667900
2013-11-08,GBP,1.996887
2013-11-08,JPY,0.012676
2013-11-08,CHF,1.355796
2013-11-08,CNY,0.203845
2013-11-08,HKD,0.160201
2013-11-08,MYR,0.390700
2013-11-08,ZAR,0.121417
2013-11-11,USD,1.248320
2013-11-11,EUR,1.672000
2013-11-11,GBP,1.994989
2013-11-11,JPY,0.012585
2013-11-11,CHF,1.356262
2013-11-11,CNY,0.204935
2013-11-11,HKD,0.161012
2013-11-11,MYR,0.390126
2013-11-11,ZAR,0.120518
2013-11-12,USD,1.249628
2013-11-12,EUR,1.678500
2013-11-12,GBP,1.987096
2013-11-12,JPY,0.012538
2013-11-12,CHF,1.361535
2013-11-12,CNY,0.205133
2013-11-12,HKD,0.161177
2013-11-12,MYR,0.389010
2013-11-12,ZAR,0.120323
2013-11-13,USD,1.248379
2013-11-13,EUR,1.674700
2013-11-13,GBP,1.993928
2013-11-13,JPY,0.012566
2013-11-13,CHF,1.359776
2013-11-13,CNY,0.204894
2013-11-13,HKD,0.161016
2013-11-13,MYR,0.388697
2013-11-13,ZAR,0.120650
2013-11-14,USD,1.247767
2013-11-14,EUR,1.676500
2013-11-14,GBP,2.002628
2013-11-14,JPY,0.012487
2013-11-14,CHF,1.359471
2013-11-14,CNY,0.204833
2013-11-14,HKD,0.160928
2013-11-14,MYR,0.389304
2013-11-14,ZAR,0.120709
2013-11-15,USD,1.247474
2013-11-15,EUR,1.679100
2013-11-15,GBP,2.004417
2013-11-15,JPY,0.012439
2013-11-15,CHF,1.360036
2013-11-15,CNY,0.204756
2013-11-15,HKD,0.160890
2013-11-15,MYR,0.389555
2013-11-15,ZAR,0.122486
2013-11-18,USD,1.245987
2013-11-18,EUR,1.684200
2013-11-18,GBP,2.007868
2013-11-18,JPY,0.012454
2013-11-18,CHF,1.366935
2013-11-18,CNY,0.204572
2013-11-18,HKD,0.160717
2013-11-18,MYR,0.391192
2013-11-18,ZAR,0.123240
2013-11-19,USD,1.243297
2013-11-19,EUR,1.678700
2013-11-19,GBP,2.002027
2013-11-19,JPY,0.012445
2013-11-19,CHF,1.361145
2013-11-19,CNY,0.204038
2013-11-19,HKD,0.160383
2013-11-19,MYR,0.391159
2013-11-19,ZAR,0.122960
2013-11-20,USD,1.243883
2013-11-20,EUR,1.682600
2013-11-20,GBP,2.008715
2013-11-20,JPY,0.012445
2013-11-20,CHF,1.365414
2013-11-20,CNY,0.204115
2013-11-20,HKD,0.160466
2013-11-20,MYR,0.391111
2013-11-20,ZAR,0.122982
2013-11-21,USD,1.248367
2013-11-21,EUR,1.681800
2013-11-21,GBP,2.014132
2013-11-21,JPY,0.012382
2013-11-21,CHF,1.365319
2013-11-21,CNY,0.204893
2013-11-21,HKD,0.161040
2013-11-21,MYR,0.389504
2013-11-21,ZAR,0.123029
2013-11-22,USD,1.251369
2013-11-22,EUR,1.691600
2013-11-22,GBP,2.027325
2013-11-22,JPY,0.012371
2013-11-22,CHF,1.375061
2013-11-22,CNY,0.205329
2013-11-22,HKD,0.161409
2013-11-22,MYR,0.388525
2013-11-22,ZAR,0.123940
2013-11-25,USD,1.252331
2013-11-25,EUR,1.692400
2013-11-25,GBP,2.027312
2013-11-25,JPY,0.012302
2013-11-25,CHF,1.374706
2013-11-25,CNY,0.205528
2013-11-25,HKD,0.161530
2013-11-25,MYR,0.389004
2013-11-25,ZAR,0.124473
2013-11-26,USD,1.252307
2013-11-26,EUR,1.696500
2013-11-26,GBP,2.023739
2013-11-26,JPY,0.012353
2013-11-26,CHF,1.377924
2013-11-26,CNY,0.205562
2013-11-26,HKD,0.161538
2013-11-26,MYR,0.388883
2013-11-26,ZAR,0.123807
2013-11-27,USD,1.254487
2013-11-27,EUR,1.705600
2013-11-27,GBP,2.044961
2013-11-27,JPY,0.012321
2013-11-27,CHF,1.386103
2013-11-27,CNY,0.205893
2013-11-27,HKD,0.161812
2013-11-27,MYR,0.388325
2013-11-27,ZAR,0.123257
2013-11-28,USD,1.255665
2013-11-28,EUR,1.706700
2013-11-28,GBP,2.050952
2013-11-28,JPY,0.012273
2013-11-28,CHF,1.384971
2013-11-28,CNY,0.206101
2013-11-28,HKD,0.161964
2013-11-28,MYR,0.388451
2013-11-28,ZAR,0.122806
2013-11-29,USD,1.255014
2013-11-29,EUR,1.708200
2013-11-29,GBP,2.051276
2013-11-29,JPY,0.012271
2013-11-29,CHF,1.389006
2013-11-29,CNY,0.205916
2013-11-29,HKD,0.161879
2013-11-29,MYR,0.389067
2013-11-29,ZAR,0.123238
2013-12-02,USD,1.254802
2013-12-02,EUR,1.698500
2013-12-02,GBP,2.056171
2013-12-02,JPY,0.012205
2013-12-02,CHF,1.378541
2013-12-02,CNY,0.205931
2013-12-02,HKD,0.161864
2013-12-02,MYR,0.391026
2013-12-02,ZAR,0.122881
2013-12-03,USD,1.253719
2013-12-03,EUR,1.702300
2013-12-03,GBP,2.058155
2013-12-03,JPY,0.012220
2013-12-03,CHF,1.385448
2013-12-03,CNY,0.205798
2013-12-03,HKD,0.161720
2013-12-03,MYR,0.389837
2013-12-03,ZAR,0.121328
2013-12-04,USD,1.253973
2013-12-04,EUR,1.704400
2013-12-04,GBP,2.053494
2013-12-04,JPY,0.012235
2013-12-04,CHF,1.389306
2013-12-04,CNY,0.205873
2013-12-04,HKD,0.161732
2013-12-04,MYR,0.388831
2013-12-04,ZAR,0.120651
2013-12-05,USD,1.253788
2013-12-05,EUR,1.704400
2013-12-05,GBP,2.050283
2013-12-05,JPY,0.012286
2013-12-05,CHF,1.389985
2013-12-05,CNY,0.205818
2013-12-05,HKD,0.161697
2013-12-05,MYR,0.388396
2013-12-05,ZAR,0.119773
2013-12-06,USD,1.253129
2013-12-06,EUR,1.711900
2013-12-06,GBP,2.048217
2013-12-06,JPY,0.012260
2013-12-06,CHF,1.399640
2013-12-06,CNY,0.205997
2013-12-06,HKD,0.161596
2013-12-06,MYR,0.387378
2013-12-06,ZAR,0.119667
2013-12-09,USD,1.249016
2013-12-09,EUR,1.713900
2013-12-09,GBP,2.046081
2013-12-09,JPY,0.012127
2013-12-09,CHF,1.401275
2013-12-09,CNY,0.205676
2013-12-09,HKD,0.161087
2013-12-09,MYR,0.389248
2013-12-09,ZAR,0.120866
2013-12-10,USD,1.249527
2013-12-10,EUR,1.718100
2013-12-10,GBP,2.054038
2013-12-10,JPY,0.012155
2013-12-10,CHF,1.406664
2013-12-10,CNY,0.205795
2013-12-10,HKD,0.161165
2013-12-10,MYR,0.389645
2013-12-10,ZAR,0.121157
2013-12-11,USD,1.250599
2013-12-11,EUR,1.721700
2013-12-11,GBP,2.049033
2013-12-11,JPY,0.012192
2013-12-11,CHF,1.409035
2013-12-11,CNY,0.206031
2013-12-11,HKD,0.161276
2013-12-11,MYR,0.389094
2013-12-11,ZAR,0.120501
2013-12-12,USD,1.253430
2013-12-12,EUR,1.726600
2013-12-12,GBP,2.056211
2013-12-12,JPY,0.012201
2013-12-12,CHF,1.413971
2013-12-12,CNY,0.206346
2013-12-12,HKD,0.161662
2013-12-12,MYR,0.388297
2013-12-12,ZAR,0.121018
2013-12-13,USD,1.256720
2013-12-13,EUR,1.725100
2013-12-13,GBP,2.044684
2013-12-13,JPY,0.012155
2013-12-13,CHF,1.411009
2013-12-13,CNY,0.206928
2013-12-13,HKD,0.162088
2013-12-13,MYR,0.388317
2013-12-13,ZAR,0.121995
2013-12-16,USD,1.255299
2013-12-16,EUR,1.729300
2013-12-16,GBP,2.049298
2013-12-16,JPY,0.012189
2013-12-16,CHF,1.416066
2013-12-16,CNY,0.206728
2013-12-16,HKD,0.161897
2013-12-16,MYR,0.387510
2013-12-16,ZAR,0.121720
2013-12-17,USD,1.257473
2013-12-17,EUR,1.728900
2013-12-17,GBP,2.044584
2013-12-17,JPY,0.012209
2013-12-17,CHF,1.416435
2013-12-17,CNY,0.207111
2013-12-17,HKD,0.162193
2013-12-17,MYR,0.386657
2013-12-17,ZAR,0.121459
2013-12-18,USD,1.258710
2013-12-18,EUR,1.730600
2013-12-18,GBP,2.059993
2013-12-18,JPY,0.012221
2013-12-18,CHF,1.417247
2013-12-18,CNY,0.207300
2013-12-18,HKD,0.162367
2013-12-18,MYR,0.386226
2013-12-18,ZAR,0.121653
2013-12-19,USD,1.266774
2013-12-19,EUR,1.731300
2013-12-19,GBP,2.073662
2013-12-19,JPY,0.012145
2013-12-19,CHF,1.412038
2013-12-19,CNY,0.208563
2013-12-19,HKD,0.163386
2013-12-19,MYR,0.386710
2013-12-19,ZAR,0.121999
2013-12-20,USD,1.267668
2013-12-20,EUR,1.731000
2013-12-20,GBP,2.073551
2013-12-20,JPY,0.012134
2013-12-20,CHF,1.411563
2013-12-20,CNY,0.208834
2013-12-20,HKD,0.163472
2013-12-20,MYR,0.385541
2013-12-20,ZAR,0.121134
2013-12-23,USD,1.266166
2013-12-23,EUR,1.734900
2013-12-23,GBP,2.071028
2013-12-23,JPY,0.012185
2013-12-23,CHF,1.415436
2013-12-23,CNY,0.208645
2013-12-23,HKD,0.163288
2013-12-23,MYR,0.384534
2013-12-23,ZAR,0.122536
2013-12-24,USD,1.267612
2013-12-24,EUR,1.734600
2013-12-24,GBP,2.074806
2013-12-24,JPY,0.012159
2013-12-24,CHF,1.416810
2013-12-24,CNY,0.208784
2013-12-24,HKD,0.163458
2013-12-24,MYR,0.384740
2013-12-24,ZAR,0.122560
2013-12-27,USD,1.267482
2013-12-27,EUR,1.750900
2013-12-27,GBP,2.092751
2013-12-27,JPY,0.012074
2013-12-27,CHF,1.431175
2013-12-27,CNY,0.208836
2013-12-27,HKD,0.163443
2013-12-27,MYR,0.385525
2013-12-27,ZAR,0.121215
2013-12-30,USD,1.268302
2013-12-30,EUR,1.748100
2013-12-30,GBP,2.090029
2013-12-30,JPY,0.012054
2013-12-30,CHF,1.425973
2013-12-30,CNY,0.209215
2013-12-30,HKD,0.163548
2013-12-30,MYR,0.384976
2013-12-30,ZAR,0.121180
2013-12-31,USD,1.262708
2013-12-31,EUR,1.741400
2013-12-31,GBP,2.088761
2013-12-31,JPY,0.012033
2013-12-31,CHF,1.418540
2013-12-31,CNY,0.208573
2013-12-31,HKD,0.162850
2013-12-31,MYR,0.385087
2013-12-31,ZAR,0.119552
2014-01-02,USD,1.268707
2014-01-02,EUR,1.732800
2014-01-02,GBP,2.092248
2014-01-02,JPY,0.012048
2014-01-02,CHF,1.407979
2014-01-02,CNY,0.209675
2014-01-02,HKD,0.163620
2014-01-02,MYR,0.385461
2014-01-02,ZAR,0.119171
2014-01-03,USD,1.264779
2014-01-03,EUR,1.724400
2014-01-03,GBP,2.076465
2014-01-03,JPY,0.012104
2014-01-03,CHF,1.400926
2014-01-03,CNY,0.208844
2014-01-03,HKD,0.163095
2014-01-03,MYR,0.385255
2014-01-03,ZAR,0.119424
2014-01-06,USD,1.268416
2014-01-06,EUR,1.725300
2014-01-06,GBP,2.077924
2014-01-06,JPY,0.012126
2014-01-06,CHF,1.400520
2014-01-06,CNY,0.209567
2014-01-06,HKD,0.163568
2014-01-06,MYR,0.386137
2014-01-06,ZAR,0.118389
2014-01-07,USD,1.270068
2014-01-07,EUR,1.732500
2014-01-07,GBP,2.084461
2014-01-07,JPY,0.012164
2014-01-07,CHF,1.400906
2014-01-07,CNY,0.209863
2014-01-07,HKD,0.163790
2014-01-07,MYR,0.386736
2014-01-07,ZAR,0.119553
2014-01-08,USD,1.269825
2014-01-08,EUR,1.726200
2014-01-08,GBP,2.085538
2014-01-08,JPY,0.012128
2014-01-08,CHF,1.394008
2014-01-08,CNY,0.209875
2014-01-08,HKD,0.163751
2014-01-08,MYR,0.387684
2014-01-08,ZAR,0.119056
2014-01-09,USD,1.271231
2014-01-09,EUR,1.730400
2014-01-09,GBP,2.095550
2014-01-09,JPY,0.012107
2014-01-09,CHF,1.399094
2014-01-09,CNY,0.209990
2014-01-09,HKD,0.163935
2014-01-09,MYR,0.387808
2014-01-09,ZAR,0.117594
2014-01-10,USD,1.269964
2014-01-10,EUR,1.725500
2014-01-10,GBP,2.083937
2014-01-10,JPY,0.012094
2014-01-10,CHF,1.398072
2014-01-10,CNY,0.209838
2014-01-10,HKD,0.163761
2014-01-10,MYR,0.388425
2014-01-10,ZAR,0.117945
2014-01-13,USD,1.264831
2014-01-13,EUR,1.727000
2014-01-13,GBP,2.076470
2014-01-13,JPY,0.012216
2014-01-13,CHF,1.399287
2014-01-13,CNY,0.209255
2014-01-13,HKD,0.163106
2014-01-13,MYR,0.387654
2014-01-13,ZAR,0.117686
2014-01-14,USD,1.267579
2014-01-14,EUR,1.732400
2014-01-14,GBP,2.083589
2014-01-14,JPY,0.012233
2014-01-14,CHF,1.404573
2014-01-14,CNY,0.209767
2014-01-14,HKD,0.163468
2014-01-14,MYR,0.388370
2014-01-14,ZAR,0.116932
2014-01-15,USD,1.272306
2014-01-15,EUR,1.731100
2014-01-15,GBP,2.085160
2014-01-15,JPY,0.012203
2014-01-15,CHF,1.401247
2014-01-15,CNY,0.210435
2014-01-15,HKD,0.164079
2014-01-15,MYR,0.387158
2014-01-15,ZAR,0.116598
2014-01-16,USD,1.273663
2014-01-16,EUR,1.731800
2014-01-16,GBP,2.081115
2014-01-16,JPY,0.012178
2014-01-16,CHF,1.402267
2014-01-16,CNY,0.210272
2014-01-16,HKD,0.164244
2014-01-16,MYR,0.386269
2014-01-16,ZAR,0.116884
2014-01-17,USD,1.273631
2014-01-17,EUR,1.730100
2014-01-17,GBP,2.094045
2014-01-17,JPY,0.012201
2014-01-17,CHF,1.402935
2014-01-17,CNY,0.210526
2014-01-17,HKD,0.164219
2014-01-17,MYR,0.386425
2014-01-17,ZAR,0.117089
2014-01-20,USD,1.275984
2014-01-20,EUR,1.731000
2014-01-20,GBP,2.095134
2014-01-20,JPY,0.012272
2014-01-20,CHF,1.403096
2014-01-20,CNY,0.210812
2014-01-20,HKD,0.164505
2014-01-20,MYR,0.384632
2014-01-20,ZAR,0.117839
2014-01-21,USD,1.279610
2014-01-21,EUR,1.730800
2014-01-21,GBP,2.100740
2014-01-21,JPY,0.012225
2014-01-21,CHF,1.400664
2014-01-21,CNY,0.211481
2014-01-21,HKD,0.164964
2014-01-21,MYR,0.383327
2014-01-21,ZAR,0.117878
2014-01-22,USD,1.277974
2014-01-22,EUR,1.733700
2014-01-22,GBP,2.116850
2014-01-22,JPY,0.012246
2014-01-22,CHF,1.404374
2014-01-22,CNY,0.211151
2014-01-22,HKD,0.164742
2014-01-22,MYR,0.383570
2014-01-22,ZAR,0.117908
2014-01-23,USD,1.278979
2014-01-23,EUR,1.744400
2014-01-23,GBP,2.122787
2014-01-23,JPY,0.012285
2014-01-23,CHF,1.416254
2014-01-23,CNY,0.211371
2014-01-23,HKD,0.164852
2014-01-23,MYR,0.384018
2014-01-23,ZAR,0.116608
2014-01-24,USD,1.279681
2014-01-24,EUR,1.751500
2014-01-24,GBP,2.112532
2014-01-24,JPY,0.012495
2014-01-24,CHF,1.429096
2014-01-24,CNY,0.211508
2014-01-24,HKD,0.164841
2014-01-24,MYR,0.381574
2014-01-24,ZAR,0.115095
2014-01-27,USD,1.277200
2014-01-27,EUR,1.744400
2014-01-27,GBP,2.114296
2014-01-27,JPY,0.012425
2014-01-27,CHF,1.422027
2014-01-27,CNY,0.211204
2014-01-27,HKD,0.164488
2014-01-27,MYR,0.382108
2014-01-27,ZAR,0.114583
2014-01-28,USD,1.274672
2014-01-28,EUR,1.739800
2014-01-28,GBP,2.114359
2014-01-28,JPY,0.012373
2014-01-28,CHF,1.417006
2014-01-28,CNY,0.210658
2014-01-28,HKD,0.164183
2014-01-28,MYR,0.382231
2014-01-28,ZAR,0.115090
2014-01-29,USD,1.274618
2014-01-29,EUR,1.734500
2014-01-29,GBP,2.109841
2014-01-29,JPY,0.012413
2014-01-29,CHF,1.415341
2014-01-29,CNY,0.210492
2014-01-29,HKD,0.164169
2014-01-29,MYR,0.382343
2014-01-29,ZAR,0.114356
2014-01-30,USD,1.276190
2014-01-30,EUR,1.732300
2014-01-30,GBP,2.102816
2014-01-30,JPY,0.012438
2014-01-30,CHF,1.416088
2014-01-30,CNY,0.210481
2014-01-30,HKD,0.164322
2014-01-30,MYR,0.381421
2014-01-30,ZAR,0.113445
2014-01-31,USD,1.278337
2014-01-31,EUR,1.727800
2014-01-31,GBP,2.103610
2014-01-31,JPY,0.012509
2014-01-31,CHF,1.413912
2014-01-31,CNY,0.210905
2014-01-31,HKD,0.164601
2014-01-31,MYR,0.381876
2014-01-31,ZAR,0.113049
2014-02-03,USD,1.275152
2014-02-03,EUR,1.721200
2014-02-03,GBP,2.084030
2014-02-03,JPY,0.012489
2014-02-03,CHF,1.407819
2014-02-03,CNY,0.210421
2014-02-03,HKD,0.162979
2014-02-03,MYR,0.378128
2014-02-03,ZAR,0.114643
2014-02-04,USD,1.268733
2014-02-04,EUR,1.715200
2014-02-04,GBP,2.068874
2014-02-04,JPY,0.012515
2014-02-04,CHF,1.404175
2014-02-04,CNY,0.209265
2014-02-04,HKD,0.163401
2014-02-04,MYR,0.381164
2014-02-04,ZAR,0.114115
2014-02-05,USD,1.268331
2014-02-05,EUR,1.717700
2014-02-05,GBP,2.064047
2014-02-05,JPY,0.012558
2014-02-05,CHF,1.405416
2014-02-05,CNY,0.209289
2014-02-05,HKD,0.163399
2014-02-05,MYR,0.382945
2014-02-05,ZAR,0.114239
2014-02-06,USD,1.268247
2014-02-06,EUR,1.711500
2014-02-06,GBP,2.065158
2014-02-06,JPY,0.012499
2014-02-06,CHF,1.400115
2014-02-06,CNY,0.209307
2014-02-06,HKD,0.163461
2014-02-06,MYR,0.381325
2014-02-06,ZAR,0.113804
2014-02-07,USD,1.268823
2014-02-07,EUR,1.722300
2014-02-07,GBP,2.071566
2014-02-07,JPY,0.012409
2014-02-07,CHF,1.407453
2014-02-07,CNY,0.209246
2014-02-07,HKD,0.163202
2014-02-07,MYR,0.380241
2014-02-07,ZAR,0.114306
2014-02-10,USD,1.269834
2014-02-10,EUR,1.731800
2014-02-10,GBP,2.082492
2014-02-10,JPY,0.012436
2014-02-10,CHF,1.415563
2014-02-10,CNY,0.209529
2014-02-10,HKD,0.163700
2014-02-10,MYR,0.379747
2014-02-10,ZAR,0.114175
2014-02-11,USD,1.267183
2014-02-11,EUR,1.733000
2014-02-11,GBP,2.086067
2014-02-11,JPY,0.012379
2014-02-11,CHF,1.416428
2014-02-11,CNY,0.209100
2014-02-11,HKD,0.163380
2014-02-11,MYR,0.380219
2014-02-11,ZAR,0.115324
2014-02-12,USD,1.266190
2014-02-12,EUR,1.718600
2014-02-12,GBP,2.091772
2014-02-12,JPY,0.012374
2014-02-12,CHF,1.403053
2014-02-12,CNY,0.208849
2014-02-12,HKD,0.163250
2014-02-12,MYR,0.381098
2014-02-12,ZAR,0.115113
2014-02-13,USD,1.267788
2014-02-13,EUR,1.733700
2014-02-13,GBP,2.110408
2014-02-13,JPY,0.012435
2014-02-13,CHF,1.419204
2014-02-13,CNY,0.209071
2014-02-13,HKD,0.163459
2014-02-13,MYR,0.381578
2014-02-13,ZAR,0.114263
2014-02-14,USD,1.261326
2014-02-14,EUR,1.728900
2014-02-14,GBP,2.107515
2014-02-14,JPY,0.012395
2014-02-14,CHF,1.414696
2014-02-14,CNY,0.207895
2014-02-14,HKD,0.162634
2014-02-14,MYR,0.382839
2014-02-14,ZAR,0.115412
2014-02-17,USD,1.258413
2014-02-17,EUR,1.723900
2014-02-17,GBP,2.105270
2014-02-17,JPY,0.012349
2014-02-17,CHF,1.410605
2014-02-17,CNY,0.207521
2014-02-17,HKD,0.162268
2014-02-17,MYR,0.381985
2014-02-17,ZAR,0.116101
2014-02-18,USD,1.261015
2014-02-18,EUR,1.731500
2014-02-18,GBP,2.103122
2014-02-18,JPY,0.012300
2014-02-18,CHF,1.416824
2014-02-18,CNY,0.207806
2014-02-18,HKD,0.162591
2014-02-18,MYR,0.382415
2014-02-18,ZAR,0.116158
2014-02-19,USD,1.261186
2014-02-19,EUR,1.733500
2014-02-19,GBP,2.100957
2014-02-19,JPY,0.012375
2014-02-19,CHF,1.419273
2014-02-19,CNY,0.207563
2014-02-19,HKD,0.162625
2014-02-19,MYR,0.382756
2014-02-19,ZAR,0.115195
2014-02-20,USD,1.266015
2014-02-20,EUR,1.735200
2014-02-20,GBP,2.110949
2014-02-20,JPY,0.012402
2014-02-20,CHF,1.421945
2014-02-20,CNY,0.208073
2014-02-20,HKD,0.163239
2014-02-20,MYR,0.382540
2014-02-20,ZAR,0.114265
2014-02-21,USD,1.267673
2014-02-21,EUR,1.737600
2014-02-21,GBP,2.114306
2014-02-21,JPY,0.012367
2014-02-21,CHF,1.424846
2014-02-21,CNY,0.208108
2014-02-21,HKD,0.163442
2014-02-21,MYR,0.384782
2014-02-21,ZAR,0.114803
2014-02-24,USD,1.267783
2014-02-24,EUR,1.741300
2014-02-24,GBP,2.111562
2014-02-24,JPY,0.012377
2014-02-24,CHF,1.426243
2014-02-24,CNY,0.207914
2014-02-24,HKD,0.163456
2014-02-24,MYR,0.386063
2014-02-24,ZAR,0.116102
2014-02-25,USD,1.264723
2014-02-25,EUR,1.739500
2014-02-25,GBP,2.111172
2014-02-25,JPY,0.012368
2014-02-25,CHF,1.426638
2014-02-25,CNY,0.206542
2014-02-25,HKD,0.163004
2014-02-25,MYR,0.385527
2014-02-25,ZAR,0.117780
2014-02-26,USD,1.265117
2014-02-26,EUR,1.736500
2014-02-26,GBP,2.110990
2014-02-26,JPY,0.012359
2014-02-26,CHF,1.423594
2014-02-26,CNY,0.206547
2014-02-26,HKD,0.163056
2014-02-26,MYR,0.386258
2014-02-26,ZAR,0.117124
2014-02-27,USD,1.265964
2014-02-27,EUR,1.728800
2014-02-27,GBP,2.107393
2014-02-27,JPY,0.012424
2014-02-27,CHF,1.421594
2014-02-27,CNY,0.206577
2014-02-27,HKD,0.163165
2014-02-27,MYR,0.385953
2014-02-27,ZAR,0.117617
2014-02-28,USD,1.265981
2014-02-28,EUR,1.748700
2014-02-28,GBP,2.116430
2014-02-28,JPY,0.012435
2014-02-28,CHF,1.438904
2014-02-28,CNY,0.206015
2014-02-28,HKD,0.163168
2014-02-28,MYR,0.386325
2014-02-28,ZAR,0.118488
2014-03-03,USD,1.268231
2014-03-03,EUR,1.746100
2014-03-03,GBP,2.121499
2014-03-03,JPY,0.012516
2014-03-03,CHF,1.439608
2014-03-03,CNY,0.206422
2014-03-03,HKD,0.163457
2014-03-03,MYR,0.386117
2014-03-03,ZAR,0.117472
2014-03-04,USD,1.268812
2014-03-04,EUR,1.746900
2014-03-04,GBP,2.118482
2014-03-04,JPY,0.012460
2014-03-04,CHF,1.435179
2014-03-04,CNY,0.206577
2014-03-04,HKD,0.163495
2014-03-04,MYR,0.387778
2014-03-04,ZAR,0.117100
2014-03-05,USD,1.268788
2014-03-05,EUR,1.742300
2014-03-05,GBP,2.120360
2014-03-05,JPY,0.012382
2014-03-05,CHF,1.429755
2014-03-05,CNY,0.207027
2014-03-05,HKD,0.163483
2014-03-05,MYR,0.387764
2014-03-05,ZAR,0.118233
2014-03-06,USD,1.264169
2014-03-06,EUR,1.737600
2014-03-06,GBP,2.110274
2014-03-06,JPY,0.012304
2014-03-06,CHF,1.425431
2014-03-06,CNY,0.206542
2014-03-06,HKD,0.162892
2014-03-06,MYR,0.387684
2014-03-06,ZAR,0.118698
2014-03-07,USD,1.263279
2014-03-07,EUR,1.755200
2014-03-07,GBP,2.118527
2014-03-07,JPY,0.012272
2014-03-07,CHF,1.439751
2014-03-07,CNY,0.206230
2014-03-07,HKD,0.162790
2014-03-07,MYR,0.387924
2014-03-07,ZAR,0.118774
2014-03-10,USD,1.267488
2014-03-10,EUR,1.759400
2014-03-10,GBP,2.110098
2014-03-10,JPY,0.012270
2014-03-10,CHF,1.443077
2014-03-10,CNY,0.206425
2014-03-10,HKD,0.163311
2014-03-10,MYR,0.386045
2014-03-10,ZAR,0.117933
2014-03-11,USD,1.267076
2014-03-11,EUR,1.754900
2014-03-11,GBP,2.105206
2014-03-11,JPY,0.012268
2014-03-11,CHF,1.441396
2014-03-11,CNY,0.206362
2014-03-11,HKD,0.163245
2014-03-11,MYR,0.386253
2014-03-11,ZAR,0.117378
2014-03-12,USD,1.267588
2014-03-12,EUR,1.760300
2014-03-12,GBP,2.105874
2014-03-12,JPY,0.012337
2014-03-12,CHF,1.447734
2014-03-12,CNY,0.206259
2014-03-12,HKD,0.163227
2014-03-12,MYR,0.385312
2014-03-12,ZAR,0.116385
2014-03-13,USD,1.264309
2014-03-13,EUR,1.762700
2014-03-13,GBP,2.109881
2014-03-13,JPY,0.012301
2014-03-13,CHF,1.449589
2014-03-13,CNY,0.206005
2014-03-13,HKD,0.162821
2014-03-13,MYR,0.386167
2014-03-13,ZAR,0.117846
2014-03-14,USD,1.265413
2014-03-14,EUR,1.756900
2014-03-14,GBP,2.099922
2014-03-14,JPY,0.012493
2014-03-14,CHF,1.449109
2014-03-14,CNY,0.205762
2014-03-14,HKD,0.162954
2014-03-14,MYR,0.385784
2014-03-14,ZAR,0.117597
2014-03-17,USD,1.265209
2014-03-17,EUR,1.759400
2014-03-17,GBP,2.102659
2014-03-17,JPY,0.012438
2014-03-17,CHF,1.447589
2014-03-17,CNY,0.204831
2014-03-17,HKD,0.162936
2014-03-17,MYR,0.386087
2014-03-17,ZAR,0.117925
2014-03-18,USD,1.264782
2014-03-18,EUR,1.758300
2014-03-18,GBP,2.097459
2014-03-18,JPY,0.012461
2014-03-18,CHF,1.445733
2014-03-18,CNY,0.204256
2014-03-18,HKD,0.162849
2014-03-18,MYR,0.386015
2014-03-18,ZAR,0.117785
2014-03-19,USD,1.266082
2014-03-19,EUR,1.761500
2014-03-19,GBP,2.105043
2014-03-19,JPY,0.012466
2014-03-19,CHF,1.447769
2014-03-19,CNY,0.204322
2014-03-19,HKD,0.163063
2014-03-19,MYR,0.385727
2014-03-19,ZAR,0.118115
2014-03-20,USD,1.276995
2014-03-20,EUR,1.757400
2014-03-20,GBP,2.105806
2014-03-20,JPY,0.012477
2014-03-20,CHF,1.441674
2014-03-20,CNY,0.205021
2014-03-20,HKD,0.164481
2014-03-20,MYR,0.387391
2014-03-20,ZAR,0.116727
2014-03-21,USD,1.274819
2014-03-21,EUR,1.756700
2014-03-21,GBP,2.102070
2014-03-21,JPY,0.012453
2014-03-21,CHF,1.442046
2014-03-21,CNY,0.204763
2014-03-21,HKD,0.164239
2014-03-21,MYR,0.385317
2014-03-21,ZAR,0.117138
2014-03-24,USD,1.271671
2014-03-24,EUR,1.751600
2014-03-24,GBP,2.096720
2014-03-24,JPY,0.012418
2014-03-24,CHF,1.436091
2014-03-24,CNY,0.205298
2014-03-24,HKD,0.163906
2014-03-24,MYR,0.385221
2014-03-24,ZAR,0.117204
2014-03-25,USD,1.269273
2014-03-25,EUR,1.750200
2014-03-25,GBP,2.096550
2014-03-25,JPY,0.012393
2014-03-25,CHF,1.434943
2014-03-25,CNY,0.204642
2014-03-25,HKD,0.163633
2014-03-25,MYR,0.383951
2014-03-25,ZAR,0.117775
2014-03-26,USD,1.267421
2014-03-26,EUR,1.747900
2014-03-26,GBP,2.096809
2014-03-26,JPY,0.012375
2014-03-26,CHF,1.430828
2014-03-26,CNY,0.204120
2014-03-26,HKD,0.163363
2014-03-26,MYR,0.384171
2014-03-26,ZAR,0.118584
2014-03-27,USD,1.264864
2014-03-27,EUR,1.740200
2014-03-27,GBP,2.102453
2014-03-27,JPY,0.012364
2014-03-27,CHF,1.427915
2014-03-27,CNY,0.203663
2014-03-27,HKD,0.163047
2014-03-27,MYR,0.384456
2014-03-27,ZAR,0.118144
2014-03-28,USD,1.260629
2014-03-28,EUR,1.734500
2014-03-28,GBP,2.096833
2014-03-28,JPY,0.012310
2014-03-28,CHF,1.423355
2014-03-28,CNY,0.202927
2014-03-28,HKD,0.162496
2014-03-28,MYR,0.386380
2014-03-28,ZAR,0.118933
2014-03-31,USD,1.259501
2014-03-31,EUR,1.736600
2014-03-31,GBP,2.096837
2014-03-31,JPY,0.012194
2014-03-31,CHF,1.424143
2014-03-31,CNY,0.202510
2014-03-31,HKD,0.162340
2014-03-31,MYR,0.386117
2014-03-31,ZAR,0.119047
2014-04-01,USD,1.260334
2014-04-01,EUR,1.738000
2014-04-01,GBP,2.095996
2014-04-01,JPY,0.012194
2014-04-01,CHF,1.427164
2014-04-01,CNY,0.203056
2014-04-01,HKD,0.162474
2014-04-01,MYR,0.385888
2014-04-01,ZAR,0.118904
2014-04-02,USD,1.260964
2014-04-02,EUR,1.739500
2014-04-02,GBP,2.100845
2014-04-02,JPY,0.012162
2014-04-02,CHF,1.426989
2014-04-02,CNY,0.203289
2014-04-02,HKD,0.162556
2014-04-02,MYR,0.385050
2014-04-02,ZAR,0.118770
2014-04-03,USD,1.263162
2014-04-03,EUR,1.739500
2014-04-03,GBP,2.096541
2014-04-03,JPY,0.012154
2014-04-03,CHF,1.424769
2014-04-03,CNY,0.203362
2014-04-03,HKD,0.162835
2014-04-03,MYR,0.384649
2014-04-03,ZAR,0.118634
2014-04-04,USD,1.264672
2014-04-04,EUR,1.732600
2014-04-04,GBP,2.095803
2014-04-04,JPY,0.012173
2014-04-04,CHF,1.416101
2014-04-04,CNY,0.203574
2014-04-04,HKD,0.163022
2014-04-04,MYR,0.385545
2014-04-04,ZAR,0.119059
2014-04-07,USD,1.261677
2014-04-07,EUR,1.731400
2014-04-07,GBP,2.093338
2014-04-07,JPY,0.012223
2014-04-07,CHF,1.418948
2014-04-07,CNY,0.203059
2014-04-07,HKD,0.162684
2014-04-07,MYR,0.386068
2014-04-07,ZAR,0.119618
2014-04-08,USD,1.253303
2014-04-08,EUR,1.726300
2014-04-08,GBP,2.094516
2014-04-08,JPY,0.012252
2014-04-08,CHF,1.415000
2014-04-08,CNY,0.202254
2014-04-08,HKD,0.161625
2014-04-08,MYR,0.386820
2014-04-08,ZAR,0.119758
2014-04-09,USD,1.250616
2014-04-09,EUR,1.725100
2014-04-09,GBP,2.094203
2014-04-09,JPY,0.012258
2014-04-09,CHF,1.415873
2014-04-09,CNY,0.201712
2014-04-09,HKD,0.161300
2014-04-09,MYR,0.387489
2014-04-09,ZAR,0.119619
2014-04-10,USD,1.248792
2014-04-10,EUR,1.731700
2014-04-10,GBP,2.093448
2014-04-10,JPY,0.012282
2014-04-10,CHF,1.421757
2014-04-10,CNY,0.200980
2014-04-10,HKD,0.161070
2014-04-10,MYR,0.387102
2014-04-10,ZAR,0.120132
2014-04-11,USD,1.250144
2014-04-11,EUR,1.734200
2014-04-11,GBP,2.091666
2014-04-11,JPY,0.012326
2014-04-11,CHF,1.426034
2014-04-11,CNY,0.201298
2014-04-11,HKD,0.161208
2014-04-11,MYR,0.386202
2014-04-11,ZAR,0.119003
2014-04-14,USD,1.252188
2014-04-14,EUR,1.731400
2014-04-14,GBP,2.092579
2014-04-14,JPY,0.012291
2014-04-14,CHF,1.424552
2014-04-14,CNY,0.201333
2014-04-14,HKD,0.161502
2014-04-14,MYR,0.385209
2014-04-14,ZAR,0.119279
2014-04-15,USD,1.252119
2014-04-15,EUR,1.728300
2014-04-15,GBP,2.094655
2014-04-15,JPY,0.012291
2014-04-15,CHF,1.421066
2014-04-15,CNY,0.201274
2014-04-15,HKD,0.161481
2014-04-15,MYR,0.385979
2014-04-15,ZAR,0.119171
2014-04-16,USD,1.250723
2014-04-16,EUR,1.731000
2014-04-16,GBP,2.100983
2014-04-16,JPY,0.012229
2014-04-16,CHF,1.422467
2014-04-16,CNY,0.200989
2014-04-16,HKD,0.161293
2014-04-16,MYR,0.385773
2014-04-16,ZAR,0.118450
2014-04-17,USD,1.249802
2014-04-17,EUR,1.731600
2014-04-17,GBP,2.100691
2014-04-17,JPY,0.012231
2014-04-17,CHF,1.422259
2014-04-17,CNY,0.201001
2014-04-17,HKD,0.161174
2014-04-17,MYR,0.385992
2014-04-17,ZAR,0.118690
2014-04-22,USD,1.256206
2014-04-22,EUR,1.735700
2014-04-22,GBP,2.115417
2014-04-22,JPY,0.012250
2014-04-22,CHF,1.421074
2014-04-22,CNY,0.201416
2014-04-22,HKD,0.162035
2014-04-22,MYR,0.384617
2014-04-22,ZAR,0.118951
2014-04-23,USD,1.257120
2014-04-23,EUR,1.739100
2014-04-23,GBP,2.110814
2014-04-23,JPY,0.012294
2014-04-23,CHF,1.425726
2014-04-23,CNY,0.201588
2014-04-23,HKD,0.162151
2014-04-23,MYR,0.384782
2014-04-23,ZAR,0.118529
2014-04-24,USD,1.257598
2014-04-24,EUR,1.738000
2014-04-24,GBP,2.111786
2014-04-24,JPY,0.012271
2014-04-24,CHF,1.424240
2014-04-24,CNY,0.201202
2014-04-24,HKD,0.162201
2014-04-24,MYR,0.384649
2014-04-24,ZAR,0.118851
2014-04-25,USD,1.257176
2014-04-25,EUR,1.738800
2014-04-25,GBP,2.113143
2014-04-25,JPY,0.012328
2014-04-25,CHF,1.425947
2014-04-25,CNY,0.200971
2014-04-25,HKD,0.162149
2014-04-25,MYR,0.384401
2014-04-25,ZAR,0.117930
2014-04-28,USD,1.255826
2014-04-28,EUR,1.740700
2014-04-28,GBP,2.115581
2014-04-28,JPY,0.012271
2014-04-28,CHF,1.429029
2014-04-28,CNY,0.200798
2014-04-28,HKD,0.161986
2014-04-28,MYR,0.384235
2014-04-28,ZAR,0.118062
2014-04-29,USD,1.256184
2014-04-29,EUR,1.736800
2014-04-29,GBP,2.112381
2014-04-29,JPY,0.012228
2014-04-29,CHF,1.423607
2014-04-29,CNY,0.200740
2014-04-29,HKD,0.162021
2014-04-29,MYR,0.385450
2014-04-29,ZAR,0.118739
2014-04-30,USD,1.256823
2014-04-30,EUR,1.740700
2014-04-30,GBP,2.115067
2014-04-30,JPY,0.012252
2014-04-30,CHF,1.426803
2014-04-30,CNY,0.200736
2014-04-30,HKD,0.162108
2014-04-30,MYR,0.385008
2014-04-30,ZAR,0.118987
2014-05-02,USD,1.253427
2014-05-02,EUR,1.737500
2014-05-02,GBP,2.115291
2014-05-02,JPY,0.012231
2014-05-02,CHF,1.425466
2014-05-02,CNY,0.200237
2014-05-02,HKD,0.161681
2014-05-02,MYR,0.384250
2014-05-02,ZAR,0.119473
2014-05-05,USD,1.250036
2014-05-05,EUR,1.734300
2014-05-05,GBP,2.107470
2014-05-05,JPY,0.012262
2014-05-05,CHF,1.424593
2014-05-05,CNY,0.200162
2014-05-05,HKD,0.161245
2014-05-05,MYR,0.383890
2014-05-05,ZAR,0.118924
2014-05-06,USD,1.246827
2014-05-06,EUR,1.738700
2014-05-06,GBP,2.117396
2014-05-06,JPY,0.012254
2014-05-06,CHF,1.428794
2014-05-06,CNY,0.200244
2014-05-06,HKD,0.160837
2014-05-06,MYR,0.383168
2014-05-06,ZAR,0.118731
2014-05-07,USD,1.249085
2014-05-07,EUR,1.739600
2014-05-07,GBP,2.119654
2014-05-07,JPY,0.012278
2014-05-07,CHF,1.427540
2014-05-07,CNY,0.200339
2014-05-07,HKD,0.161138
2014-05-07,MYR,0.384629
2014-05-07,ZAR,0.118858
2014-05-08,USD,1.246829
2014-05-08,EUR,1.739700
2014-05-08,GBP,2.113082
2014-05-08,JPY,0.012256
2014-05-08,CHF,1.428560
2014-05-08,CNY,0.200216
2014-05-08,HKD,0.160847
2014-05-08,MYR,0.383557
2014-05-08,ZAR,0.120261
2014-05-09,USD,1.249184
2014-05-09,EUR,1.721500
2014-05-09,GBP,2.106455
2014-05-09,JPY,0.012284
2014-05-09,CHF,1.412687
2014-05-09,CNY,0.200592
2014-05-09,HKD,0.161150
2014-05-09,MYR,0.386923
2014-05-09,ZAR,0.120574
2014-05-12,USD,1.250636
2014-05-12,EUR,1.721500
2014-05-12,GBP,2.111881
2014-05-12,JPY,0.012269
2014-05-12,CHF,1.409794
2014-05-12,CNY,0.200522
2014-05-12,HKD,0.161337
2014-05-12,MYR,0.386142
2014-05-12,ZAR,0.120990
2014-05-13,USD,1.252791
2014-05-13,EUR,1.716700
2014-05-13,GBP,2.109098
2014-05-13,JPY,0.012240
2014-05-13,CHF,1.407016
2014-05-13,CNY,0.201078
2014-05-13,HKD,0.161614
2014-05-13,MYR,0.386845
2014-05-13,ZAR,0.121394
2014-05-14,USD,1.249727
2014-05-14,EUR,1.714500
2014-05-14,GBP,2.096735
2014-05-14,JPY,0.012277
2014-05-14,CHF,1.405443
2014-05-14,CNY,0.200637
2014-05-14,HKD,0.161219
2014-05-14,MYR,0.387817
2014-05-14,ZAR,0.120889
2014-05-15,USD,1.252508
2014-05-15,EUR,1.710800
2014-05-15,GBP,2.098626
2014-05-15,JPY,0.012293
2014-05-15,CHF,1.399198
2014-05-15,CNY,0.201058
2014-05-15,HKD,0.161576
2014-05-15,MYR,0.388253
2014-05-15,ZAR,0.121044
2014-05-16,USD,1.251168
2014-05-16,EUR,1.713600
2014-05-16,GBP,2.103093
2014-05-16,JPY,0.012332
2014-05-16,CHF,1.403440
2014-05-16,CNY,0.200705
2014-05-16,HKD,0.161403
2014-05-16,MYR,0.387789
2014-05-16,ZAR,0.120490
2014-05-19,USD,1.249435
2014-05-19,EUR,1.713600
2014-05-19,GBP,2.103609
2014-05-19,JPY,0.012347
2014-05-19,CHF,1.401374
2014-05-19,CNY,0.200316
2014-05-19,HKD,0.161178
2014-05-19,MYR,0.389136
2014-05-19,ZAR,0.120139
2014-05-20,USD,1.252372
2014-05-20,EUR,1.716000
2014-05-20,GBP,2.108108
2014-05-20,JPY,0.012356
2014-05-20,CHF,1.403911
2014-05-20,CNY,0.200772
2014-05-20,HKD,0.161544
2014-05-20,MYR,0.389036
2014-05-20,ZAR,0.119649
2014-05-21,USD,1.253217
2014-05-21,EUR,1.713900
2014-05-21,GBP,2.117494
2014-05-21,JPY,0.012403
2014-05-21,CHF,1.402996
2014-05-21,CNY,0.201037
2014-05-21,HKD,0.161644
2014-05-21,MYR,0.389682
2014-05-21,ZAR,0.120305
2014-05-22,USD,1.252488
2014-05-22,EUR,1.711900
2014-05-22,GBP,2.112414
2014-05-22,JPY,0.012319
2014-05-22,CHF,1.401474
2014-05-22,CNY,0.200871
2014-05-22,HKD,0.161541
2014-05-22,MYR,0.389919
2014-05-22,ZAR,0.120599
2014-05-23,USD,1.252678
2014-05-23,EUR,1.707400
2014-05-23,GBP,2.109594
2014-05-23,JPY,0.012291
2014-05-23,CHF,1.398362
2014-05-23,CNY,0.200823
2014-05-23,HKD,0.161597
2014-05-23,MYR,0.390236
2014-05-23,ZAR,0.120964
2014-05-26,USD,1.253025
2014-05-26,EUR,1.708500
2014-05-26,GBP,2.109520
2014-05-26,JPY,0.012294
2014-05-26,CHF,1.399263
2014-05-26,CNY,0.200832
2014-05-26,HKD,0.161609
2014-05-26,MYR,0.390354
2014-05-26,ZAR,0.121093
2014-05-27,USD,1.256416
2014-05-27,EUR,1.713500
2014-05-27,GBP,2.112824
2014-05-27,JPY,0.012326
2014-05-27,CHF,1.402095
2014-05-27,CNY,0.201049
2014-05-27,HKD,0.162053
2014-05-27,MYR,0.390310
2014-05-27,ZAR,0.120448
2014-05-28,USD,1.256320
2014-05-28,EUR,1.709600
2014-05-28,GBP,2.104123
2014-05-28,JPY,0.012323
2014-05-28,CHF,1.398446
2014-05-28,CNY,0.200841
2014-05-28,HKD,0.162052
2014-05-28,MYR,0.389777
2014-05-28,ZAR,0.119684
2014-05-29,USD,1.254481
2014-05-29,EUR,1.707600
2014-05-29,GBP,2.096501
2014-05-29,JPY,0.012344
2014-05-29,CHF,1.398526
2014-05-29,CNY,0.201072
2014-05-29,HKD,0.161804
2014-05-29,MYR,0.390442
2014-05-29,ZAR,0.120259
2014-05-30,USD,1.253693
2014-05-30,EUR,1.705900
2014-05-30,GBP,2.098020
2014-05-30,JPY,0.012329
2014-05-30,CHF,1.397820
2014-05-30,CNY,0.200635
2014-05-30,HKD,0.161710
2014-05-30,MYR,0.389786
2014-05-30,ZAR,0.119699
2014-06-02,USD,1.255822
2014-06-02,EUR,1.709300
2014-06-02,GBP,2.102719
2014-06-02,JPY,0.012302
2014-06-02,CHF,1.399460
2014-06-02,CNY,0.200992
2014-06-02,HKD,0.161964
2014-06-02,MYR,0.389008
2014-06-02,ZAR,0.118140
2014-06-03,USD,1.255771
2014-06-03,EUR,1.713500
2014-06-03,GBP,2.103228
2014-06-03,JPY,0.012271
2014-06-03,CHF,1.402669
2014-06-03,CNY,0.200792
2014-06-03,HKD,0.161970
2014-06-03,MYR,0.388910
2014-06-03,ZAR,0.117025
2014-06-04,USD,1.257283
2014-06-04,EUR,1.713300
2014-06-04,GBP,2.107380
2014-06-04,JPY,0.012257
2014-06-04,CHF,1.403884
2014-06-04,CNY,0.201139
2014-06-04,HKD,0.162169
2014-06-04,MYR,0.387809
2014-06-04,ZAR,0.116940
2014-06-05,USD,1.257094
2014-06-05,EUR,1.705500
2014-06-05,GBP,2.104776
2014-06-05,JPY,0.012249
2014-06-05,CHF,1.397951
2014-06-05,CNY,0.201028
2014-06-05,HKD,0.162149
2014-06-05,MYR,0.389757
2014-06-05,ZAR,0.117673
2014-06-06,USD,1.252382
2014-06-06,EUR,1.708500
2014-06-06,GBP,2.107178
2014-06-06,JPY,0.012229
2014-06-06,CHF,1.402134
2014-06-06,CNY,0.200361
2014-06-06,HKD,0.161542
2014-06-06,MYR,0.389882
2014-06-06,ZAR,0.117404
2014-06-09,USD,1.250147
2014-06-09,EUR,1.701200
2014-06-09,GBP,2.100636
2014-06-09,JPY,0.012205
2014-06-09,CHF,1.395227
2014-06-09,CNY,0.200301
2014-06-09,HKD,0.161277
2014-06-09,MYR,0.390919
2014-06-09,ZAR,0.118021
2014-06-10,USD,1.250314
2014-06-10,EUR,1.693800
2014-06-10,GBP,2.097585
2014-06-10,JPY,0.012218
2014-06-10,CHF,1.389728
2014-06-10,CNY,0.200856
2014-06-10,HKD,0.161297
2014-06-10,MYR,0.389809
2014-06-10,ZAR,0.116708
2014-06-11,USD,1.250166
2014-06-11,EUR,1.693600
2014-06-11,GBP,2.098637
2014-06-11,JPY,0.012256
2014-06-11,CHF,1.390590
2014-06-11,CNY,0.200721
2014-06-11,HKD,0.161277
2014-06-11,MYR,0.388976
2014-06-11,ZAR,0.116316
2014-06-12,USD,1.247708
2014-06-12,EUR,1.687900
2014-06-12,GBP,2.099639
2014-06-12,JPY,0.012221
2014-06-12,CHF,1.386479
2014-06-12,CNY,0.200637
2014-06-12,HKD,0.160962
2014-06-12,MYR,0.388085
2014-06-12,ZAR,0.116690
2014-06-13,USD,1.250332
2014-06-13,EUR,1.692200
2014-06-13,GBP,2.120817
2014-06-13,JPY,0.012255
2014-06-13,CHF,1.389555
2014-06-13,CNY,0.201409
2014-06-13,HKD,0.161302
2014-06-13,MYR,0.388333
2014-06-13,ZAR,0.116072
2014-06-16,USD,1.250887
2014-06-16,EUR,1.692700
2014-06-16,GBP,2.122774
2014-06-16,JPY,0.012283
2014-06-16,CHF,1.390194
2014-06-16,CNY,0.200919
2014-06-16,HKD,0.161374
2014-06-16,MYR,0.387789
2014-06-16,ZAR,0.116524
2014-06-17,USD,1.251621
2014-06-17,EUR,1.698200
2014-06-17,GBP,2.124343
2014-06-17,JPY,0.012270
2014-06-17,CHF,1.393338
2014-06-17,CNY,0.200992
2014-06-17,HKD,0.161466
2014-06-17,MYR,0.388266
2014-06-17,ZAR,0.116605
2014-06-18,USD,1.252378
2014-06-18,EUR,1.698600
2014-06-18,GBP,2.121924
2014-06-18,JPY,0.012251
2014-06-18,CHF,1.394581
2014-06-18,CNY,0.201003
2014-06-18,HKD,0.161568
2014-06-18,MYR,0.387348
2014-06-18,ZAR,0.116434
2014-06-19,USD,1.248385
2014-06-19,EUR,1.700300
2014-06-19,GBP,2.125774
2014-06-19,JPY,0.012248
2014-06-19,CHF,1.397124
2014-06-19,CNY,0.200316
2014-06-19,HKD,0.161065
2014-06-19,MYR,0.388081
2014-06-19,ZAR,0.117218
2014-06-20,USD,1.250368
2014-06-20,EUR,1.699000
2014-06-20,GBP,2.130408
2014-06-20,JPY,0.012251
2014-06-20,CHF,1.396171
2014-06-20,CNY,0.200827
2014-06-20,HKD,0.161315
2014-06-20,MYR,0.387891
2014-06-20,ZAR,0.116751
2014-06-23,USD,1.248308
2014-06-23,EUR,1.697200
2014-06-23,GBP,2.123092
2014-06-23,JPY,0.012258
2014-06-23,CHF,1.394921
2014-06-23,CNY,0.200513
2014-06-23,HKD,0.161048
2014-06-23,MYR,0.388455
2014-06-23,ZAR,0.117791
2014-06-24,USD,1.249229
2014-06-24,EUR,1.701200
2014-06-24,GBP,2.122520
2014-06-24,JPY,0.012256
2014-06-24,CHF,1.397519
2014-06-24,CNY,0.200490
2014-06-24,HKD,0.161158
2014-06-24,MYR,0.388748
2014-06-24,ZAR,0.118414
2014-06-25,USD,1.250679
2014-06-25,EUR,1.702800
2014-06-25,GBP,2.122530
2014-06-25,JPY,0.012274
2014-06-25,CHF,1.399408
2014-06-25,CNY,0.200603
2014-06-25,HKD,0.161346
2014-06-25,MYR,0.387864
2014-06-25,ZAR,0.117846
2014-06-26,USD,1.250551
2014-06-26,EUR,1.701500
2014-06-26,GBP,2.129270
2014-06-26,JPY,0.012286
2014-06-26,CHF,1.398800
2014-06-26,CNY,0.200895
2014-06-26,HKD,0.161318
2014-06-26,MYR,0.388391
2014-06-26,ZAR,0.117355
2014-06-27,USD,1.249266
2014-06-27,EUR,1.701500
2014-06-27,GBP,2.127806
2014-06-27,JPY,0.012322
2014-06-27,CHF,1.399030
2014-06-27,CNY,0.200912
2014-06-27,HKD,0.161168
2014-06-27,MYR,0.388879
2014-06-27,ZAR,0.117837
2014-06-30,USD,1.248133
2014-06-30,EUR,1.704700
2014-06-30,GBP,2.126887
2014-06-30,JPY,0.012314
2014-06-30,CHF,1.402353
2014-06-30,CNY,0.201211
2014-06-30,HKD,0.161036
2014-06-30,MYR,0.388704
2014-06-30,ZAR,0.117893
2014-07-01,USD,1.245909
2014-07-01,EUR,1.705400
2014-07-01,GBP,2.136825
2014-07-01,JPY,0.012271
2014-07-01,CHF,1.405009
2014-07-01,CNY,0.200912
2014-07-01,HKD,0.160761
2014-07-01,MYR,0.388536
2014-07-01,ZAR,0.116930
2014-07-02,USD,1.245826
2014-07-02,EUR,1.701300
2014-07-02,GBP,2.137849
2014-07-02,JPY,0.012270
2014-07-02,CHF,1.401747
2014-07-02,CNY,0.200587
2014-07-02,HKD,0.160750
2014-07-02,MYR,0.389260
2014-07-02,ZAR,0.116277
2014-07-03,USD,1.246373
2014-07-03,EUR,1.700800
2014-07-03,GBP,2.135342
2014-07-03,JPY,0.012231
2014-07-03,CHF,1.400181
2014-07-03,CNY,0.200639
2014-07-03,HKD,0.160802
2014-07-03,MYR,0.390128
2014-07-03,ZAR,0.115623
2014-07-04,USD,1.245805
2014-07-04,EUR,1.692800
2014-07-04,GBP,2.135756
2014-07-04,JPY,0.012207
2014-07-04,CHF,1.392105
2014-07-04,CNY,0.200773
2014-07-04,HKD,0.160743
2014-07-04,MYR,0.391028
2014-07-04,ZAR,0.115905
2014-07-07,USD,1.246616
2014-07-07,EUR,1.694400
2014-07-07,GBP,2.134408
2014-07-07,JPY,0.012231
2014-07-07,CHF,1.393994
2014-07-07,CNY,0.200937
2014-07-07,HKD,0.160848
2014-07-07,MYR,0.390838
2014-07-07,ZAR,0.115406
2014-07-08,USD,1.243506
2014-07-08,EUR,1.689800
2014-07-08,GBP,2.128614
2014-07-08,JPY,0.012222
2014-07-08,CHF,1.390210
2014-07-08,CNY,0.200498
2014-07-08,HKD,0.160449
2014-07-08,MYR,0.392047
2014-07-08,ZAR,0.116305
2014-07-09,USD,1.242814
2014-07-09,EUR,1.690600
2014-07-09,GBP,2.125071
2014-07-09,JPY,0.012217
2014-07-09,CHF,1.390525
2014-07-09,CNY,0.200443
2014-07-09,HKD,0.160359
2014-07-09,MYR,0.391524
2014-07-09,ZAR,0.116097
2014-07-10,USD,1.243090
2014-07-10,EUR,1.691100
2014-07-10,GBP,2.127036
2014-07-10,JPY,0.012266
2014-07-10,CHF,1.392654
2014-07-10,CNY,0.200365
2014-07-10,HKD,0.160399
2014-07-10,MYR,0.390320
2014-07-10,ZAR,0.115689
2014-07-11,USD,1.240530
2014-07-11,EUR,1.686500
2014-07-11,GBP,2.123788
2014-07-11,JPY,0.012243
2014-07-11,CHF,1.388866
2014-07-11,CNY,0.199934
2014-07-11,HKD,0.160066
2014-07-11,MYR,0.389321
2014-07-11,ZAR,0.115667
2014-07-14,USD,1.239965
2014-07-14,EUR,1.689700
2014-07-14,GBP,2.121140
2014-07-14,JPY,0.012219
2014-07-14,CHF,1.391960
2014-07-14,CNY,0.199808
2014-07-14,HKD,0.159993
2014-07-14,MYR,0.389691
2014-07-14,ZAR,0.115887
2014-07-15,USD,1.241828
2014-07-15,EUR,1.690500
2014-07-15,GBP,2.131509
2014-07-15,JPY,0.012225
2014-07-15,CHF,1.392275
2014-07-15,CNY,0.200182
2014-07-15,HKD,0.160235
2014-07-15,MYR,0.389059
2014-07-15,ZAR,0.116289
2014-07-16,USD,1.242684
2014-07-16,EUR,1.681600
2014-07-16,GBP,2.127800
2014-07-16,JPY,0.012209
2014-07-16,CHF,1.383350
2014-07-16,CNY,0.200248
2014-07-16,HKD,0.160334
2014-07-16,MYR,0.389674
2014-07-16,ZAR,0.116318
2014-07-17,USD,1.241701
2014-07-17,EUR,1.679400
2014-07-17,GBP,2.123404
2014-07-17,JPY,0.012234
2014-07-17,CHF,1.382564
2014-07-17,CNY,0.200119
2014-07-17,HKD,0.160201
2014-07-17,MYR,0.390694
2014-07-17,ZAR,0.115762
2014-07-18,USD,1.241331
2014-07-18,EUR,1.678900
2014-07-18,GBP,2.121028
2014-07-18,JPY,0.012248
2014-07-18,CHF,1.382493
2014-07-18,CNY,0.199938
2014-07-18,HKD,0.160147
2014-07-18,MYR,0.390152
2014-07-18,ZAR,0.116420
2014-07-21,USD,1.240864
2014-07-21,EUR,1.677400
2014-07-21,GBP,2.119267
2014-07-21,JPY,0.012246
2014-07-21,CHF,1.381258
2014-07-21,CNY,0.199795
2014-07-21,HKD,0.160074
2014-07-21,MYR,0.391157
2014-07-21,ZAR,0.116772
2014-07-22,USD,1.241006
2014-07-22,EUR,1.673000
2014-07-22,GBP,2.116382
2014-07-22,JPY,0.012218
2014-07-22,CHF,1.376841
2014-07-22,CNY,0.199988
2014-07-22,HKD,0.160097
2014-07-22,MYR,0.390842
2014-07-22,ZAR,0.116830
2014-07-23,USD,1.238322
2014-07-23,EUR,1.667400
2014-07-23,GBP,2.108498
2014-07-23,JPY,0.012214
2014-07-23,CHF,1.372346
2014-07-23,CNY,0.199748
2014-07-23,HKD,0.159771
2014-07-23,MYR,0.390913
2014-07-23,ZAR,0.117622
2014-07-24,USD,1.238717
2014-07-24,EUR,1.668800
2014-07-24,GBP,2.106672
2014-07-24,JPY,0.012184
2014-07-24,CHF,1.373272
2014-07-24,CNY,0.199942
2014-07-24,HKD,0.159828
2014-07-24,MYR,0.389661
2014-07-24,ZAR,0.118036
2014-07-25,USD,1.241220
2014-07-25,EUR,1.668200
2014-07-25,GBP,2.108576
2014-07-25,JPY,0.012179
2014-07-25,CHF,1.372778
2014-07-25,CNY,0.200331
2014-07-25,HKD,0.160157
2014-07-25,MYR,0.391091
2014-07-25,ZAR,0.117903
2014-07-28,USD,1.241271
2014-07-28,EUR,1.667400
2014-07-28,GBP,2.109165
2014-07-28,JPY,0.012194
2014-07-28,CHF,1.372346
2014-07-28,CNY,0.200626
2014-07-28,HKD,0.160162
2014-07-28,MYR,0.390684
2014-07-28,ZAR,0.117818
2014-07-29,USD,1.241641
2014-07-29,EUR,1.667400
2014-07-29,GBP,2.104240
2014-07-29,JPY,0.012167
2014-07-29,CHF,1.372120
2014-07-29,CNY,0.200901
2014-07-29,HKD,0.160202
2014-07-29,MYR,0.391133
2014-07-29,ZAR,0.117237
2014-07-30,USD,1.243713
2014-07-30,EUR,1.666700
2014-07-30,GBP,2.105217
2014-07-30,JPY,0.012161
2014-07-30,CHF,1.370078
2014-07-30,CNY,0.201511
2014-07-30,HKD,0.160477
2014-07-30,MYR,0.390776
2014-07-30,ZAR,0.117148
2014-07-31,USD,1.246805
2014-07-31,EUR,1.668100
2014-07-31,GBP,2.104062
2014-07-31,JPY,0.012118
2014-07-31,CHF,1.370778
2014-07-31,CNY,0.201898
2014-07-31,HKD,0.160875
2014-07-31,MYR,0.390025
2014-07-31,ZAR,0.116764
2014-08-01,USD,1.248302
2014-08-01,EUR,1.672100
2014-08-01,GBP,2.100364
2014-08-01,JPY,0.012124
2014-08-01,CHF,1.374743
2014-08-01,CNY,0.202008
2014-08-01,HKD,0.161072
2014-08-01,MYR,0.388635
2014-08-01,ZAR,0.116106
2014-08-04,USD,1.246610
2014-08-04,EUR,1.673200
2014-08-04,GBP,2.098846
2014-08-04,JPY,0.012149
2014-08-04,CHF,1.375195
2014-08-04,CNY,0.201739
2014-08-04,HKD,0.160852
2014-08-04,MYR,0.389325
2014-08-04,ZAR,0.116606
2014-08-05,USD,1.246525
2014-08-05,EUR,1.668100
2014-08-05,GBP,2.101146
2014-08-05,JPY,0.012135
2014-08-05,CHF,1.370103
2014-08-05,CNY,0.202003
2014-08-05,HKD,0.160841
2014-08-05,MYR,0.391068
2014-08-05,ZAR,0.116647
2014-08-06,USD,1.249981
2014-08-06,EUR,1.668100
2014-08-06,GBP,2.103929
2014-08-06,JPY,0.012213
2014-08-06,CHF,1.372696
2014-08-06,CNY,0.202821
2014-08-06,HKD,0.161303
2014-08-06,MYR,0.390619
2014-08-06,ZAR,0.116165
2014-08-07,USD,1.251496
2014-08-07,EUR,1.673000
2014-08-07,GBP,2.107053
2014-08-07,JPY,0.012233
2014-08-07,CHF,1.376955
2014-08-07,CNY,0.203135
2014-08-07,HKD,0.161466
2014-08-07,MYR,0.390204
2014-08-07,ZAR,0.116730
2014-08-08,USD,1.251195
2014-08-08,EUR,1.675100
2014-08-08,GBP,2.102548
2014-08-08,JPY,0.012276
2014-08-08,CHF,1.380160
2014-08-08,CNY,0.203175
2014-08-08,HKD,0.161421
2014-08-08,MYR,0.390986
2014-08-08,ZAR,0.116852
2014-08-11,USD,1.249888
2014-08-11,EUR,1.673100
2014-08-11,GBP,2.097668
2014-08-11,JPY,0.012237
2014-08-11,CHF,1.378853
2014-08-11,CNY,0.203078
2014-08-11,HKD,0.161225
2014-08-11,MYR,0.390729
2014-08-11,ZAR,0.116965
2014-08-12,USD,1.250787
2014-08-12,EUR,1.669300
2014-08-12,GBP,2.098429
2014-08-12,JPY,0.012230
2014-08-12,CHF,1.375268
2014-08-12,CNY,0.203152
2014-08-12,HKD,0.161363
2014-08-12,MYR,0.391202
2014-08-12,ZAR,0.117318
2014-08-13,USD,1.250075
2014-08-13,EUR,1.670100
2014-08-13,GBP,2.088408
2014-08-13,JPY,0.012200
2014-08-13,CHF,1.376267
2014-08-13,CNY,0.203136
2014-08-13,HKD,0.161277
2014-08-13,MYR,0.391509
2014-08-13,ZAR,0.117789
2014-08-14,USD,1.245794
2014-08-14,EUR,1.666000
2014-08-14,GBP,2.078343
2014-08-14,JPY,0.012161
2014-08-14,CHF,1.374134
2014-08-14,CNY,0.202462
2014-08-14,HKD,0.160725
2014-08-14,MYR,0.392823
2014-08-14,ZAR,0.118025
2014-08-15,USD,1.244099
2014-08-15,EUR,1.665600
2014-08-15,GBP,2.076420
2014-08-15,JPY,0.012128
2014-08-15,CHF,1.374938
2014-08-15,CNY,0.202205
2014-08-15,HKD,0.160517
2014-08-15,MYR,0.394393
2014-08-15,ZAR,0.118055
2014-08-18,USD,1.244788
2014-08-18,EUR,1.665900
2014-08-18,GBP,2.081855
2014-08-18,JPY,0.012140
2014-08-18,CHF,1.375981
2014-08-18,CNY,0.202499
2014-08-18,HKD,0.160603
2014-08-18,MYR,0.394333
2014-08-18,ZAR,0.117305
2014-08-19,USD,1.245170
2014-08-19,EUR,1.662800
2014-08-19,GBP,2.071638
2014-08-19,JPY,0.012127
2014-08-19,CHF,1.373761
2014-08-19,CNY,0.202726
2014-08-19,HKD,0.160659
2014-08-19,MYR,0.394356
2014-08-19,ZAR,0.117102
2014-08-20,USD,1.249172
2014-08-20,EUR,1.659400
2014-08-20,GBP,2.079188
2014-08-20,JPY,0.012092
2014-08-20,CHF,1.370725
2014-08-20,CNY,0.203453
2014-08-20,HKD,0.161171
2014-08-20,MYR,0.394438
2014-08-20,ZAR,0.116943
2014-08-21,USD,1.250264
2014-08-21,EUR,1.658100
2014-08-21,GBP,2.074570
2014-08-21,JPY,0.012041
2014-08-21,CHF,1.369312
2014-08-21,CNY,0.203166
2014-08-21,HKD,0.161324
2014-08-21,MYR,0.394185
2014-08-21,ZAR,0.116819
2014-08-22,USD,1.247833
2014-08-22,EUR,1.655500
2014-08-22,GBP,2.068599
2014-08-22,JPY,0.012023
2014-08-22,CHF,1.368182
2014-08-22,CNY,0.202820
2014-08-22,HKD,0.161006
2014-08-22,MYR,0.394345
2014-08-22,ZAR,0.116443
2014-08-25,USD,1.249394
2014-08-25,EUR,1.649200
2014-08-25,GBP,2.072719
2014-08-25,JPY,0.012027
2014-08-25,CHF,1.364441
2014-08-25,CNY,0.202998
2014-08-25,HKD,0.161207
2014-08-25,MYR,0.395056
2014-08-25,ZAR,0.116820
2014-08-26,USD,1.248787
2014-08-26,EUR,1.647400
2014-08-26,GBP,2.069468
2014-08-26,JPY,0.012012
2014-08-26,CHF,1.363065
2014-08-26,CNY,0.202719
2014-08-26,HKD,0.161126
2014-08-26,MYR,0.395534
2014-08-26,ZAR,0.116982
2014-08-27,USD,1.247097
2014-08-27,EUR,1.643300
2014-08-27,GBP,2.069647
2014-08-27,JPY,0.012005
2014-08-27,CHF,1.361700
2014-08-27,CNY,0.202997
2014-08-27,HKD,0.160914
2014-08-27,MYR,0.396367
2014-08-27,ZAR,0.117108
2014-08-28,USD,1.248976
2014-08-28,EUR,1.645900
2014-08-28,GBP,2.071617
2014-08-28,JPY,0.012042
2014-08-28,CHF,1.364760
2014-08-28,CNY,0.203363
2014-08-28,HKD,0.161156
2014-08-28,MYR,0.395554
2014-08-28,ZAR,0.117221
2014-08-29,USD,1.247801
2014-08-29,EUR,1.645600
2014-08-29,GBP,2.069156
2014-08-29,JPY,0.012002
2014-08-29,CHF,1.364398
2014-08-29,CNY,0.203115
2014-08-29,HKD,0.161005
2014-08-29,MYR,0.395121
2014-08-29,ZAR,0.117384
2014-09-01,USD,1.249067
2014-09-01,EUR,1.640400
2014-09-01,GBP,2.075799
2014-09-01,JPY,0.011976
2014-09-01,CHF,1.358847
2014-09-01,CNY,0.203324
2014-09-01,HKD,0.161166
2014-09-01,MYR,0.395325
2014-09-01,ZAR,0.117149
2014-09-02,USD,1.253603
2014-09-02,EUR,1.644100
2014-09-02,GBP,2.072482
2014-09-02,JPY,0.011946
2014-09-02,CHF,1.361912
2014-09-02,CNY,0.203907
2014-09-02,HKD,0.161749
2014-09-02,MYR,0.393646
2014-09-02,ZAR,0.116796
2014-09-03,USD,1.252300
2014-09-03,EUR,1.646900
2014-09-03,GBP,2.062363
2014-09-03,JPY,0.011925
2014-09-03,CHF,1.363554
2014-09-03,CNY,0.203895
2014-09-03,HKD,0.161583
2014-09-03,MYR,0.393581
2014-09-03,ZAR,0.117213
2014-09-04,USD,1.252862
2014-09-04,EUR,1.630600
2014-09-04,GBP,2.055724
2014-09-04,JPY,0.011912
2014-09-04,CHF,1.352634
2014-09-04,CNY,0.204090
2014-09-04,HKD,0.161654
2014-09-04,MYR,0.394580
2014-09-04,ZAR,0.117489
2014-09-05,USD,1.255175
2014-09-05,EUR,1.625200
2014-09-05,GBP,2.045435
2014-09-05,JPY,0.011926
2014-09-05,CHF,1.347149
2014-09-05,CNY,0.204389
2014-09-05,HKD,0.161953
2014-09-05,MYR,0.394399
2014-09-05,ZAR,0.116886
2014-09-08,USD,1.254963
2014-09-08,EUR,1.624800
2014-09-08,GBP,2.025051
2014-09-08,JPY,0.011919
2014-09-08,CHF,1.346259
2014-09-08,CNY,0.204334
2014-09-08,HKD,0.161926
2014-09-08,MYR,0.395175
2014-09-08,ZAR,0.116730
2014-09-09,USD,1.260890
2014-09-09,EUR,1.626800
2014-09-09,GBP,2.032230
2014-09-09,JPY,0.011883
2014-09-09,CHF,1.348922
2014-09-09,CNY,0.205464
2014-09-09,HKD,0.162687
2014-09-09,MYR,0.394854
2014-09-09,ZAR,0.115424
2014-09-10,USD,1.264599
2014-09-10,EUR,1.635000
2014-09-10,GBP,2.040562
2014-09-10,JPY,0.011856
2014-09-10,CHF,1.354374
2014-09-10,CNY,0.206304
2014-09-10,HKD,0.163167
2014-09-10,MYR,0.394718
2014-09-10,ZAR,0.115265
2014-09-11,USD,1.264387
2014-09-11,EUR,1.634600
2014-09-11,GBP,2.054034
2014-09-11,JPY,0.011812
2014-09-11,CHF,1.350909
2014-09-11,CNY,0.206272
2014-09-11,HKD,0.163134
2014-09-11,MYR,0.395433
2014-09-11,ZAR,0.115128
2014-09-12,USD,1.261619
2014-09-12,EUR,1.631400
2014-09-12,GBP,2.047954
2014-09-12,JPY,0.011760
2014-09-12,CHF,1.349491
2014-09-12,CNY,0.205694
2014-09-12,HKD,0.162777
2014-09-12,MYR,0.394936
2014-09-12,ZAR,0.114919
2014-09-15,USD,1.265278
2014-09-15,EUR,1.633600
2014-09-15,GBP,2.054972
2014-09-15,JPY,0.011797
2014-09-15,CHF,1.350194
2014-09-15,CNY,0.205958
2014-09-15,HKD,0.163244
2014-09-15,MYR,0.391694
2014-09-15,ZAR,0.114767
2014-09-16,USD,1.260792
2014-09-16,EUR,1.632600
2014-09-16,GBP,2.042793
2014-09-16,JPY,0.011773
2014-09-16,CHF,1.350931
2014-09-16,CNY,0.205157
2014-09-16,HKD,0.162658
2014-09-16,MYR,0.391089
2014-09-16,ZAR,0.115125
2014-09-17,USD,1.263584
2014-09-17,EUR,1.637100
2014-09-17,GBP,2.062878
2014-09-17,JPY,0.011773
2014-09-17,CHF,1.352863
2014-09-17,CNY,0.205805
2014-09-17,HKD,0.163017
2014-09-17,MYR,0.392195
2014-09-17,ZAR,0.115419
2014-09-18,USD,1.269500
2014-09-18,EUR,1.634100
2014-09-18,GBP,2.072942
2014-09-18,JPY,0.011663
2014-09-18,CHF,1.352060
2014-09-18,CNY,0.206702
2014-09-18,HKD,0.163779
2014-09-18,MYR,0.390019
2014-09-18,ZAR,0.114946
2014-09-19,USD,1.265873
2014-09-19,EUR,1.626900
2014-09-19,GBP,2.068531
2014-09-19,JPY,0.011634
2014-09-19,CHF,1.348222
2014-09-19,CNY,0.206138
2014-09-19,HKD,0.163315
2014-09-19,MYR,0.391025
2014-09-19,ZAR,0.114764
2014-09-22,USD,1.268431
2014-09-22,EUR,1.629300
2014-09-22,GBP,2.071320
2014-09-22,JPY,0.011630
2014-09-22,CHF,1.349988
2014-09-22,CNY,0.206554
2014-09-22,HKD,0.163643
2014-09-22,MYR,0.391001
2014-09-22,ZAR,0.114070
2014-09-23,USD,1.266910
2014-09-23,EUR,1.633300
2014-09-23,GBP,2.077990
2014-09-23,JPY,0.011677
2014-09-23,CHF,1.353302
2014-09-23,CNY,0.206381
2014-09-23,HKD,0.163441
2014-09-23,MYR,0.390405
2014-09-23,ZAR,0.114166
2014-09-24,USD,1.266100
2014-09-24,EUR,1.623900
2014-09-24,GBP,2.075802
2014-09-24,JPY,0.011641
2014-09-24,CHF,1.344622
2014-09-24,CNY,0.206299
2014-09-24,HKD,0.163329
2014-09-24,MYR,0.390736
2014-09-24,ZAR,0.113770
2014-09-25,USD,1.270610
2014-09-25,EUR,1.615200
2014-09-25,GBP,2.069708
2014-09-25,JPY,0.011630
2014-09-25,CHF,1.337529
2014-09-25,CNY,0.207034
2014-09-25,HKD,0.163873
2014-09-25,MYR,0.389834
2014-09-25,ZAR,0.113299
2014-09-26,USD,1.271521
2014-09-26,EUR,1.618900
2014-09-26,GBP,2.073652
2014-09-26,JPY,0.011653
2014-09-26,CHF,1.341148
2014-09-26,CNY,0.207575
2014-09-26,HKD,0.163903
2014-09-26,MYR,0.389927
2014-09-26,ZAR,0.113732
2014-09-29,USD,1.274073
2014-09-29,EUR,1.618200
2014-09-29,GBP,2.067459
2014-09-29,JPY,0.011644
2014-09-29,CHF,1.340568
2014-09-29,CNY,0.207082
2014-09-29,HKD,0.164076
2014-09-29,MYR,0.390492
2014-09-29,ZAR,0.112685
2014-09-30,USD,1.276564
2014-09-30,EUR,1.606300
2014-09-30,GBP,2.066512
2014-09-30,JPY,0.011631
2014-09-30,CHF,1.331592
2014-09-30,CNY,0.207903
2014-09-30,HKD,0.164344
2014-09-30,MYR,0.388803
2014-09-30,ZAR,0.112639
2014-10-01,USD,1.276283
2014-10-01,EUR,1.608500
2014-10-01,GBP,2.066949
2014-10-01,JPY,0.011611
2014-10-01,CHF,1.332422
2014-10-01,CNY,0.207865
2014-10-01,HKD,0.164404
2014-10-01,MYR,0.390422
2014-10-01,ZAR,0.113125
2014-10-02,USD,1.273138
2014-10-02,EUR,1.608100
2014-10-02,GBP,2.055343
2014-10-02,JPY,0.011698
2014-10-02,CHF,1.330658
2014-10-02,CNY,0.207344
2014-10-02,HKD,0.164005
2014-10-02,MYR,0.391456
2014-10-02,ZAR,0.113554
2014-10-03,USD,1.275365
2014-10-03,EUR,1.609000
2014-10-03,GBP,2.049029
2014-10-03,JPY,0.011705
2014-10-03,CHF,1.330962
2014-10-03,CNY,0.207760
2014-10-03,HKD,0.164351
2014-10-03,MYR,0.390525
2014-10-03,ZAR,0.113293
2014-10-06,USD,1.277676
2014-10-06,EUR,1.605400
2014-10-06,GBP,2.043143
2014-10-06,JPY,0.011697
2014-10-06,CHF,1.324587
2014-10-06,CNY,0.208091
2014-10-06,HKD,0.164716
2014-10-06,MYR,0.391599
2014-10-06,ZAR,0.113534
2014-10-07,USD,1.277306
2014-10-07,EUR,1.610300
2014-10-07,GBP,2.053954
2014-10-07,JPY,0.011763
2014-10-07,CHF,1.329179
2014-10-07,CNY,0.208033
2014-10-07,HKD,0.164711
2014-10-07,MYR,0.391248
2014-10-07,ZAR,0.113862
2014-10-08,USD,1.279004
2014-10-08,EUR,1.617300
2014-10-08,GBP,2.055019
2014-10-08,JPY,0.011808
2014-10-08,CHF,1.333086
2014-10-08,CNY,0.208351
2014-10-08,HKD,0.164896
2014-10-08,MYR,0.390765
2014-10-08,ZAR,0.114079
2014-10-09,USD,1.268119
2014-10-09,EUR,1.618500
2014-10-09,GBP,2.055238
2014-10-09,JPY,0.011782
2014-10-09,CHF,1.336830
2014-10-09,CNY,0.206787
2014-10-09,HKD,0.163500
2014-10-09,MYR,0.391481
2014-10-09,ZAR,0.115170
2014-10-10,USD,1.274331
2014-10-10,EUR,1.610500
2014-10-10,GBP,2.043263
2014-10-10,JPY,0.011818
2014-10-10,CHF,1.331872
2014-10-10,CNY,0.207849
2014-10-10,HKD,0.164226
2014-10-10,MYR,0.391164
2014-10-10,ZAR,0.114512
2014-10-13,USD,1.270999
2014-10-13,EUR,1.611500
2014-10-13,GBP,2.045051
2014-10-13,JPY,0.011854
2014-10-13,CHF,1.334355
2014-10-13,CNY,0.207443
2014-10-13,HKD,0.163819
2014-10-13,MYR,0.389665
2014-10-13,ZAR,0.115031
2014-10-14,USD,1.274711
2014-10-14,EUR,1.612000
2014-10-14,GBP,2.028949
2014-10-14,JPY,0.011915
2014-10-14,CHF,1.334548
2014-10-14,CNY,0.208091
2014-10-14,HKD,0.164337
2014-10-14,MYR,0.389598
2014-10-14,ZAR,0.115108
2014-10-15,USD,1.276883
2014-10-15,EUR,1.617300
2014-10-15,GBP,2.032550
2014-10-15,JPY,0.011936
2014-10-15,CHF,1.339712
2014-10-15,CNY,0.208412
2014-10-15,HKD,0.164627
2014-10-15,MYR,0.389814
2014-10-15,ZAR,0.115245
2014-10-16,USD,1.275002
2014-10-16,EUR,1.625500
2014-10-16,GBP,2.039523
2014-10-16,JPY,0.012045
2014-10-16,CHF,1.347732
2014-10-16,CNY,0.208208
2014-10-16,HKD,0.164373
2014-10-16,MYR,0.386794
2014-10-16,ZAR,0.114390
2014-10-17,USD,1.273181
2014-10-17,EUR,1.632600
2014-10-17,GBP,2.052294
2014-10-17,JPY,0.011965
2014-10-17,CHF,1.352162
2014-10-17,CNY,0.207853
2014-10-17,HKD,0.164117
2014-10-17,MYR,0.389103
2014-10-17,ZAR,0.114939
2014-10-20,USD,1.271275
2014-10-20,EUR,1.623800
2014-10-20,GBP,2.051807
2014-10-20,JPY,0.011886
2014-10-20,CHF,1.345988
2014-10-20,CNY,0.207621
2014-10-20,HKD,0.163871
2014-10-20,MYR,0.388711
2014-10-20,ZAR,0.115140
2014-10-21,USD,1.271117
2014-10-21,EUR,1.622200
2014-10-21,GBP,2.053418
2014-10-21,JPY,0.011910
2014-10-21,CHF,1.344216
2014-10-21,CNY,0.207583
2014-10-21,HKD,0.163880
2014-10-21,MYR,0.389502
2014-10-21,ZAR,0.115820
2014-10-22,USD,1.269519
2014-10-22,EUR,1.611400
2014-10-22,GBP,2.037426
2014-10-22,JPY,0.011867
2014-10-22,CHF,1.335931
2014-10-22,CNY,0.207462
2014-10-22,HKD,0.163674
2014-10-22,MYR,0.389124
2014-10-22,ZAR,0.115026
2014-10-23,USD,1.273502
2014-10-23,EUR,1.613400
2014-10-23,GBP,2.041245
2014-10-23,JPY,0.011827
2014-10-23,CHF,1.337035
2014-10-23,CNY,0.208068
2014-10-23,HKD,0.164165
2014-10-23,MYR,0.389334
2014-10-23,ZAR,0.116443
2014-10-24,USD,1.276404
2014-10-24,EUR,1.615800
2014-10-24,GBP,2.048688
2014-10-24,JPY,0.011825
2014-10-24,CHF,1.339801
2014-10-24,CNY,0.208690
2014-10-24,HKD,0.164532
2014-10-24,MYR,0.389387
2014-10-24,ZAR,0.116347
2014-10-27,USD,1.275889
2014-10-27,EUR,1.617700
2014-10-27,GBP,2.055266
2014-10-27,JPY,0.011829
2014-10-27,CHF,1.341376
2014-10-27,CNY,0.208609
2014-10-27,HKD,0.164476
2014-10-27,MYR,0.389404
2014-10-27,ZAR,0.116316
2014-10-28,USD,1.272906
2014-10-28,EUR,1.622700
2014-10-28,GBP,2.059003
2014-10-28,JPY,0.011806
2014-10-28,CHF,1.345969
2014-10-28,CNY,0.208212
2014-10-28,HKD,0.164086
2014-10-28,MYR,0.388987
2014-10-28,ZAR,0.116837
2014-10-29,USD,1.271571
2014-10-29,EUR,1.619600
2014-10-29,GBP,2.047664
2014-10-29,JPY,0.011758
2014-10-29,CHF,1.343063
2014-10-29,CNY,0.208062
2014-10-29,HKD,0.163964
2014-10-29,MYR,0.388832
2014-10-29,ZAR,0.116983
2014-10-30,USD,1.278378
2014-10-30,EUR,1.610500
2014-10-30,GBP,2.045859
2014-10-30,JPY,0.011732
2014-10-30,CHF,1.335517
2014-10-30,CNY,0.209069
2014-10-30,HKD,0.164831
2014-10-30,MYR,0.389047
2014-10-30,ZAR,0.117235
2014-10-31,USD,1.286410
2014-10-31,EUR,1.611100
2014-10-31,GBP,2.054319
2014-10-31,JPY,0.011493
2014-10-31,CHF,1.335129
2014-10-31,CNY,0.210439
2014-10-31,HKD,0.165879
2014-10-31,MYR,0.390949
2014-10-31,ZAR,0.117156
2014-11-03,USD,1.289282
2014-11-03,EUR,1.610700
2014-11-03,GBP,2.062752
2014-11-03,JPY,0.011328
2014-11-03,CHF,1.336237
2014-11-03,CNY,0.210695
2014-11-03,HKD,0.166259
2014-11-03,MYR,0.388570
2014-11-03,ZAR,0.116836
2014-11-04,USD,1.289995
2014-11-04,EUR,1.614300
2014-11-04,GBP,2.064586
2014-11-04,JPY,0.011372
2014-11-04,CHF,1.339112
2014-11-04,CNY,0.210915
2014-11-04,HKD,0.166399
2014-11-04,MYR,0.387503
2014-11-04,ZAR,0.116725
2014-11-05,USD,1.295673
2014-11-05,EUR,1.617000
2014-11-05,GBP,2.061711
2014-11-05,JPY,0.011291
2014-11-05,CHF,1.342689
2014-11-05,CNY,0.211899
2014-11-05,HKD,0.167137
2014-11-05,MYR,0.386861
2014-11-05,ZAR,0.116331
2014-11-06,USD,1.291923
2014-11-06,EUR,1.617100
2014-11-06,GBP,2.056987
2014-11-06,JPY,0.011282
2014-11-06,CHF,1.342549
2014-11-06,CNY,0.211328
2014-11-06,HKD,0.166631
2014-11-06,MYR,0.387237
2014-11-06,ZAR,0.116154
2014-11-07,USD,1.295570
2014-11-07,EUR,1.605600
2014-11-07,GBP,2.049528
2014-11-07,JPY,0.011237
2014-11-07,CHF,1.333555
2014-11-07,CNY,0.211608
2014-11-07,HKD,0.167099
2014-11-07,MYR,0.387199
2014-11-07,ZAR,0.114653
2014-11-10,USD,1.289204
2014-11-10,EUR,1.609700
2014-11-10,GBP,2.050051
2014-11-10,JPY,0.011291
2014-11-10,CHF,1.338294
2014-11-10,CNY,0.210658
2014-11-10,HKD,0.166247
2014-11-10,MYR,0.387087
2014-11-10,ZAR,0.115032
2014-11-11,USD,1.294028
2014-11-11,EUR,1.607700
2014-11-11,GBP,2.051685
2014-11-11,JPY,0.011174
2014-11-11,CHF,1.337076
2014-11-11,CNY,0.211325
2014-11-11,HKD,0.166892
2014-11-11,MYR,0.386820
2014-11-11,ZAR,0.114673
2014-11-12,USD,1.289805
2014-11-12,EUR,1.608000
2014-11-12,GBP,2.040609
2014-11-12,JPY,0.011195
2014-11-12,CHF,1.337437
2014-11-12,CNY,0.210521
2014-11-12,HKD,0.166327
2014-11-12,MYR,0.387227
2014-11-12,ZAR,0.114771
2014-11-13,USD,1.291426
2014-11-13,EUR,1.608600
2014-11-13,GBP,2.033114
2014-11-13,JPY,0.011181
2014-11-13,CHF,1.338492
2014-11-13,CNY,0.210773
2014-11-13,HKD,0.166520
2014-11-13,MYR,0.387083
2014-11-13,ZAR,0.115056
2014-11-14,USD,1.299292
2014-11-14,EUR,1.615800
2014-11-14,GBP,2.033988
2014-11-14,JPY,0.011148
2014-11-14,CHF,1.344819
2014-11-14,CNY,0.211964
2014-11-14,HKD,0.167552
2014-11-14,MYR,0.386842
2014-11-14,ZAR,0.116048
2014-11-17,USD,1.297775
2014-11-17,EUR,1.621700
2014-11-17,GBP,2.029916
2014-11-17,JPY,0.011161
2014-11-17,CHF,1.349954
2014-11-17,CNY,0.211923
2014-11-17,HKD,0.167360
2014-11-17,MYR,0.387281
2014-11-17,ZAR,0.116722
2014-11-18,USD,1.297747
2014-11-18,EUR,1.624000
2014-11-18,GBP,2.031524
2014-11-18,JPY,0.011130
2014-11-18,CHF,1.351869
2014-11-18,CNY,0.211997
2014-11-18,HKD,0.167347
2014-11-18,MYR,0.387026
2014-11-18,ZAR,0.117610
2014-11-19,USD,1.304108
2014-11-19,EUR,1.634700
2014-11-19,GBP,2.044269
2014-11-19,JPY,0.011086
2014-11-19,CHF,1.360663
2014-11-19,CNY,0.213101
2014-11-19,HKD,0.168157
2014-11-19,MYR,0.388115
2014-11-19,ZAR,0.117934
2014-11-20,USD,1.302097
2014-11-20,EUR,1.632700
2014-11-20,GBP,2.043685
2014-11-20,JPY,0.011013
2014-11-20,CHF,1.358998
2014-11-20,CNY,0.212525
2014-11-20,HKD,0.167892
2014-11-20,MYR,0.386731
2014-11-20,ZAR,0.118474
2014-11-21,USD,1.297134
2014-11-21,EUR,1.611300
2014-11-21,GBP,2.034213
2014-11-21,JPY,0.011002
2014-11-21,CHF,1.340070
2014-11-21,CNY,0.211698
2014-11-21,HKD,0.167238
2014-11-21,MYR,0.388612
2014-11-21,ZAR,0.118796
2014-11-24,USD,1.303707
2014-11-24,EUR,1.617900
2014-11-24,GBP,2.043835
2014-11-24,JPY,0.011020
2014-11-24,CHF,1.345223
2014-11-24,CNY,0.212289
2014-11-24,HKD,0.168073
2014-11-24,MYR,0.388750
2014-11-24,ZAR,0.118616
2014-11-25,USD,1.303284
2014-11-25,EUR,1.619200
2014-11-25,GBP,2.042124
2014-11-25,JPY,0.011041
2014-11-25,CHF,1.345968
2014-11-25,CNY,0.212354
2014-11-25,HKD,0.168042
2014-11-25,MYR,0.388754
2014-11-25,ZAR,0.118480
2014-11-26,USD,1.301323
2014-11-26,EUR,1.623400
2014-11-26,GBP,2.052469
2014-11-26,JPY,0.011050
2014-11-26,CHF,1.349909
2014-11-26,CNY,0.211993
2014-11-26,HKD,0.167816
2014-11-26,MYR,0.388317
2014-11-26,ZAR,0.118618
2014-11-27,USD,1.298237
2014-11-27,EUR,1.620200
2014-11-27,GBP,2.045707
2014-11-27,JPY,0.011047
2014-11-27,CHF,1.347696
2014-11-27,CNY,0.211487
2014-11-27,HKD,0.167459
2014-11-27,MYR,0.387942
2014-11-27,ZAR,0.118407
2014-11-28,USD,1.303212
2014-11-28,EUR,1.626800
2014-11-28,GBP,2.045517
2014-11-28,JPY,0.011015
2014-11-28,CHF,1.353636
2014-11-28,CNY,0.212174
2014-11-28,HKD,0.168047
2014-11-28,MYR,0.384223
2014-11-28,ZAR,0.118186
2014-12-01,USD,1.306039
2014-12-01,EUR,1.628500
2014-12-01,GBP,2.054371
2014-12-01,JPY,0.011032
2014-12-01,CHF,1.353924
2014-12-01,CNY,0.212205
2014-12-01,HKD,0.168423
2014-12-01,MYR,0.381203
2014-12-01,ZAR,0.118400
2014-12-02,USD,1.307308
2014-12-02,EUR,1.624200
2014-12-02,GBP,2.046623
2014-12-02,JPY,0.010968
2014-12-02,CHF,1.349003
2014-12-02,CNY,0.212555
2014-12-02,HKD,0.168576
2014-12-02,MYR,0.380330
2014-12-02,ZAR,0.118124
2014-12-03,USD,1.309626
2014-12-03,EUR,1.614900
2014-12-03,GBP,2.054057
2014-12-03,JPY,0.010971
2014-12-03,CHF,1.342171
2014-12-03,CNY,0.213182
2014-12-03,HKD,0.168928
2014-12-03,MYR,0.379932
2014-12-03,ZAR,0.117198
2014-12-04,USD,1.314840
2014-12-04,EUR,1.618700
2014-12-04,GBP,2.059153
2014-12-04,JPY,0.010964
2014-12-04,CHF,1.344994
2014-12-04,CNY,0.213614
2014-12-04,HKD,0.169604
2014-12-04,MYR,0.381283
2014-12-04,ZAR,0.117603
2014-12-05,USD,1.317991
2014-12-05,EUR,1.629300
2014-12-05,GBP,2.067377
2014-12-05,JPY,0.010933
2014-12-05,CHF,1.355378
2014-12-05,CNY,0.214227
2014-12-05,HKD,0.170032
2014-12-05,MYR,0.379693
2014-12-05,ZAR,0.117408
2014-12-08,USD,1.321667
2014-12-08,EUR,1.620100
2014-12-08,GBP,2.065137
2014-12-08,JPY,0.010913
2014-12-08,CHF,1.347501
2014-12-08,CNY,0.214112
2014-12-08,HKD,0.170514
2014-12-08,MYR,0.378395
2014-12-08,ZAR,0.114719
2014-12-09,USD,1.317811
2014-12-09,EUR,1.630000
2014-12-09,GBP,2.062899
2014-12-09,JPY,0.011012
2014-12-09,CHF,1.355960
2014-12-09,CNY,0.212936
2014-12-09,HKD,0.169988
2014-12-09,MYR,0.378638
2014-12-09,ZAR,0.115067
2014-12-10,USD,1.312379
2014-12-10,EUR,1.626300
2014-12-10,GBP,2.059259
2014-12-10,JPY,0.011038
2014-12-10,CHF,1.352545
2014-12-10,CNY,0.212516
2014-12-10,HKD,0.169302
2014-12-10,MYR,0.377437
2014-12-10,ZAR,0.114182
2014-12-11,USD,1.313405
2014-12-11,EUR,1.632300
2014-12-11,GBP,2.059165
2014-12-11,JPY,0.011089
2014-12-11,CHF,1.358891
2014-12-11,CNY,0.212219
2014-12-11,HKD,0.169417
2014-12-11,MYR,0.376236
2014-12-11,ZAR,0.113840
2014-12-12,USD,1.309799
2014-12-12,EUR,1.630700
2014-12-12,GBP,2.057666
2014-12-12,JPY,0.011062
2014-12-12,CHF,1.357785
2014-12-12,CNY,0.211645
2014-12-12,HKD,0.168955
2014-12-12,MYR,0.374856
2014-12-12,ZAR,0.112642
2014-12-15,USD,1.313536
2014-12-15,EUR,1.632200
2014-12-15,GBP,2.056704
2014-12-15,JPY,0.011053
2014-12-15,CHF,1.358921
2014-12-15,CNY,0.212084
2014-12-15,HKD,0.169431
2014-12-15,MYR,0.375003
2014-12-15,ZAR,0.112797
2014-12-16,USD,1.301109
2014-12-16,EUR,1.631200
2014-12-16,GBP,2.047960
2014-12-16,JPY,0.011189
2014-12-16,CHF,1.358315
2014-12-16,CNY,0.210141
2014-12-16,HKD,0.167809
2014-12-16,MYR,0.372684
2014-12-16,ZAR,0.111685
2014-12-17,USD,1.305190
2014-12-17,EUR,1.624700
2014-12-17,GBP,2.048285
2014-12-17,JPY,0.011136
2014-12-17,CHF,1.352789
2014-12-17,CNY,0.210609
2014-12-17,HKD,0.168331
2014-12-17,MYR,0.374355
2014-12-17,ZAR,0.111502
2014-12-18,USD,1.314530
2014-12-18,EUR,1.614900
2014-12-18,GBP,2.053274
2014-12-18,JPY,0.011064
2014-12-18,CHF,1.339944
2014-12-18,CNY,0.211474
2014-12-18,HKD,0.169469
2014-12-18,MYR,0.379789
2014-12-18,ZAR,0.113822
2014-12-19,USD,1.315009
2014-12-19,EUR,1.614700
2014-12-19,GBP,2.057729
2014-12-19,JPY,0.011029
2014-12-19,CHF,1.341224
2014-12-19,CNY,0.211348
2014-12-19,HKD,0.169553
2014-12-19,MYR,0.378433
2014-12-19,ZAR,0.113339
2014-12-22,USD,1.319112
2014-12-22,EUR,1.617100
2014-12-22,GBP,2.060262
2014-12-22,JPY,0.010996
2014-12-22,CHF,1.343664
2014-12-22,CNY,0.212020
2014-12-22,HKD,0.170046
2014-12-22,MYR,0.377483
2014-12-22,ZAR,0.113815
2014-12-23,USD,1.321624
2014-12-23,EUR,1.614100
2014-12-23,GBP,2.051735
2014-12-23,JPY,0.010995
2014-12-23,CHF,1.341506
2014-12-23,CNY,0.212287
2014-12-23,HKD,0.170334
2014-12-23,MYR,0.378036
2014-12-23,ZAR,0.113886
2014-12-24,USD,1.322530
2014-12-24,EUR,1.616000
2014-12-24,GBP,2.054673
2014-12-24,JPY,0.010988
2014-12-24,CHF,1.343867
2014-12-24,CNY,0.212718
2014-12-24,HKD,0.170385
2014-12-24,MYR,0.378197
2014-12-24,ZAR,0.113405
2014-12-29,USD,1.322784
2014-12-29,EUR,1.613400
2014-12-29,GBP,2.057383
2014-12-29,JPY,0.010978
2014-12-29,CHF,1.341370
2014-12-29,CNY,0.212513
2014-12-29,HKD,0.170492
2014-12-29,MYR,0.378209
2014-12-29,ZAR,0.113975
2014-12-30,USD,1.322780
2014-12-30,EUR,1.608500
2014-12-30,GBP,2.056117
2014-12-30,JPY,0.011062
2014-12-30,CHF,1.337296
2014-12-30,CNY,0.213210
2014-12-30,HKD,0.170500
2014-12-30,MYR,0.377946
2014-12-30,ZAR,0.113685
2014-12-31,USD,1.322626
2014-12-31,EUR,1.605800
2014-12-31,GBP,2.061625
2014-12-31,JPY,0.011057
2014-12-31,CHF,1.335496
2014-12-31,CNY,0.213090
2014-12-31,HKD,0.170521
2014-12-31,MYR,0.378075
2014-12-31,ZAR,0.114412
2015-01-02,USD,1.328573
2015-01-02,EUR,1.600000
2015-01-02,GBP,2.051282
2015-01-02,JPY,0.011019
2015-01-02,CHF,1.330893
2015-01-02,CNY,0.214021
2015-01-02,HKD,0.171303
2015-01-02,MYR,0.377813
2015-01-02,ZAR,0.113932
2015-01-05,USD,1.336131
2015-01-05,EUR,1.592000
2015-01-05,GBP,2.033985
2015-01-05,JPY,0.011133
2015-01-05,CHF,1.324900
2015-01-05,CNY,0.214813
2015-01-05,HKD,0.172278
2015-01-05,MYR,0.377117
2015-01-05,ZAR,0.113927
2015-01-06,USD,1.334984
2015-01-06,EUR,1.590500
2015-01-06,GBP,2.028182
2015-01-06,JPY,0.011225
2015-01-06,CHF,1.323872
2015-01-06,CNY,0.214869
2015-01-06,HKD,0.172177
2015-01-06,MYR,0.373796
2015-01-06,ZAR,0.113793
2015-01-07,USD,1.339194
2015-01-07,EUR,1.584400
2015-01-07,GBP,2.025310
2015-01-07,JPY,0.011223
2015-01-07,CHF,1.319124
2015-01-07,CNY,0.215529
2015-01-07,HKD,0.172700
2015-01-07,MYR,0.373891
2015-01-07,ZAR,0.114324
2015-01-08,USD,1.338630
2015-01-08,EUR,1.575300
2015-01-08,GBP,2.016771
2015-01-08,JPY,0.011172
2015-01-08,CHF,1.311657
2015-01-08,CNY,0.215346
2015-01-08,HKD,0.172607
2015-01-08,MYR,0.376056
2015-01-08,ZAR,0.115059
2015-01-09,USD,1.336578
2015-01-09,EUR,1.578900
2015-01-09,GBP,2.024490
2015-01-09,JPY,0.011213
2015-01-09,CHF,1.314654
2015-01-09,CNY,0.215341
2015-01-09,HKD,0.172382
2015-01-09,MYR,0.375446
2015-01-09,ZAR,0.115539
2015-01-12,USD,1.336411
2015-01-12,EUR,1.577500
2015-01-12,GBP,2.024772
2015-01-12,JPY,0.011223
2015-01-12,CHF,1.313489
2015-01-12,CNY,0.215523
2015-01-12,HKD,0.172370
2015-01-12,MYR,0.374659
2015-01-12,ZAR,0.115945
2015-01-13,USD,1.335512
2015-01-13,EUR,1.573500
2015-01-13,GBP,2.025879
2015-01-13,JPY,0.011275
2015-01-13,CHF,1.310158
2015-01-13,CNY,0.215465
2015-01-13,HKD,0.172253
2015-01-13,MYR,0.371792
2015-01-13,ZAR,0.116137
2015-01-14,USD,1.335372
2015-01-14,EUR,1.572400
2015-01-14,GBP,2.028118
2015-01-14,JPY,0.011437
2015-01-14,CHF,1.309242
2015-01-14,CNY,0.215492
2015-01-14,HKD,0.172222
2015-01-14,MYR,0.371576
2015-01-14,ZAR,0.116098
2015-01-15,USD,1.322087
2015-01-15,EUR,1.547900
2015-01-15,GBP,2.017596
2015-01-15,JPY,0.011342
2015-01-15,CHF,1.505739
2015-01-15,CNY,0.213477
2015-01-15,HKD,0.170566
2015-01-15,MYR,0.371297
2015-01-15,ZAR,0.115466
2015-01-16,USD,1.325768
2015-01-16,EUR,1.536300
2015-01-16,GBP,2.011654
2015-01-16,JPY,0.011375
2015-01-16,CHF,1.516884
2015-01-16,CNY,0.213595
2015-01-16,HKD,0.171023
2015-01-16,MYR,0.372581
2015-01-16,ZAR,0.114624
2015-01-19,USD,1.331581
2015-01-19,EUR,1.545300
2015-01-19,GBP,2.016310
2015-01-19,JPY,0.011340
2015-01-19,CHF,1.526976
2015-01-19,CNY,0.214066
2015-01-19,HKD,0.171771
2015-01-19,MYR,0.372838
2015-01-19,ZAR,0.114286
2015-01-20,USD,1.338803
2015-01-20,EUR,1.550200
2015-01-20,GBP,2.029855
2015-01-20,JPY,0.011285
2015-01-20,CHF,1.536830
2015-01-20,CNY,0.215461
2015-01-20,HKD,0.172682
2015-01-20,MYR,0.371119
2015-01-20,ZAR,0.115153
2015-01-21,USD,1.333132
2015-01-21,EUR,1.545500
2015-01-21,GBP,2.014731
2015-01-21,JPY,0.011358
2015-01-21,CHF,1.545964
2015-01-21,CNY,0.214602
2015-01-21,HKD,0.171953
2015-01-21,MYR,0.369489
2015-01-21,ZAR,0.115469
2015-01-22,USD,1.332329
2015-01-22,EUR,1.547900
2015-01-22,GBP,2.024987
2015-01-22,JPY,0.011323
2015-01-22,CHF,1.556774
2015-01-22,CNY,0.214557
2015-01-22,HKD,0.171848
2015-01-22,MYR,0.371939
2015-01-22,ZAR,0.116063
2015-01-23,USD,1.344704
2015-01-23,EUR,1.505800
2015-01-23,GBP,2.014987
2015-01-23,JPY,0.011397
2015-01-23,CHF,1.534026
2015-01-23,CNY,0.215885
2015-01-23,HKD,0.173461
2015-01-23,MYR,0.373824
2015-01-23,ZAR,0.117247
2015-01-26,USD,1.343917
2015-01-26,EUR,1.511100
2015-01-26,GBP,2.017625
2015-01-26,JPY,0.011359
2015-01-26,CHF,1.508987
2015-01-26,CNY,0.214877
2015-01-26,HKD,0.173351
2015-01-26,MYR,0.372339
2015-01-26,ZAR,0.117073
2015-01-27,USD,1.341500
2015-01-27,EUR,1.516700
2015-01-27,GBP,2.029709
2015-01-27,JPY,0.011397
2015-01-27,CHF,1.491347
2015-01-27,CNY,0.214821
2015-01-27,HKD,0.173037
2015-01-27,MYR,0.372279
2015-01-27,ZAR,0.115708
2015-01-28,USD,1.352697
2015-01-28,EUR,1.534500
2015-01-28,GBP,2.055317
2015-01-28,JPY,0.011477
2015-01-28,CHF,1.498243
2015-01-28,CNY,0.216526
2015-01-28,HKD,0.174496
2015-01-28,MYR,0.373831
2015-01-28,ZAR,0.116948
2015-01-29,USD,1.352629
2015-01-29,EUR,1.530500
2015-01-29,GBP,2.046807
2015-01-29,JPY,0.011470
2015-01-29,CHF,1.475607
2015-01-29,CNY,0.216564
2015-01-29,HKD,0.174472
2015-01-29,MYR,0.372484
2015-01-29,ZAR,0.116360
2015-01-30,USD,1.352676
2015-01-30,EUR,1.529200
2015-01-30,GBP,2.035947
2015-01-30,JPY,0.011491
2015-01-30,CHF,1.460833
2015-01-30,CNY,0.216481
2015-01-30,HKD,0.174494
2015-01-30,MYR,0.372068
2015-01-30,ZAR,0.116708
2015-02-02,USD,1.352785
2015-02-02,EUR,1.530000
2015-02-02,GBP,2.032952
2015-02-02,JPY,0.011499
2015-02-02,CHF,1.454511
2015-02-02,CNY,0.216190
2015-02-02,HKD,0.174454
2015-02-02,MYR,0.373271
2015-02-02,ZAR,0.116853
2015-02-03,USD,1.350387
2015-02-03,EUR,1.536200
2015-02-03,GBP,2.037536
2015-02-03,JPY,0.011509
2015-02-03,CHF,1.459434
2015-02-03,CNY,0.215819
2015-02-03,HKD,0.174145
2015-02-03,MYR,0.376344
2015-02-03,ZAR,0.117881
2015-02-04,USD,1.345099
2015-02-04,EUR,1.539600
2015-02-04,GBP,2.048430
2015-02-04,JPY,0.011448
2015-02-04,CHF,1.452179
2015-02-04,CNY,0.215250
2015-02-04,HKD,0.173470
2015-02-04,MYR,0.377131
2015-02-04,ZAR,0.117769
2015-02-05,USD,1.346100
2015-02-05,EUR,1.535900
2015-02-05,GBP,2.052793
2015-02-05,JPY,0.011464
2015-02-05,CHF,1.450741
2015-02-05,CNY,0.215393
2015-02-05,HKD,0.173636
2015-02-05,MYR,0.378254
2015-02-05,ZAR,0.118301
2015-02-06,USD,1.343321
2015-02-06,EUR,1.537700
2015-02-06,GBP,2.057674
2015-02-06,JPY,0.011451
2015-02-06,CHF,1.459749
2015-02-06,CNY,0.214958
2015-02-06,HKD,0.173283
2015-02-06,MYR,0.381119
2015-02-06,ZAR,0.118754
2015-02-09,USD,1.355388
2015-02-09,EUR,1.528200
2015-02-09,GBP,2.060958
2015-02-09,JPY,0.011428
2015-02-09,CHF,1.465478
2015-02-09,CNY,0.216988
2015-02-09,HKD,0.174819
2015-02-09,MYR,0.380699
2015-02-09,ZAR,0.117068
2015-02-10,USD,1.356289
2015-02-10,EUR,1.532200
2015-02-10,GBP,2.064960
2015-02-10,JPY,0.011377
2015-02-10,CHF,1.465239
2015-02-10,CNY,0.217296
2015-02-10,HKD,0.174919
2015-02-10,MYR,0.378939
2015-02-10,ZAR,0.116568
2015-02-11,USD,1.360085
2015-02-11,EUR,1.538800
2015-02-11,GBP,2.080584
2015-02-11,JPY,0.011356
2015-02-11,CHF,1.470425
2015-02-11,CNY,0.217868
2015-02-11,HKD,0.175410
2015-02-11,MYR,0.376069
2015-02-11,ZAR,0.115003
2015-02-12,USD,1.359198
2015-02-12,EUR,1.539700
2015-02-12,GBP,2.087446
2015-02-12,JPY,0.011345
2015-02-12,CHF,1.458187
2015-02-12,CNY,0.217687
2015-02-12,HKD,0.175267
2015-02-12,MYR,0.376694
2015-02-12,ZAR,0.115109
2015-02-13,USD,1.356559
2015-02-13,EUR,1.543900
2015-02-13,GBP,2.086069
2015-02-13,JPY,0.011397
2015-02-13,CHF,1.459815
2015-02-13,CNY,0.217417
2015-02-13,HKD,0.174918
2015-02-13,MYR,0.379495
2015-02-13,ZAR,0.115709
2015-02-16,USD,1.357030
2015-02-16,EUR,1.548100
2015-02-16,GBP,2.086107
2015-02-16,JPY,0.011445
2015-02-16,CHF,1.456898
2015-02-16,CNY,0.217149
2015-02-16,HKD,0.174927
2015-02-16,MYR,0.379009
2015-02-16,ZAR,0.116663
2015-02-17,USD,1.354621
2015-02-17,EUR,1.546300
2015-02-17,GBP,2.080038
2015-02-17,JPY,0.011403
2015-02-17,CHF,1.454520
2015-02-17,CNY,0.216560
2015-02-17,HKD,0.174589
2015-02-17,MYR,0.377893
2015-02-17,ZAR,0.116828
2015-02-18,USD,1.360798
2015-02-18,EUR,1.547500
2015-02-18,GBP,2.099159
2015-02-18,JPY,0.011405
2015-02-18,CHF,1.445316
2015-02-18,CNY,0.217550
2015-02-18,HKD,0.175396
2015-02-18,MYR,0.375607
2015-02-18,ZAR,0.116423
2015-02-19,USD,1.358216
2015-02-19,EUR,1.546600
2015-02-19,GBP,2.095948
2015-02-19,JPY,0.011412
2015-02-19,CHF,1.432568
2015-02-19,CNY,0.217131
2015-02-19,HKD,0.175091
2015-02-19,MYR,0.374398
2015-02-19,ZAR,0.116640
2015-02-20,USD,1.359533
2015-02-20,EUR,1.536000
2015-02-20,GBP,2.090365
2015-02-20,JPY,0.011470
2015-02-20,CHF,1.433103
2015-02-20,CNY,0.217434
2015-02-20,HKD,0.175272
2015-02-20,MYR,0.372626
2015-02-20,ZAR,0.116646
2015-02-23,USD,1.361657
2015-02-23,EUR,1.538400
2015-02-23,GBP,2.092492
2015-02-23,JPY,0.011438
2015-02-23,CHF,1.434138
2015-02-23,CNY,0.217639
2015-02-23,HKD,0.175554
2015-02-23,MYR,0.374370
2015-02-23,ZAR,0.116272
2015-02-24,USD,1.361229
2015-02-24,EUR,1.542000
2015-02-24,GBP,2.099673
2015-02-24,JPY,0.011392
2015-02-24,CHF,1.433752
2015-02-24,CNY,0.217667
2015-02-24,HKD,0.175475
2015-02-24,MYR,0.373755
2015-02-24,ZAR,0.117271
2015-02-25,USD,1.355368
2015-02-25,EUR,1.537800
2015-02-25,GBP,2.098526
2015-02-25,JPY,0.011398
2015-02-25,CHF,1.427458
2015-02-25,CNY,0.216515
2015-02-25,HKD,0.174756
2015-02-25,MYR,0.375917
2015-02-25,ZAR,0.118065
2015-02-26,USD,1.351330
2015-02-26,EUR,1.529300
2015-02-26,GBP,2.094645
2015-02-26,JPY,0.011367
2015-02-26,CHF,1.423267
2015-02-26,CNY,0.215908
2015-02-26,HKD,0.174259
2015-02-26,MYR,0.377764
2015-02-26,ZAR,0.118201
2015-02-27,USD,1.360231
2015-02-27,EUR,1.528900
2015-02-27,GBP,2.100714
2015-02-27,JPY,0.011405
2015-02-27,CHF,1.437476
2015-02-27,CNY,0.216911
2015-02-27,HKD,0.175399
2015-02-27,MYR,0.376799
2015-02-27,ZAR,0.116992
2015-03-02,USD,1.363053
2015-03-02,EUR,1.530300
2015-03-02,GBP,2.098026
2015-03-02,JPY,0.011380
2015-03-02,CHF,1.426986
2015-03-02,CNY,0.217199
2015-03-02,HKD,0.175775
2015-03-02,MYR,0.375340
2015-03-02,ZAR,0.116424
2015-03-03,USD,1.363001
2015-03-03,EUR,1.522200
2015-03-03,GBP,2.092084
2015-03-03,JPY,0.011382
2015-03-03,CHF,1.417846
2015-03-03,CNY,0.217324
2015-03-03,HKD,0.175755
2015-03-03,MYR,0.374954
2015-03-03,ZAR,0.115584
2015-03-04,USD,1.367044
2015-03-04,EUR,1.520700
2015-03-04,GBP,2.094917
2015-03-04,JPY,0.011421
2015-03-04,CHF,1.422012
2015-03-04,CNY,0.218072
2015-03-04,HKD,0.176280
2015-03-04,MYR,0.374289
2015-03-04,ZAR,0.116021
2015-03-05,USD,1.369229
2015-03-05,EUR,1.515600
2015-03-05,GBP,2.090194
2015-03-05,JPY,0.011387
2015-03-05,CHF,1.416846
2015-03-05,CNY,0.218443
2015-03-05,HKD,0.176547
2015-03-05,MYR,0.375000
2015-03-05,ZAR,0.116439
2015-03-06,USD,1.368603
2015-03-06,EUR,1.500400
2015-03-06,GBP,2.078116
2015-03-06,JPY,0.011412
2015-03-06,CHF,1.402243
2015-03-06,CNY,0.218555
2015-03-06,HKD,0.176404
2015-03-06,MYR,0.375823
2015-03-06,ZAR,0.116189
2015-03-09,USD,1.379282
2015-03-09,EUR,1.497900
2015-03-09,GBP,2.084470
2015-03-09,JPY,0.011407
2015-03-09,CHF,1.401085
2015-03-09,CNY,0.220169
2015-03-09,HKD,0.177763
2015-03-09,MYR,0.375009
2015-03-09,ZAR,0.114099
2015-03-10,USD,1.386571
2015-03-10,EUR,1.488900
2015-03-10,GBP,2.088805
2015-03-10,JPY,0.011428
2015-03-10,CHF,1.391105
2015-03-10,CNY,0.221444
2015-03-10,HKD,0.178684
2015-03-10,MYR,0.374227
2015-03-10,ZAR,0.112908
2015-03-11,USD,1.387408
2015-03-11,EUR,1.467600
2015-03-11,GBP,2.085992
2015-03-11,JPY,0.011436
2015-03-11,CHF,1.377382
2015-03-11,CNY,0.221541
2015-03-11,HKD,0.178753
2015-03-11,MYR,0.375259
2015-03-11,ZAR,0.112845
2015-03-12,USD,1.377838
2015-03-12,EUR,1.462300
2015-03-12,GBP,2.062192
2015-03-12,JPY,0.011398
2015-03-12,CHF,1.374859
2015-03-12,CNY,0.220034
2015-03-12,HKD,0.177380
2015-03-12,MYR,0.374363
2015-03-12,ZAR,0.112804
2015-03-13,USD,1.388479
2015-03-13,EUR,1.467900
2015-03-13,GBP,2.052289
2015-03-13,JPY,0.011431
2015-03-13,CHF,1.378569
2015-03-13,CNY,0.221831
2015-03-13,HKD,0.178764
2015-03-13,MYR,0.376182
2015-03-13,ZAR,0.111383
2015-03-16,USD,1.389599
2015-03-16,EUR,1.467000
2015-03-16,GBP,2.057215
2015-03-16,JPY,0.011465
2015-03-16,CHF,1.382007
2015-03-16,CNY,0.221893
2015-03-16,HKD,0.178955
2015-03-16,MYR,0.375441
2015-03-16,ZAR,0.112056
2015-03-17,USD,1.388528
2015-03-17,EUR,1.476700
2015-03-17,GBP,2.051115
2015-03-17,JPY,0.011456
2015-03-17,CHF,1.385272
2015-03-17,CNY,0.222167
2015-03-17,HKD,0.178836
2015-03-17,MYR,0.375645
2015-03-17,ZAR,0.112032
2015-03-18,USD,1.391144
2015-03-18,EUR,1.473500
2015-03-18,GBP,2.038036
2015-03-18,JPY,0.011480
2015-03-18,CHF,1.386563
2015-03-18,CNY,0.223318
2015-03-18,HKD,0.179306
2015-03-18,MYR,0.375013
2015-03-18,ZAR,0.112440
2015-03-19,USD,1.387000
2015-03-19,EUR,1.480900
2015-03-19,GBP,2.061673
2015-03-19,JPY,0.011469
2015-03-19,CHF,1.397735
2015-03-19,CNY,0.223904
2015-03-19,HKD,0.178762
2015-03-19,MYR,0.374390
2015-03-19,ZAR,0.113206
2015-03-20,USD,1.386229
2015-03-20,EUR,1.493800
2015-03-20,GBP,2.058994
2015-03-20,JPY,0.011468
2015-03-20,CHF,1.415656
2015-03-20,CNY,0.223409
2015-03-20,HKD,0.178652
2015-03-20,MYR,0.371601
2015-03-20,ZAR,0.114356
2015-03-23,USD,1.370601
2015-03-23,EUR,1.495600
2015-03-23,GBP,2.043728
2015-03-23,JPY,0.011434
2015-03-23,CHF,1.416154
2015-03-23,CNY,0.220551
2015-03-23,HKD,0.176726
2015-03-23,MYR,0.370933
2015-03-23,ZAR,0.114489
2015-03-24,USD,1.364110
2015-03-24,EUR,1.493700
2015-03-24,GBP,2.033905
2015-03-24,JPY,0.011412
2015-03-24,CHF,1.423792
2015-03-24,CNY,0.219723
2015-03-24,HKD,0.175912
2015-03-24,MYR,0.373883
2015-03-24,ZAR,0.115237
2015-03-25,USD,1.367592
2015-03-25,EUR,1.502300
2015-03-25,GBP,2.039783
2015-03-25,JPY,0.011457
2015-03-25,CHF,1.428449
2015-03-25,CNY,0.220137
2015-03-25,HKD,0.176345
2015-03-25,MYR,0.373048
2015-03-25,ZAR,0.115941
2015-03-26,USD,1.365807
2015-03-26,EUR,1.498700
2015-03-26,GBP,2.033238
2015-03-26,JPY,0.011469
2015-03-26,CHF,1.427605
2015-03-26,CNY,0.219835
2015-03-26,HKD,0.176131
2015-03-26,MYR,0.372700
2015-03-26,ZAR,0.115117
2015-03-27,USD,1.369013
2015-03-27,EUR,1.486200
2015-03-27,GBP,2.036448
2015-03-27,JPY,0.011486
2015-03-27,CHF,1.418671
2015-03-27,CNY,0.220250
2015-03-27,HKD,0.176548
2015-03-27,MYR,0.371606
2015-03-27,ZAR,0.113882
2015-03-30,USD,1.373721
2015-03-30,EUR,1.489800
2015-03-30,GBP,2.033024
2015-03-30,JPY,0.011458
2015-03-30,CHF,1.427148
2015-03-30,CNY,0.221288
2015-03-30,HKD,0.177146
2015-03-30,MYR,0.370173
2015-03-30,ZAR,0.113339
2015-03-31,USD,1.373176
2015-03-31,EUR,1.477400
2015-03-31,GBP,2.031349
2015-03-31,JPY,0.011457
2015-03-31,CHF,1.412023
2015-03-31,CNY,0.221466
2015-03-31,HKD,0.177100
2015-03-31,MYR,0.370526
2015-03-31,ZAR,0.112500
2015-04-01,USD,1.366434
2015-04-01,EUR,1.469600
2015-04-01,GBP,2.017296
2015-04-01,JPY,0.011367
2015-04-01,CHF,1.409553
2015-04-01,CNY,0.220455
2015-04-01,HKD,0.176249
2015-04-01,MYR,0.369385
2015-04-01,ZAR,0.113037
2015-04-02,USD,1.359095
2015-04-02,EUR,1.471900
2015-04-02,GBP,2.011892
2015-04-02,JPY,0.011358
2015-04-02,CHF,1.415288
2015-04-02,CNY,0.219343
2015-04-02,HKD,0.175314
2015-04-02,MYR,0.371317
2015-04-02,ZAR,0.113267
2015-04-07,USD,1.357426
2015-04-07,EUR,1.472400
2015-04-07,GBP,2.020862
2015-04-07,JPY,0.011297
2015-04-07,CHF,1.410615
2015-04-07,CNY,0.218974
2015-04-07,HKD,0.175106
2015-04-07,MYR,0.372505
2015-04-07,ZAR,0.114722
2015-04-08,USD,1.353894
2015-04-08,EUR,1.470600
2015-04-08,GBP,2.024504
2015-04-08,JPY,0.011304
2015-04-08,CHF,1.408891
2015-04-08,CNY,0.218264
2015-04-08,HKD,0.174691
2015-04-08,MYR,0.372955
2015-04-08,ZAR,0.114907
2015-04-09,USD,1.353815
2015-04-09,EUR,1.458600
2015-04-09,GBP,2.006879
2015-04-09,JPY,0.011288
2015-04-09,CHF,1.396190
2015-04-09,CNY,0.218148
2015-04-09,HKD,0.174683
2015-04-09,MYR,0.373425
2015-04-09,ZAR,0.114845
2015-04-10,USD,1.366036
2015-04-10,EUR,1.443900
2015-04-10,GBP,1.993236
2015-04-10,JPY,0.011341
2015-04-10,CHF,1.389702
2015-04-10,CNY,0.220020
2015-04-10,HKD,0.176259
2015-04-10,MYR,0.372523
2015-04-10,ZAR,0.113279
2015-04-13,USD,1.373294
2015-04-13,EUR,1.449100
2015-04-13,GBP,2.008455
2015-04-13,JPY,0.011392
2015-04-13,CHF,1.396992
2015-04-13,CNY,0.221061
2015-04-13,HKD,0.177197
2015-04-13,MYR,0.369933
2015-04-13,ZAR,0.112983
2015-04-14,USD,1.363120
2015-04-14,EUR,1.440000
2015-04-14,GBP,1.995289
2015-04-14,JPY,0.011368
2015-04-14,CHF,1.392111
2015-04-14,CNY,0.219402
2015-04-14,HKD,0.175884
2015-04-14,MYR,0.368362
2015-04-14,ZAR,0.112412
2015-04-15,USD,1.361376
2015-04-15,EUR,1.440200
2015-04-15,GBP,2.009208
2015-04-15,JPY,0.011383
2015-04-15,CHF,1.395407
2015-04-15,CNY,0.219396
2015-04-15,HKD,0.175626
2015-04-15,MYR,0.367342
2015-04-15,ZAR,0.112019
2015-04-16,USD,1.353935
2015-04-16,EUR,1.450200
2015-04-16,GBP,2.017249
2015-04-16,JPY,0.011362
2015-04-16,CHF,1.404280
2015-04-16,CNY,0.218479
2015-04-16,HKD,0.174658
2015-04-16,MYR,0.371408
2015-04-16,ZAR,0.112348
2015-04-17,USD,1.342889
2015-04-17,EUR,1.452200
2015-04-17,GBP,2.017225
2015-04-17,JPY,0.011306
2015-04-17,CHF,1.410314
2015-04-17,CNY,0.216704
2015-04-17,HKD,0.173252
2015-04-17,MYR,0.371312
2015-04-17,ZAR,0.112406
2015-04-20,USD,1.348876
2015-04-20,EUR,1.446400
2015-04-20,GBP,2.010145
2015-04-20,JPY,0.011328
2015-04-20,CHF,1.406593
2015-04-20,CNY,0.217363
2015-04-20,HKD,0.173984
2015-04-20,MYR,0.371539
2015-04-20,ZAR,0.111477
2015-04-21,USD,1.349813
2015-04-21,EUR,1.444300
2015-04-21,GBP,2.009601
2015-04-21,JPY,0.011306
2015-04-21,CHF,1.408798
2015-04-21,CNY,0.217653
2015-04-21,HKD,0.174167
2015-04-21,MYR,0.371677
2015-04-21,ZAR,0.111464
2015-04-22,USD,1.345620
2015-04-22,EUR,1.445600
2015-04-22,GBP,2.027774
2015-04-22,JPY,0.011254
2015-04-22,CHF,1.400368
2015-04-22,CNY,0.217243
2015-04-22,HKD,0.173629
2015-04-22,MYR,0.374324
2015-04-22,ZAR,0.110895
2015-04-23,USD,1.347289
2015-04-23,EUR,1.451300
2015-04-23,GBP,2.024128
2015-04-23,JPY,0.011219
2015-04-23,CHF,1.397766
2015-04-23,CNY,0.217378
2015-04-23,HKD,0.173842
2015-04-23,MYR,0.371490
2015-04-23,ZAR,0.109946
2015-04-24,USD,1.337491
2015-04-24,EUR,1.447700
2015-04-24,GBP,2.022210
2015-04-24,JPY,0.011191
2015-04-24,CHF,1.400368
2015-04-24,CNY,0.215904
2015-04-24,HKD,0.172579
2015-04-24,MYR,0.374218
2015-04-24,ZAR,0.109788
2015-04-27,USD,1.333857
2015-04-27,EUR,1.443500
2015-04-27,GBP,2.015498
2015-04-27,JPY,0.011170
2015-04-27,CHF,1.392399
2015-04-27,CNY,0.214452
2015-04-27,HKD,0.172097
2015-04-27,MYR,0.374614
2015-04-27,ZAR,0.110152
2015-04-28,USD,1.320857
2015-04-28,EUR,1.443300
2015-04-28,GBP,2.018601
2015-04-28,JPY,0.011095
2015-04-28,CHF,1.379300
2015-04-28,CNY,0.212857
2015-04-28,HKD,0.170409
2015-04-28,MYR,0.372416
2015-04-28,ZAR,0.110931
2015-04-29,USD,1.323123
2015-04-29,EUR,1.455700
2015-04-29,GBP,2.032817
2015-04-29,JPY,0.011095
2015-04-29,CHF,1.387570
2015-04-29,CNY,0.213411
2015-04-29,HKD,0.170701
2015-04-29,MYR,0.371561
2015-04-29,ZAR,0.111393
2015-04-30,USD,1.320999
2015-04-30,EUR,1.481500
2015-04-30,GBP,2.038668
2015-04-30,JPY,0.011117
2015-04-30,CHF,1.412836
2015-04-30,CNY,0.212957
2015-04-30,HKD,0.170434
2015-04-30,MYR,0.371350
2015-04-30,ZAR,0.111885
2015-05-04,USD,1.332586
2015-05-04,EUR,1.486100
2015-05-04,GBP,2.014013
2015-05-04,JPY,0.011085
2015-05-04,CHF,1.424696
2015-05-04,CNY,0.214615
2015-05-04,HKD,0.171883
2015-05-04,MYR,0.370119
2015-05-04,ZAR,0.110581
2015-05-05,USD,1.336871
2015-05-05,EUR,1.486200
2015-05-05,GBP,2.022041
2015-05-05,JPY,0.011098
2015-05-05,CHF,1.432344
2015-05-05,CNY,0.215547
2015-05-05,HKD,0.172475
2015-05-05,MYR,0.370014
2015-05-05,ZAR,0.110962
2015-05-06,USD,1.326714
2015-05-06,EUR,1.489900
2015-05-06,GBP,2.019930
2015-05-06,JPY,0.011070
2015-05-06,CHF,1.436187
2015-05-06,CNY,0.213974
2015-05-06,HKD,0.171149
2015-05-06,MYR,0.371648
2015-05-06,ZAR,0.110247
2015-05-07,USD,1.331181
2015-05-07,EUR,1.504900
2015-05-07,GBP,2.026801
2015-05-07,JPY,0.011171
2015-05-07,CHF,1.454994
2015-05-07,CNY,0.214590
2015-05-07,HKD,0.171710
2015-05-07,MYR,0.370018
2015-05-07,ZAR,0.110967
2015-05-08,USD,1.329917
2015-05-08,EUR,1.492300
2015-05-08,GBP,2.049863
2015-05-08,JPY,0.011062
2015-05-08,CHF,1.436976
2015-05-08,CNY,0.214291
2015-05-08,HKD,0.171525
2015-05-08,MYR,0.369729
2015-05-08,ZAR,0.110323
2015-05-11,USD,1.334680
2015-05-11,EUR,1.487100
2015-05-11,GBP,2.066565
2015-05-11,JPY,0.011128
2015-05-11,CHF,1.429491
2015-05-11,CNY,0.214917
2015-05-11,HKD,0.172156
2015-05-11,MYR,0.370829
2015-05-11,ZAR,0.111323
2015-05-12,USD,1.335795
2015-05-12,EUR,1.501300
2015-05-12,GBP,2.095617
2015-05-12,JPY,0.011133
2015-05-12,CHF,1.444113
2015-05-12,CNY,0.215018
2015-05-12,HKD,0.172300
2015-05-12,MYR,0.369696
2015-05-12,ZAR,0.110125
2015-05-13,USD,1.329293
2015-05-13,EUR,1.491600
2015-05-13,GBP,2.079175
2015-05-13,JPY,0.011106
2015-05-13,CHF,1.432853
2015-05-13,CNY,0.214243
2015-05-13,HKD,0.171474
2015-05-13,MYR,0.369574
2015-05-13,ZAR,0.110941
2015-05-14,USD,1.318242
2015-05-14,EUR,1.505300
2015-05-14,GBP,2.081731
2015-05-14,JPY,0.011059
2015-05-14,CHF,1.449355
2015-05-14,CNY,0.212577
2015-05-14,HKD,0.170071
2015-05-14,MYR,0.369290
2015-05-14,ZAR,0.111399
2015-05-15,USD,1.326183
2015-05-15,EUR,1.502300
2015-05-15,GBP,2.083345
2015-05-15,JPY,0.011064
2015-05-15,CHF,1.435821
2015-05-15,CNY,0.213765
2015-05-15,HKD,0.171099
2015-05-15,MYR,0.371406
2015-05-15,ZAR,0.111747
2015-05-18,USD,1.321977
2015-05-18,EUR,1.505600
2015-05-18,GBP,2.070977
2015-05-18,JPY,0.011044
2015-05-18,CHF,1.436367
2015-05-18,CNY,0.213074
2015-05-18,HKD,0.170542
2015-05-18,MYR,0.370381
2015-05-18,ZAR,0.111484
2015-05-19,USD,1.331395
2015-05-19,EUR,1.488500
2015-05-19,GBP,2.062063
2015-05-19,JPY,0.011078
2015-05-19,CHF,1.428503
2015-05-19,CNY,0.214531
2015-05-19,HKD,0.171747
2015-05-19,MYR,0.370209
2015-05-19,ZAR,0.112306
2015-05-20,USD,1.335762
2015-05-20,EUR,1.485100
2015-05-20,GBP,2.075031
2015-05-20,JPY,0.011047
2015-05-20,CHF,1.424010
2015-05-20,CNY,0.215313
2015-05-20,HKD,0.172299
2015-05-20,MYR,0.369612
2015-05-20,ZAR,0.112269
2015-05-21,USD,1.336118
2015-05-21,EUR,1.487500
2015-05-21,GBP,2.095366
2015-05-21,JPY,0.011036
2015-05-21,CHF,1.431114
2015-05-21,CNY,0.215642
2015-05-21,HKD,0.172320
2015-05-21,MYR,0.370735
2015-05-21,ZAR,0.113452
2015-05-22,USD,1.329989
2015-05-22,EUR,1.484800
2015-05-22,GBP,2.080134
2015-05-22,JPY,0.010998
2015-05-22,CHF,1.425362
2015-05-22,CNY,0.214585
2015-05-22,HKD,0.171568
2015-05-22,MYR,0.371079
2015-05-22,ZAR,0.112876
2015-05-25,USD,1.341592
2015-05-25,EUR,1.472800
2015-05-25,GBP,2.074366
2015-05-25,JPY,0.011041
2015-05-25,CHF,1.423133
2015-05-25,CNY,0.216277
2015-05-25,HKD,0.173067
2015-05-25,MYR,0.371282
2015-05-25,ZAR,0.112398
2015-05-26,USD,1.346055
2015-05-26,EUR,1.470700
2015-05-26,GBP,2.072576
2015-05-26,JPY,0.010970
2015-05-26,CHF,1.420829
2015-05-26,CNY,0.216965
2015-05-26,HKD,0.173624
2015-05-26,MYR,0.370995
2015-05-26,ZAR,0.112055
2015-05-27,USD,1.352389
2015-05-27,EUR,1.469100
2015-05-27,GBP,2.077935
2015-05-27,JPY,0.010933
2015-05-27,CHF,1.422031
2015-05-27,CNY,0.218168
2015-05-27,HKD,0.174432
2015-05-27,MYR,0.370844
2015-05-27,ZAR,0.111617
2015-05-28,USD,1.351230
2015-05-28,EUR,1.472300
2015-05-28,GBP,2.066676
2015-05-28,JPY,0.010877
2015-05-28,CHF,1.423337
2015-05-28,CNY,0.217899
2015-05-28,HKD,0.174270
2015-05-28,MYR,0.369953
2015-05-28,ZAR,0.111537
2015-05-29,USD,1.349043
2015-05-29,EUR,1.479900
2015-05-29,GBP,2.058275
2015-05-29,JPY,0.010886
2015-05-29,CHF,1.431100
2015-05-29,CNY,0.217652
2015-05-29,HKD,0.173999
2015-05-29,MYR,0.368180
2015-05-29,ZAR,0.110930
2015-06-01,USD,1.351882
2015-06-01,EUR,1.479500
2015-06-01,GBP,2.057004
2015-06-01,JPY,0.010896
2015-06-01,CHF,1.432098
2015-06-01,CNY,0.218193
2015-06-01,HKD,0.174323
2015-06-01,MYR,0.366503
2015-06-01,ZAR,0.110315
2015-06-02,USD,1.355064
2015-06-02,EUR,1.494500
2015-06-02,GBP,2.063372
2015-06-02,JPY,0.010868
2015-06-02,CHF,1.438264
2015-06-02,CNY,0.218628
2015-06-02,HKD,0.174716
2015-06-02,MYR,0.366578
2015-06-02,ZAR,0.110534
2015-06-03,USD,1.348841
2015-06-03,EUR,1.501800
2015-06-03,GBP,2.064330
2015-06-03,JPY,0.010846
2015-06-03,CHF,1.440299
2015-06-03,CNY,0.217570
2015-06-03,HKD,0.173960
2015-06-03,MYR,0.365588
2015-06-03,ZAR,0.110031
2015-06-04,USD,1.344968
2015-06-04,EUR,1.522100
2015-06-04,GBP,2.069758
2015-06-04,JPY,0.010836
2015-06-04,CHF,1.442612
2015-06-04,CNY,0.216894
2015-06-04,HKD,0.173492
2015-06-04,MYR,0.363556
2015-06-04,ZAR,0.109013
2015-06-05,USD,1.348012
2015-06-05,EUR,1.512200
2015-06-05,GBP,2.066694
2015-06-05,JPY,0.010804
2015-06-05,CHF,1.443214
2015-06-05,CNY,0.217283
2015-06-05,HKD,0.173858
2015-06-05,MYR,0.362065
2015-06-05,ZAR,0.108693
2015-06-08,USD,1.358627
2015-06-08,EUR,1.516500
2015-06-08,GBP,2.072288
2015-06-08,JPY,0.010845
2015-06-08,CHF,1.448424
2015-06-08,CNY,0.218901
2015-06-08,HKD,0.175245
2015-06-08,MYR,0.360428
2015-06-08,ZAR,0.107964
2015-06-09,USD,1.350876
2015-06-09,EUR,1.519600
2015-06-09,GBP,2.066358
2015-06-09,JPY,0.010889
2015-06-09,CHF,1.452078
2015-06-09,CNY,0.217677
2015-06-09,HKD,0.174244
2015-06-09,MYR,0.359992
2015-06-09,ZAR,0.108639
2015-06-10,USD,1.344800
2015-06-10,EUR,1.516800
2015-06-10,GBP,2.082372
2015-06-10,JPY,0.010937
2015-06-10,CHF,1.446500
2015-06-10,CNY,0.216661
2015-06-10,HKD,0.173456
2015-06-10,MYR,0.359696
2015-06-10,ZAR,0.108732
2015-06-11,USD,1.347489
2015-06-11,EUR,1.513500
2015-06-11,GBP,2.082989
2015-06-11,JPY,0.010892
2015-06-11,CHF,1.438278
2015-06-11,CNY,0.217123
2015-06-11,HKD,0.173810
2015-06-11,MYR,0.359826
2015-06-11,ZAR,0.108416
2015-06-12,USD,1.348128
2015-06-12,EUR,1.512600
2015-06-12,GBP,2.087785
2015-06-12,JPY,0.010899
2015-06-12,CHF,1.444837
2015-06-12,CNY,0.217156
2015-06-12,HKD,0.173882
2015-06-12,MYR,0.359236
2015-06-12,ZAR,0.108602
2015-06-15,USD,1.346675
2015-06-15,EUR,1.510700
2015-06-15,GBP,2.088333
2015-06-15,JPY,0.010904
2015-06-15,CHF,1.437119
2015-06-15,CNY,0.216889
2015-06-15,HKD,0.173700
2015-06-15,MYR,0.358113
2015-06-15,ZAR,0.108393
2015-06-16,USD,1.346233
2015-06-16,EUR,1.509800
2015-06-16,GBP,2.102200
2015-06-16,JPY,0.010907
2015-06-16,CHF,1.442714
2015-06-16,CNY,0.216766
2015-06-16,HKD,0.173642
2015-06-16,MYR,0.358563
2015-06-16,ZAR,0.108146
2015-06-17,USD,1.346662
2015-06-17,EUR,1.518900
2015-06-17,GBP,2.118410
2015-06-17,JPY,0.010866
2015-06-17,CHF,1.453354
2015-06-17,CNY,0.216955
2015-06-17,HKD,0.173698
2015-06-17,MYR,0.358603
2015-06-17,ZAR,0.108318
2015-06-18,USD,1.331638
2015-06-18,EUR,1.518600
2015-06-18,GBP,2.118878
2015-06-18,JPY,0.010852
2015-06-18,CHF,1.451678
2015-06-18,CNY,0.214534
2015-06-18,HKD,0.171758
2015-06-18,MYR,0.359594
2015-06-18,ZAR,0.109364
2015-06-19,USD,1.337286
2015-06-19,EUR,1.511000
2015-06-19,GBP,2.118026
2015-06-19,JPY,0.010856
2015-06-19,CHF,1.446071
2015-06-19,CNY,0.215365
2015-06-19,HKD,0.172518
2015-06-19,MYR,0.357227
2015-06-19,ZAR,0.109012
2015-06-22,USD,1.334597
2015-06-22,EUR,1.514100
2015-06-22,GBP,2.112010
2015-06-22,JPY,0.010830
2015-06-22,CHF,1.450982
2015-06-22,CNY,0.214931
2015-06-22,HKD,0.172166
2015-06-22,MYR,0.357563
2015-06-22,ZAR,0.109789
2015-06-23,USD,1.339343
2015-06-23,EUR,1.500600
2015-06-23,GBP,2.113223
2015-06-23,JPY,0.010817
2015-06-23,CHF,1.436118
2015-06-23,CNY,0.215793
2015-06-23,HKD,0.172763
2015-06-23,MYR,0.357925
2015-06-23,ZAR,0.109923
2015-06-24,USD,1.343173
2015-06-24,EUR,1.506100
2015-06-24,GBP,2.115903
2015-06-24,JPY,0.010841
2015-06-24,CHF,1.441382
2015-06-24,CNY,0.216335
2015-06-24,HKD,0.173260
2015-06-24,MYR,0.357048
2015-06-24,ZAR,0.110777
2015-06-25,USD,1.341424
2015-06-25,EUR,1.503200
2015-06-25,GBP,2.109458
2015-06-25,JPY,0.010852
2015-06-25,CHF,1.430665
2015-06-25,CNY,0.216039
2015-06-25,HKD,0.173048
2015-06-25,MYR,0.356995
2015-06-25,ZAR,0.110835
2015-06-26,USD,1.347974
2015-06-26,EUR,1.510000
2015-06-26,GBP,2.119893
2015-06-26,JPY,0.010896
2015-06-26,CHF,1.445391
2015-06-26,CNY,0.217101
2015-06-26,HKD,0.173879
2015-06-26,MYR,0.355998
2015-06-26,ZAR,0.110694
2015-06-29,USD,1.348783
2015-06-29,EUR,1.501600
2015-06-29,GBP,2.119407
2015-06-29,JPY,0.010976
2015-06-29,CHF,1.447186
2015-06-29,CNY,0.217242
2015-06-29,HKD,0.173986
2015-06-29,MYR,0.356929
2015-06-29,ZAR,0.110061
2015-06-30,USD,1.346680
2015-06-30,EUR,1.506800
2015-06-30,GBP,2.118077
2015-06-30,JPY,0.010998
2015-06-30,CHF,1.447037
2015-06-30,CNY,0.217225
2015-06-30,HKD,0.173715
2015-06-30,MYR,0.357189
2015-06-30,ZAR,0.110456
2015-07-01,USD,1.349730
2015-07-01,EUR,1.498200
2015-07-01,GBP,2.112968
2015-07-01,JPY,0.010965
2015-07-01,CHF,1.432724
2015-07-01,CNY,0.217641
2015-07-01,HKD,0.174102
2015-07-01,MYR,0.358799
2015-07-01,ZAR,0.110709
2015-07-02,USD,1.352160
2015-07-02,EUR,1.496300
2015-07-02,GBP,2.106575
2015-07-02,JPY,0.010936
2015-07-02,CHF,1.424098
2015-07-02,CNY,0.217932
2015-07-02,HKD,0.174439
2015-07-02,MYR,0.358164
2015-07-02,ZAR,0.109454
2015-07-03,USD,1.347603
2015-07-03,EUR,1.495300
2015-07-03,GBP,2.105463
2015-07-03,JPY,0.010964
2015-07-03,CHF,1.428722
2015-07-03,CNY,0.217163
2015-07-03,HKD,0.173830
2015-07-03,MYR,0.356559
2015-07-03,ZAR,0.109659
2015-07-06,USD,1.351381
2015-07-06,EUR,1.487600
2015-07-06,GBP,2.101130
2015-07-06,JPY,0.011010
2015-07-06,CHF,1.427365
2015-07-06,CNY,0.217686
2015-07-06,HKD,0.174319
2015-07-06,MYR,0.354039
2015-07-06,ZAR,0.108798
2015-07-07,USD,1.357698
2015-07-07,EUR,1.484100
2015-07-07,GBP,2.097075
2015-07-07,JPY,0.011085
2015-07-07,CHF,1.429356
2015-07-07,CNY,0.218542
2015-07-07,HKD,0.175072
2015-07-07,MYR,0.355669
2015-07-07,ZAR,0.108799
2015-07-08,USD,1.353139
2015-07-08,EUR,1.491700
2015-07-08,GBP,2.079604
2015-07-08,JPY,0.011142
2015-07-08,CHF,1.425691
2015-07-08,CNY,0.217929
2015-07-08,HKD,0.174525
2015-07-08,MYR,0.355344
2015-07-08,ZAR,0.108115
2015-07-09,USD,1.350733
2015-07-09,EUR,1.493100
2015-07-09,GBP,2.080686
2015-07-09,JPY,0.011118
2015-07-09,CHF,1.421458
2015-07-09,CNY,0.217552
2015-07-09,HKD,0.174238
2015-07-09,MYR,0.355907
2015-07-09,ZAR,0.108440
2015-07-10,USD,1.347787
2015-07-10,EUR,1.507500
2015-07-10,GBP,2.091426
2015-07-10,JPY,0.011013
2015-07-10,CHF,1.440654
2015-07-10,CNY,0.217056
2015-07-10,HKD,0.173881
2015-07-10,MYR,0.355241
2015-07-10,ZAR,0.108589
2015-07-13,USD,1.353516
2015-07-13,EUR,1.495500
2015-07-13,GBP,2.101897
2015-07-13,JPY,0.010972
2015-07-13,CHF,1.427276
2015-07-13,CNY,0.218012
2015-07-13,HKD,0.174600
2015-07-13,MYR,0.355572
2015-07-13,ZAR,0.108381
2015-07-14,USD,1.359985
2015-07-14,EUR,1.500200
2015-07-14,GBP,2.117730
2015-07-14,JPY,0.011029
2015-07-14,CHF,1.439455
2015-07-14,CNY,0.219078
2015-07-14,HKD,0.175462
2015-07-14,MYR,0.357940
2015-07-14,ZAR,0.109668
2015-07-15,USD,1.362431
2015-07-15,EUR,1.499900
2015-07-15,GBP,2.129028
2015-07-15,JPY,0.011033
2015-07-15,CHF,1.436823
2015-07-15,CNY,0.219422
2015-07-15,HKD,0.175776
2015-07-15,MYR,0.358254
2015-07-15,ZAR,0.110298
2015-07-16,USD,1.366891
2015-07-16,EUR,1.485400
2015-07-16,GBP,2.127775
2015-07-16,JPY,0.011011
2015-07-16,CHF,1.427309
2015-07-16,CNY,0.220072
2015-07-16,HKD,0.176353
2015-07-16,MYR,0.359565
2015-07-16,ZAR,0.110080
2015-07-17,USD,1.365598
2015-07-17,EUR,1.487000
2015-07-17,GBP,2.129457
2015-07-17,JPY,0.011014
2015-07-17,CHF,1.425558
2015-07-17,CNY,0.219922
2015-07-17,HKD,0.176197
2015-07-17,MYR,0.359674
2015-07-17,ZAR,0.110812
2015-07-20,USD,1.372558
2015-07-20,EUR,1.489500
2015-07-20,GBP,2.136709
2015-07-20,JPY,0.011047
2015-07-20,CHF,1.426314
2015-07-20,CNY,0.221066
2015-07-20,HKD,0.177075
2015-07-20,MYR,0.360226
2015-07-20,ZAR,0.110592
2015-07-21,USD,1.365694
2015-07-21,EUR,1.484100
2015-07-21,GBP,2.124088
2015-07-21,JPY,0.010980
2015-07-21,CHF,1.421552
2015-07-21,CNY,0.219935
2015-07-21,HKD,0.176198
2015-07-21,MYR,0.359268
2015-07-21,ZAR,0.110181
2015-07-22,USD,1.365713
2015-07-22,EUR,1.488900
2015-07-22,GBP,2.132484
2015-07-22,JPY,0.011031
2015-07-22,CHF,1.420435
2015-07-22,CNY,0.219942
2015-07-22,HKD,0.176205
2015-07-22,MYR,0.359994
2015-07-22,ZAR,0.110353
2015-07-23,USD,1.366397
2015-07-23,EUR,1.502900
2015-07-23,GBP,2.133589
2015-07-23,JPY,0.011039
2015-07-23,CHF,1.429020
2015-07-23,CNY,0.220047
2015-07-23,HKD,0.176283
2015-07-23,MYR,0.359150
2015-07-23,ZAR,0.109940
2015-07-24,USD,1.374806
2015-07-24,EUR,1.503900
2015-07-24,GBP,2.127458
2015-07-24,JPY,0.011083
2015-07-24,CHF,1.430651
2015-07-24,CNY,0.221429
2015-07-24,HKD,0.177361
2015-07-24,MYR,0.359406
2015-07-24,ZAR,0.108827
2015-07-27,USD,1.370230
2015-07-27,EUR,1.515200
2015-07-27,GBP,2.126000
2015-07-27,JPY,0.011122
2015-07-27,CHF,1.430109
2015-07-27,CNY,0.220656
2015-07-27,HKD,0.176786
2015-07-27,MYR,0.358695
2015-07-27,ZAR,0.108007
2015-07-28,USD,1.367166
2015-07-28,EUR,1.507300
2015-07-28,GBP,2.130761
2015-07-28,JPY,0.011046
2015-07-28,CHF,1.414110
2015-07-28,CNY,0.220176
2015-07-28,HKD,0.176381
2015-07-28,MYR,0.358369
2015-07-28,ZAR,0.108837
2015-07-29,USD,1.366727
2015-07-29,EUR,1.507500
2015-07-29,GBP,2.137388
2015-07-29,JPY,0.011044
2015-07-29,CHF,1.419224
2015-07-29,CNY,0.220118
2015-07-29,HKD,0.176328
2015-07-29,MYR,0.358689
2015-07-29,ZAR,0.108989
2015-07-30,USD,1.374076
2015-07-30,EUR,1.505300
2015-07-30,GBP,2.147361
2015-07-30,JPY,0.011048
2015-07-30,CHF,1.415687
2015-07-30,CNY,0.221280
2015-07-30,HKD,0.177261
2015-07-30,MYR,0.359801
2015-07-30,ZAR,0.108325
2015-07-31,USD,1.375217
2015-07-31,EUR,1.508200
2015-07-31,GBP,2.142025
2015-07-31,JPY,0.011062
2015-07-31,CHF,1.427544
2015-07-31,CNY,0.221462
2015-07-31,HKD,0.177369
2015-07-31,MYR,0.358967
2015-07-31,ZAR,0.108340
2015-08-03,USD,1.377682
2015-08-03,EUR,1.508700
2015-08-03,GBP,2.146699
2015-08-03,JPY,0.011088
2015-08-03,CHF,1.423570
2015-08-03,CNY,0.221861
2015-08-03,HKD,0.177697
2015-08-03,MYR,0.357673
2015-08-03,ZAR,0.108324
2015-08-04,USD,1.376470
2015-08-04,EUR,1.510400
2015-08-04,GBP,2.149271
2015-08-04,JPY,0.011100
2015-08-04,CHF,1.419549
2015-08-04,CNY,0.221652
2015-08-04,HKD,0.177519
2015-08-04,MYR,0.357314
2015-08-04,ZAR,0.108760
2015-08-05,USD,1.383534
2015-08-05,EUR,1.505700
2015-08-05,GBP,2.162430
2015-08-05,JPY,0.011134
2015-08-05,CHF,1.412742
2015-08-05,CNY,0.222803
2015-08-05,HKD,0.178430
2015-08-05,MYR,0.356784
2015-08-05,ZAR,0.108337
2015-08-06,USD,1.385393
2015-08-06,EUR,1.508000
2015-08-06,GBP,2.149986
2015-08-06,JPY,0.011093
2015-08-06,CHF,1.407636
2015-08-06,CNY,0.223100
2015-08-06,HKD,0.178671
2015-08-06,MYR,0.354090
2015-08-06,ZAR,0.108563
2015-08-07,USD,1.383420
2015-08-07,EUR,1.513600
2015-08-07,GBP,2.146646
2015-08-07,JPY,0.011094
2015-08-07,CHF,1.409573
2015-08-07,CNY,0.222785
2015-08-07,HKD,0.178467
2015-08-07,MYR,0.352328
2015-08-07,ZAR,0.108933
2015-08-10,USD,1.386040
2015-08-10,EUR,1.519100
2015-08-10,GBP,2.148352
2015-08-10,JPY,0.011115
2015-08-10,CHF,1.406574
2015-08-10,CNY,0.223207
2015-08-10,HKD,0.178785
2015-08-10,MYR,0.352100
2015-08-10,ZAR,0.108916
2015-08-11,USD,1.398915
2015-08-11,EUR,1.546500
2015-08-11,GBP,2.181857
2015-08-11,JPY,0.011207
2015-08-11,CHF,1.424164
2015-08-11,CNY,0.221172
2015-08-11,HKD,0.180365
2015-08-11,MYR,0.352061
2015-08-11,ZAR,0.109969
2015-08-12,USD,1.403138
2015-08-12,EUR,1.565200
2015-08-12,GBP,2.189397
2015-08-12,JPY,0.011305
2015-08-12,CHF,1.440722
2015-08-12,CNY,0.219727
2015-08-12,HKD,0.180948
2015-08-12,MYR,0.347351
2015-08-12,ZAR,0.110091
2015-08-13,USD,1.398776
2015-08-13,EUR,1.553900
2015-08-13,GBP,2.186744
2015-08-13,JPY,0.011241
2015-08-13,CHF,1.432298
2015-08-13,CNY,0.218619
2015-08-13,HKD,0.180434
2015-08-13,MYR,0.348760
2015-08-13,ZAR,0.109272
2015-08-14,USD,1.402471
2015-08-14,EUR,1.566700
2015-08-14,GBP,2.192722
2015-08-14,JPY,0.011296
2015-08-14,CHF,1.440644
2015-08-14,CNY,0.219438
2015-08-14,HKD,0.180829
2015-08-14,MYR,0.343703
2015-08-14,ZAR,0.109615
2015-08-17,USD,1.409369
2015-08-17,EUR,1.564400
2015-08-17,GBP,2.201830
2015-08-17,JPY,0.011318
2015-08-17,CHF,1.443040
2015-08-17,CNY,0.220391
2015-08-17,HKD,0.181744
2015-08-17,MYR,0.343598
2015-08-17,ZAR,0.109139
2015-08-18,USD,1.402712
2015-08-18,EUR,1.551400
2015-08-18,GBP,2.203067
2015-08-18,JPY,0.011288
2015-08-18,CHF,1.436748
2015-08-18,CNY,0.219372
2015-08-18,HKD,0.180892
2015-08-18,MYR,0.342927
2015-08-18,ZAR,0.108606
2015-08-19,USD,1.404311
2015-08-19,EUR,1.550500
2015-08-19,GBP,2.199603
2015-08-19,JPY,0.011292
2015-08-19,CHF,1.441655
2015-08-19,CNY,0.219574
2015-08-19,HKD,0.181146
2015-08-19,MYR,0.342349
2015-08-19,ZAR,0.108854
2015-08-20,USD,1.404096
2015-08-20,EUR,1.570200
2015-08-20,GBP,2.199776
2015-08-20,JPY,0.011337
2015-08-20,CHF,1.457668
2015-08-20,CNY,0.219765
2015-08-20,HKD,0.181118
2015-08-20,MYR,0.341943
2015-08-20,ZAR,0.108458
2015-08-21,USD,1.405195
2015-08-21,EUR,1.585200
2015-08-21,GBP,2.202278
2015-08-21,JPY,0.011454
2015-08-21,CHF,1.472550
2015-08-21,CNY,0.219971
2015-08-21,HKD,0.181288
2015-08-21,MYR,0.337888
2015-08-21,ZAR,0.108582
2015-08-24,USD,1.415587
2015-08-24,EUR,1.627500
2015-08-24,GBP,2.228841
2015-08-24,JPY,0.011811
2015-08-24,CHF,1.510161
2015-08-24,CNY,0.221020
2015-08-24,HKD,0.182584
2015-08-24,MYR,0.331716
2015-08-24,ZAR,0.106698
2015-08-25,USD,1.397879
2015-08-25,EUR,1.608400
2015-08-25,GBP,2.206310
2015-08-25,JPY,0.011669
2015-08-25,CHF,1.484586
2015-08-25,CNY,0.217982
2015-08-25,HKD,0.180350
2015-08-25,MYR,0.331704
2015-08-25,ZAR,0.107076
2015-08-26,USD,1.403789
2015-08-26,EUR,1.600600
2015-08-26,GBP,2.188406
2015-08-26,JPY,0.011729
2015-08-26,CHF,1.485062
2015-08-26,CNY,0.219023
2015-08-26,HKD,0.181098
2015-08-26,MYR,0.330614
2015-08-26,ZAR,0.107426
2015-08-27,USD,1.399592
2015-08-27,EUR,1.579300
2015-08-27,GBP,2.159874
2015-08-27,JPY,0.011645
2015-08-27,CHF,1.466252
2015-08-27,CNY,0.218494
2015-08-27,HKD,0.180590
2015-08-27,MYR,0.330730
2015-08-27,ZAR,0.106701
2015-08-28,USD,1.406106
2015-08-28,EUR,1.584400
2015-08-28,GBP,2.164185
2015-08-28,JPY,0.011636
2015-08-28,CHF,1.466087
2015-08-28,CNY,0.220062
2015-08-28,HKD,0.181433
2015-08-28,MYR,0.335927
2015-08-28,ZAR,0.106231
2015-08-31,USD,1.412572
2015-08-31,EUR,1.584200
2015-08-31,GBP,2.177505
2015-08-31,JPY,0.011643
2015-08-31,CHF,1.463464
2015-08-31,CNY,0.221322
2015-08-31,HKD,0.182260
2015-08-31,MYR,0.337078
2015-08-31,ZAR,0.105934
2015-09-01,USD,1.412335
2015-09-01,EUR,1.586900
2015-09-01,GBP,2.165529
2015-09-01,JPY,0.011766
2015-09-01,CHF,1.465958
2015-09-01,CNY,0.221901
2015-09-01,HKD,0.182237
2015-09-01,MYR,0.337638
2015-09-01,ZAR,0.105510
2015-09-02,USD,1.416082
2015-09-02,EUR,1.593800
2015-09-02,GBP,2.162844
2015-09-02,JPY,0.011788
2015-09-02,CHF,1.466642
2015-09-02,CNY,0.222794
2015-09-02,HKD,0.182721
2015-09-02,MYR,0.336309
2015-09-02,ZAR,0.105215
2015-09-03,USD,1.416066
2015-09-03,EUR,1.590100
2015-09-03,GBP,2.164874
2015-09-03,JPY,0.011780
2015-09-03,CHF,1.458406
2015-09-03,CNY,0.222797
2015-09-03,HKD,0.182716
2015-09-03,MYR,0.333963
2015-09-03,ZAR,0.104008
2015-09-04,USD,1.418567
2015-09-04,EUR,1.580000
2015-09-04,GBP,2.159945
2015-09-04,JPY,0.011896
2015-09-04,CHF,1.457699
2015-09-04,CNY,0.223189
2015-09-04,HKD,0.183038
2015-09-04,MYR,0.333862
2015-09-04,ZAR,0.104123
2015-09-07,USD,1.426610
2015-09-07,EUR,1.590100
2015-09-07,GBP,2.177175
2015-09-07,JPY,0.011948
2015-09-07,CHF,1.462699
2015-09-07,CNY,0.224103
2015-09-07,HKD,0.184078
2015-09-07,MYR,0.329029
2015-09-07,ZAR,0.102520
2015-09-08,USD,1.419728
2015-09-08,EUR,1.584700
2015-09-08,GBP,2.187604
2015-09-08,JPY,0.011842
2015-09-08,CHF,1.451190
2015-09-08,CNY,0.222962
2015-09-08,HKD,0.183173
2015-09-08,MYR,0.327181
2015-09-08,ZAR,0.102762
2015-09-09,USD,1.416824
2015-09-09,EUR,1.578200
2015-09-09,GBP,2.176527
2015-09-09,JPY,0.011721
2015-09-09,CHF,1.448820
2015-09-09,CNY,0.222135
2015-09-09,HKD,0.182802
2015-09-09,MYR,0.328497
2015-09-09,ZAR,0.103641
2015-09-10,USD,1.415914
2015-09-10,EUR,1.583700
2015-09-10,GBP,2.179754
2015-09-10,JPY,0.011698
2015-09-10,CHF,1.449876
2015-09-10,CNY,0.222028
2015-09-10,HKD,0.182696
2015-09-10,MYR,0.328310
2015-09-10,ZAR,0.102183
2015-09-11,USD,1.415335
2015-09-11,EUR,1.594800
2015-09-11,GBP,2.182863
2015-09-11,JPY,0.011725
2015-09-11,CHF,1.445744
2015-09-11,CNY,0.222018
2015-09-11,HKD,0.182624
2015-09-11,MYR,0.327865
2015-09-11,ZAR,0.104312
2015-09-14,USD,1.408138
2015-09-14,EUR,1.591900
2015-09-14,GBP,2.170575
2015-09-14,JPY,0.011702
2015-09-14,CHF,1.449950
2015-09-14,CNY,0.221073
2015-09-14,HKD,0.181693
2015-09-14,MYR,0.327107
2015-09-14,ZAR,0.103676
2015-09-15,USD,1.400088
2015-09-15,EUR,1.584900
2015-09-15,GBP,2.157501
2015-09-15,JPY,0.011702
2015-09-15,CHF,1.444627
2015-09-15,CNY,0.219798
2015-09-15,HKD,0.180655
2015-09-15,MYR,0.326198
2015-09-15,ZAR,0.103882
2015-09-16,USD,1.400606
2015-09-16,EUR,1.572600
2015-09-16,GBP,2.164178
2015-09-16,JPY,0.011610
2015-09-16,CHF,1.437083
2015-09-16,CNY,0.219849
2015-09-16,HKD,0.180715
2015-09-16,MYR,0.330858
2015-09-16,ZAR,0.104840
2015-09-17,USD,1.398338
2015-09-17,EUR,1.581800
2015-09-17,GBP,2.170864
2015-09-17,JPY,0.011566
2015-09-17,CHF,1.444566
2015-09-17,CNY,0.219646
2015-09-17,HKD,0.180427
2015-09-17,MYR,0.331121
2015-09-17,ZAR,0.104465
2015-09-18,USD,1.391190
2015-09-18,EUR,1.588600
2015-09-18,GBP,2.176761
2015-09-18,JPY,0.011654
2015-09-18,CHF,1.455695
2015-09-18,CNY,0.218593
2015-09-18,HKD,0.179507
2015-09-18,MYR,0.330593
2015-09-18,ZAR,0.105232
2015-09-21,USD,1.408267
2015-09-21,EUR,1.584300
2015-09-21,GBP,2.187353
2015-09-21,JPY,0.011692
2015-09-21,CHF,1.452687
2015-09-21,CNY,0.221138
2015-09-21,HKD,0.181711
2015-09-21,MYR,0.330538
2015-09-21,ZAR,0.105570
2015-09-22,USD,1.417929
2015-09-22,EUR,1.581700
2015-09-22,GBP,2.189810
2015-09-22,JPY,0.011826
2015-09-22,CHF,1.456446
2015-09-22,CNY,0.222371
2015-09-22,HKD,0.182959
2015-09-22,MYR,0.329404
2015-09-22,ZAR,0.103689
2015-09-23,USD,1.421525
2015-09-23,EUR,1.585000
2015-09-23,GBP,2.172126
2015-09-23,JPY,0.011826
2015-09-23,CHF,1.456534
2015-09-23,CNY,0.222722
2015-09-23,HKD,0.183419
2015-09-23,MYR,0.327000
2015-09-23,ZAR,0.104080
2015-09-24,USD,1.428165
2015-09-24,EUR,1.605400
2015-09-24,GBP,2.173277
2015-09-24,JPY,0.011938
2015-09-24,CHF,1.469070
2015-09-24,CNY,0.223771
2015-09-24,HKD,0.184277
2015-09-24,MYR,0.328558
2015-09-24,ZAR,0.102026
2015-09-25,USD,1.422294
2015-09-25,EUR,1.586000
2015-09-25,GBP,2.158557
2015-09-25,JPY,0.011755
2015-09-25,CHF,1.452115
2015-09-25,CNY,0.223123
2015-09-25,HKD,0.183522
2015-09-25,MYR,0.324256
2015-09-25,ZAR,0.103536
2015-09-28,USD,1.428827
2015-09-28,EUR,1.596000
2015-09-28,GBP,2.170838
2015-09-28,JPY,0.011899
2015-09-28,CHF,1.458733
2015-09-28,CNY,0.224476
2015-09-28,HKD,0.184362
2015-09-28,MYR,0.323012
2015-09-28,ZAR,0.101832
2015-09-29,USD,1.428418
2015-09-29,EUR,1.600400
2015-09-29,GBP,2.165336
2015-09-29,JPY,0.011910
2015-09-29,CHF,1.468122
2015-09-29,CNY,0.224410
2015-09-29,HKD,0.184312
2015-09-29,MYR,0.321140
2015-09-29,ZAR,0.102714
2015-09-30,USD,1.421137
2015-09-30,EUR,1.592100
2015-09-30,GBP,2.155856
2015-09-30,JPY,0.011820
2015-09-30,CHF,1.458635
2015-09-30,CNY,0.223591
2015-09-30,HKD,0.183371
2015-09-30,MYR,0.323354
2015-09-30,ZAR,0.102727
2015-10-01,USD,1.427060
2015-10-01,EUR,1.591600
2015-10-01,GBP,2.160445
2015-10-01,JPY,0.011917
2015-10-01,CHF,1.459782
2015-10-01,CNY,0.224482
2015-10-01,HKD,0.184136
2015-10-01,MYR,0.323838
2015-10-01,ZAR,0.103020
2015-10-02,USD,1.433333
2015-10-02,EUR,1.599600
2015-10-02,GBP,2.173960
2015-10-02,JPY,0.011916
2015-10-02,CHF,1.464433
2015-10-02,CNY,0.225470
2015-10-02,HKD,0.184944
2015-10-02,MYR,0.324653
2015-10-02,ZAR,0.103133
2015-10-05,USD,1.422570
2015-10-05,EUR,1.598400
2015-10-05,GBP,2.159416
2015-10-05,JPY,0.011834
2015-10-05,CHF,1.461327
2015-10-05,CNY,0.223812
2015-10-05,HKD,0.183555
2015-10-05,MYR,0.325606
2015-10-05,ZAR,0.104678
2015-10-06,USD,1.424269
2015-10-06,EUR,1.598600
2015-10-06,GBP,2.160562
2015-10-06,JPY,0.011835
2015-10-06,CHF,1.461778
2015-10-06,CNY,0.224025
2015-10-06,HKD,0.183775
2015-10-06,MYR,0.326498
2015-10-06,ZAR,0.104071
2015-10-07,USD,1.408663
2015-10-07,EUR,1.587000
2015-10-07,GBP,2.156836
2015-10-07,JPY,0.011729
2015-10-07,CHF,1.458372
2015-10-07,CNY,0.221583
2015-10-07,HKD,0.181762
2015-10-07,MYR,0.334810
2015-10-07,ZAR,0.105316
2015-10-08,USD,1.411942
2015-10-08,EUR,1.589000
2015-10-08,GBP,2.157209
2015-10-08,JPY,0.011777
2015-10-08,CHF,1.453132
2015-10-08,CNY,0.222216
2015-10-08,HKD,0.182183
2015-10-08,MYR,0.334526
2015-10-08,ZAR,0.104846
2015-10-09,USD,1.395441
2015-10-09,EUR,1.585500
2015-10-09,GBP,2.140543
2015-10-09,JPY,0.011603
2015-10-09,CHF,1.452056
2015-10-09,CNY,0.219921
2015-10-09,HKD,0.180054
2015-10-09,MYR,0.337923
2015-10-09,ZAR,0.105227
2015-10-12,USD,1.397784
2015-10-12,EUR,1.589700
2015-10-12,GBP,2.147953
2015-10-12,JPY,0.011637
2015-10-12,CHF,1.454704
2015-10-12,CNY,0.221046
2015-10-12,HKD,0.180359
2015-10-12,MYR,0.337015
2015-10-12,ZAR,0.105314
2015-10-13,USD,1.400475
2015-10-13,EUR,1.592900
2015-10-13,GBP,2.129545
2015-10-13,JPY,0.011699
2015-10-13,CHF,1.460037
2015-10-13,CNY,0.220859
2015-10-13,HKD,0.180705
2015-10-13,MYR,0.333696
2015-10-13,ZAR,0.104070
2015-10-14,USD,1.386065
2015-10-14,EUR,1.581500
2015-10-14,GBP,2.131976
2015-10-14,JPY,0.011588
2015-10-14,CHF,1.450784
2015-10-14,CNY,0.218334
2015-10-14,HKD,0.178844
2015-10-14,MYR,0.329102
2015-10-14,ZAR,0.103303
2015-10-15,USD,1.377043
2015-10-15,EUR,1.575200
2015-10-15,GBP,2.129512
2015-10-15,JPY,0.011648
2015-10-15,CHF,1.448726
2015-10-15,CNY,0.217021
2015-10-15,HKD,0.177684
2015-10-15,MYR,0.333969
2015-10-15,ZAR,0.105043
2015-10-16,USD,1.383275
2015-10-16,EUR,1.571400
2015-10-16,GBP,2.136215
2015-10-16,JPY,0.011618
2015-10-16,CHF,1.453789
2015-10-16,CNY,0.217769
2015-10-16,HKD,0.178485
2015-10-16,MYR,0.331086
2015-10-16,ZAR,0.105224
2015-10-19,USD,1.384011
2015-10-19,EUR,1.568500
2015-10-19,GBP,2.143638
2015-10-19,JPY,0.011594
2015-10-19,CHF,1.447757
2015-10-19,CNY,0.217599
2015-10-19,HKD,0.178580
2015-10-19,MYR,0.328860
2015-10-19,ZAR,0.104910
2015-10-20,USD,1.388464
2015-10-20,EUR,1.579100
2015-10-20,GBP,2.147851
2015-10-20,JPY,0.011597
2015-10-20,CHF,1.459022
2015-10-20,CNY,0.218709
2015-10-20,HKD,0.179156
2015-10-20,MYR,0.325360
2015-10-20,ZAR,0.105190
2015-10-21,USD,1.392901
2015-10-21,EUR,1.581500
2015-10-21,GBP,2.151993
2015-10-21,JPY,0.011603
2015-10-21,CHF,1.455725
2015-10-21,CNY,0.219385
2015-10-21,HKD,0.179726
2015-10-21,MYR,0.324950
2015-10-21,ZAR,0.103743
2015-10-22,USD,1.391673
2015-10-22,EUR,1.574400
2015-10-22,GBP,2.152584
2015-10-22,JPY,0.011620
2015-10-22,CHF,1.446261
2015-10-22,CNY,0.218883
2015-10-22,HKD,0.179568
2015-10-22,MYR,0.324866
2015-10-22,ZAR,0.102897
2015-10-23,USD,1.390112
2015-10-23,EUR,1.540800
2015-10-23,GBP,2.141338
2015-10-23,JPY,0.011516
2015-10-23,CHF,1.427592
2015-10-23,CNY,0.218895
2015-10-23,HKD,0.179369
2015-10-23,MYR,0.328795
2015-10-23,ZAR,0.103405
2015-10-26,USD,1.393788
2015-10-26,EUR,1.534700
2015-10-26,GBP,2.136275
2015-10-26,JPY,0.011517
2015-10-26,CHF,1.417999
2015-10-26,CNY,0.219422
2015-10-26,HKD,0.179844
2015-10-26,MYR,0.329894
2015-10-26,ZAR,0.102704
2015-10-27,USD,1.394268
2015-10-27,EUR,1.542200
2015-10-27,GBP,2.137788
2015-10-27,JPY,0.011590
2015-10-27,CHF,1.417463
2015-10-27,CNY,0.219483
2015-10-27,HKD,0.179903
2015-10-27,MYR,0.326184
2015-10-27,ZAR,0.101454
2015-10-28,USD,1.393595
2015-10-28,EUR,1.544800
2015-10-28,GBP,2.131347
2015-10-28,JPY,0.011582
2015-10-28,CHF,1.417378
2015-10-28,CNY,0.219170
2015-10-28,HKD,0.179818
2015-10-28,MYR,0.326334
2015-10-28,ZAR,0.102623
2015-10-29,USD,1.406587
2015-10-29,EUR,1.537400
2015-10-29,GBP,2.145110
2015-10-29,JPY,0.011621
2015-10-29,CHF,1.416828
2015-10-29,CNY,0.221336
2015-10-29,HKD,0.181492
2015-10-29,MYR,0.324250
2015-10-29,ZAR,0.101648
2015-10-30,USD,1.401924
2015-10-30,EUR,1.544500
2015-10-30,GBP,2.150515
2015-10-30,JPY,0.011623
2015-10-30,CHF,1.416972
2015-10-30,CNY,0.221583
2015-10-30,HKD,0.180893
2015-10-30,MYR,0.326188
2015-10-30,ZAR,0.101464
2015-11-02,USD,1.401922
2015-11-02,EUR,1.546600
2015-11-02,GBP,2.168536
2015-11-02,JPY,0.011627
2015-11-02,CHF,1.420854
2015-11-02,CNY,0.221215
2015-11-02,HKD,0.180889
2015-11-02,MYR,0.326005
2015-11-02,ZAR,0.101850
2015-11-03,USD,1.399690
2015-11-03,EUR,1.536300
2015-11-03,GBP,2.154245
2015-11-03,JPY,0.011582
2015-11-03,CHF,1.413470
2015-11-03,CNY,0.220907
2015-11-03,HKD,0.180603
2015-11-03,MYR,0.326151
2015-11-03,ZAR,0.100713
2015-11-04,USD,1.397897
2015-11-04,EUR,1.528600
2015-11-04,GBP,2.154779
2015-11-04,JPY,0.011541
2015-11-04,CHF,1.413669
2015-11-04,CNY,0.220606
2015-11-04,HKD,0.180370
2015-11-04,MYR,0.327758
2015-11-04,ZAR,0.101178
2015-11-05,USD,1.406781
2015-11-05,EUR,1.531000
2015-11-05,GBP,2.148470
2015-11-05,JPY,0.011542
2015-11-05,CHF,1.413274
2015-11-05,CNY,0.221675
2015-11-05,HKD,0.181503
2015-11-05,MYR,0.327270
2015-11-05,ZAR,0.101308
2015-11-06,USD,1.409610
2015-11-06,EUR,1.531400
2015-11-06,GBP,2.133909
2015-11-06,JPY,0.011566
2015-11-06,CHF,1.414035
2015-11-06,CNY,0.221830
2015-11-06,HKD,0.181851
2015-11-06,MYR,0.327243
2015-11-06,ZAR,0.101060
2015-11-09,USD,1.424462
2015-11-09,EUR,1.535000
2015-11-09,GBP,2.149559
2015-11-09,JPY,0.011534
2015-11-09,CHF,1.419325
2015-11-09,CNY,0.223862
2015-11-09,HKD,0.183744
2015-11-09,MYR,0.324223
2015-11-09,ZAR,0.099941
2015-11-10,USD,1.422276
2015-11-10,EUR,1.523400
2015-11-10,GBP,2.150480
2015-11-10,JPY,0.011543
2015-11-10,CHF,1.415142
2015-11-10,CNY,0.223631
2015-11-10,HKD,0.183485
2015-11-10,MYR,0.324500
2015-11-10,ZAR,0.099105
2015-11-11,USD,1.421799
2015-11-11,EUR,1.523600
2015-11-11,GBP,2.158074
2015-11-11,JPY,0.011551
2015-11-11,CHF,1.412965
2015-11-11,CNY,0.223287
2015-11-11,HKD,0.183434
2015-11-11,MYR,0.326714
2015-11-11,ZAR,0.100233
2015-11-12,USD,1.421406
2015-11-12,EUR,1.524600
2015-11-12,GBP,2.158267
2015-11-12,JPY,0.011557
2015-11-12,CHF,1.415730
2015-11-12,CNY,0.223123
2015-11-12,HKD,0.183395
2015-11-12,MYR,0.325637
2015-11-12,ZAR,0.099693
2015-11-13,USD,1.421869
2015-11-13,EUR,1.530500
2015-11-13,GBP,2.164628
2015-11-13,JPY,0.011591
2015-11-13,CHF,1.418969
2015-11-13,CNY,0.223082
2015-11-13,HKD,0.183449
2015-11-13,MYR,0.324775
2015-11-13,ZAR,0.099088
2015-11-16,USD,1.422456
2015-11-16,EUR,1.525300
2015-11-16,GBP,2.161094
2015-11-16,JPY,0.011554
2015-11-16,CHF,1.413493
2015-11-16,CNY,0.223226
2015-11-16,HKD,0.183530
2015-11-16,MYR,0.324284
2015-11-16,ZAR,0.098853
2015-11-17,USD,1.422212
2015-11-17,EUR,1.517500
2015-11-17,GBP,2.162605
2015-11-17,JPY,0.011541
2015-11-17,CHF,1.404312
2015-11-17,CNY,0.223014
2015-11-17,HKD,0.183495
2015-11-17,MYR,0.323830
2015-11-17,ZAR,0.099891
2015-11-18,USD,1.423683
2015-11-18,EUR,1.518500
2015-11-18,GBP,2.166500
2015-11-18,JPY,0.011534
2015-11-18,CHF,1.401089
2015-11-18,CNY,0.223132
2015-11-18,HKD,0.183684
2015-11-18,MYR,0.325900
2015-11-18,ZAR,0.100207
2015-11-19,USD,1.415645
2015-11-19,EUR,1.512900
2015-11-19,GBP,2.161903
2015-11-19,JPY,0.011496
2015-11-19,CHF,1.388874
2015-11-19,CNY,0.221690
2015-11-19,HKD,0.182653
2015-11-19,MYR,0.326661
2015-11-19,ZAR,0.099660
2015-11-20,USD,1.412144
2015-11-20,EUR,1.509300
2015-11-20,GBP,2.153067
2015-11-20,JPY,0.011497
2015-11-20,CHF,1.391830
2015-11-20,CNY,0.221179
2015-11-20,HKD,0.182210
2015-11-20,MYR,0.329520
2015-11-20,ZAR,0.101389
2015-11-23,USD,1.418493
2015-11-23,EUR,1.508000
2015-11-23,GBP,2.146619
2015-11-23,JPY,0.011518
2015-11-23,CHF,1.390118
2015-11-23,CNY,0.222006
2015-11-23,HKD,0.183030
2015-11-23,MYR,0.330217
2015-11-23,ZAR,0.101170
2015-11-24,USD,1.415266
2015-11-24,EUR,1.507400
2015-11-24,GBP,2.134523
2015-11-24,JPY,0.011549
2015-11-24,CHF,1.391617
2015-11-24,CNY,0.221520
2015-11-24,HKD,0.182611
2015-11-24,MYR,0.333555
2015-11-24,ZAR,0.100622
2015-11-25,USD,1.406386
2015-11-25,EUR,1.488800
2015-11-25,GBP,2.121553
2015-11-25,JPY,0.011458
2015-11-25,CHF,1.375970
2015-11-25,CNY,0.220201
2015-11-25,HKD,0.181457
2015-11-25,MYR,0.333670
2015-11-25,ZAR,0.099814
2015-11-26,USD,1.408217
2015-11-26,EUR,1.494400
2015-11-26,GBP,2.126352
2015-11-26,JPY,0.011490
2015-11-26,CHF,1.375046
2015-11-26,CNY,0.220397
2015-11-26,HKD,0.181697
2015-11-26,MYR,0.332443
2015-11-26,ZAR,0.098996
2015-11-27,USD,1.410870
2015-11-27,EUR,1.492700
2015-11-27,GBP,2.123631
2015-11-27,JPY,0.011504
2015-11-27,CHF,1.369450
2015-11-27,CNY,0.220650
2015-11-27,HKD,0.182034
2015-11-27,MYR,0.330609
2015-11-27,ZAR,0.098535
2015-11-30,USD,1.412232
2015-11-30,EUR,1.494000
2015-11-30,GBP,2.119750
2015-11-30,JPY,0.011473
2015-11-30,CHF,1.370265
2015-11-30,CNY,0.220715
2015-11-30,HKD,0.182220
2015-11-30,MYR,0.331506
2015-11-30,ZAR,0.097715
2015-12-01,USD,1.410094
2015-12-01,EUR,1.494700
2015-12-01,GBP,2.124360
2015-12-01,JPY,0.011447
2015-12-01,CHF,1.370279
2015-12-01,CNY,0.220431
2015-12-01,HKD,0.181881
2015-12-01,MYR,0.333044
2015-12-01,ZAR,0.097463
2015-12-02,USD,1.409725
2015-12-02,EUR,1.496000
2015-12-02,GBP,2.119280
2015-12-02,JPY,0.011446
2015-12-02,CHF,1.375000
2015-12-02,CNY,0.220314
2015-12-02,HKD,0.181891
2015-12-02,MYR,0.333148
2015-12-02,ZAR,0.098334
2015-12-03,USD,1.406616
2015-12-03,EUR,1.501000
2015-12-03,GBP,2.107554
2015-12-03,JPY,0.011408
2015-12-03,CHF,1.384686
2015-12-03,CNY,0.219853
2015-12-03,HKD,0.181497
2015-12-03,MYR,0.332905
2015-12-03,ZAR,0.098274
2015-12-04,USD,1.395707
2015-12-04,EUR,1.521600
2015-12-04,GBP,2.113040
2015-12-04,JPY,0.011348
2015-12-04,CHF,1.398272
2015-12-04,CNY,0.217988
2015-12-04,HKD,0.180088
2015-12-04,MYR,0.330409
2015-12-04,ZAR,0.096748
2015-12-07,USD,1.405403
2015-12-07,EUR,1.519100
2015-12-07,GBP,2.116623
2015-12-07,JPY,0.011388
2015-12-07,CHF,1.402678
2015-12-07,CNY,0.219314
2015-12-07,HKD,0.181340
2015-12-07,MYR,0.332087
2015-12-07,ZAR,0.097009
2015-12-08,USD,1.412690
2015-12-08,EUR,1.536300
2015-12-08,GBP,2.112914
2015-12-08,JPY,0.011496
2015-12-08,CHF,1.419871
2015-12-08,CNY,0.220116
2015-12-08,HKD,0.182272
2015-12-08,MYR,0.329148
2015-12-08,ZAR,0.096309
2015-12-09,USD,1.405996
2015-12-09,EUR,1.538300
2015-12-09,GBP,2.121500
2015-12-09,JPY,0.011476
2015-12-09,CHF,1.420406
2015-12-09,CNY,0.218742
2015-12-09,HKD,0.181412
2015-12-09,MYR,0.328654
2015-12-09,ZAR,0.096453
2015-12-10,USD,1.401627
2015-12-10,EUR,1.533800
2015-12-10,GBP,2.119972
2015-12-10,JPY,0.011535
2015-12-10,CHF,1.419397
2015-12-10,CNY,0.217820
2015-12-10,HKD,0.180845
2015-12-10,MYR,0.329149
2015-12-10,ZAR,0.091766
2015-12-11,USD,1.409680
2015-12-11,EUR,1.543600
2015-12-11,GBP,2.136766
2015-12-11,JPY,0.011604
2015-12-11,CHF,1.426749
2015-12-11,CNY,0.218282
2015-12-11,HKD,0.181882
2015-12-11,MYR,0.325489
2015-12-11,ZAR,0.088736
2015-12-14,USD,1.410361
2015-12-14,EUR,1.549000
2015-12-14,GBP,2.133609
2015-12-14,JPY,0.011687
2015-12-14,CHF,1.438121
2015-12-14,CNY,0.218387
2015-12-14,HKD,0.181968
2015-12-14,MYR,0.322708
2015-12-14,ZAR,0.092178
2015-12-15,USD,1.406460
2015-12-15,EUR,1.545700
2015-12-15,GBP,2.131412
2015-12-15,JPY,0.011624
2015-12-15,CHF,1.427107
2015-12-15,CNY,0.217652
2015-12-15,HKD,0.181478
2015-12-15,MYR,0.326821
2015-12-15,ZAR,0.094128
2015-12-16,USD,1.409220
2015-12-16,EUR,1.540700
2015-12-16,GBP,2.115474
2015-12-16,JPY,0.011569
2015-12-16,CHF,1.423411
2015-12-16,CNY,0.217841
2015-12-16,HKD,0.181832
2015-12-16,MYR,0.327495
2015-12-16,ZAR,0.093541
2015-12-17,USD,1.416013
2015-12-17,EUR,1.535100
2015-12-17,GBP,2.112717
2015-12-17,JPY,0.011558
2015-12-17,CHF,1.420468
2015-12-17,CNY,0.218271
2015-12-17,HKD,0.182641
2015-12-17,MYR,0.328153
2015-12-17,ZAR,0.094410
2015-12-18,USD,1.411960
2015-12-18,EUR,1.530000
2015-12-18,GBP,2.105524
2015-12-18,JPY,0.011626
2015-12-18,CHF,1.420877
2015-12-18,CNY,0.217719
2015-12-18,HKD,0.182132
2015-12-18,MYR,0.329457
2015-12-18,ZAR,0.093866
2015-12-21,USD,1.408188
2015-12-21,EUR,1.530700
2015-12-21,GBP,2.097280
2015-12-21,JPY,0.011602
2015-12-21,CHF,1.416790
2015-12-21,CNY,0.217253
2015-12-21,HKD,0.181692
2015-12-21,MYR,0.327920
2015-12-21,ZAR,0.093270
2015-12-22,USD,1.404218
2015-12-22,EUR,1.537900
2015-12-22,GBP,2.088970
2015-12-22,JPY,0.011614
2015-12-22,CHF,1.421612
2015-12-22,CNY,0.216810
2015-12-22,HKD,0.181115
2015-12-22,MYR,0.326567
2015-12-22,ZAR,0.092785
2015-12-23,USD,1.407658
2015-12-23,EUR,1.536600
2015-12-23,GBP,2.096317
2015-12-23,JPY,0.011648
2015-12-23,CHF,1.421199
2015-12-23,CNY,0.217313
2015-12-23,HKD,0.181616
2015-12-23,MYR,0.326512
2015-12-23,ZAR,0.092227
2015-12-24,USD,1.406413
2015-12-24,EUR,1.539600
2015-12-24,GBP,2.096976
2015-12-24,JPY,0.011679
2015-12-24,CHF,1.424764
2015-12-24,CNY,0.217212
2015-12-24,HKD,0.181452
2015-12-24,MYR,0.327972
2015-12-24,ZAR,0.092606
2015-12-28,USD,1.408137
2015-12-28,EUR,1.543600
2015-12-28,GBP,2.099136
2015-12-28,JPY,0.011690
2015-12-28,CHF,1.424248
2015-12-28,CNY,0.217060
2015-12-28,HKD,0.181692
2015-12-28,MYR,0.327596
2015-12-28,ZAR,0.092341
2015-12-29,USD,1.412253
2015-12-29,EUR,1.546700
2015-12-29,GBP,2.089994
2015-12-29,JPY,0.011728
2015-12-29,CHF,1.426056
2015-12-29,CNY,0.217646
2015-12-29,HKD,0.182218
2015-12-29,MYR,0.328700
2015-12-29,ZAR,0.092286
2015-12-30,USD,1.413967
2015-12-30,EUR,1.544900
2015-12-30,GBP,2.093389
2015-12-30,JPY,0.011734
2015-12-30,CHF,1.428611
2015-12-30,CNY,0.217868
2015-12-30,HKD,0.182429
2015-12-30,MYR,0.329494
2015-12-30,ZAR,0.091497
2015-12-31,USD,1.416093
2015-12-31,EUR,1.541700
2015-12-31,GBP,2.100552
2015-12-31,JPY,0.011762
2015-12-31,CHF,1.422889
2015-12-31,CNY,0.218346
2015-12-31,HKD,0.182718
2015-12-31,MYR,0.328308
2015-12-31,ZAR,0.090940
2016-01-04,USD,1.425307
2016-01-04,EUR,1.553300
2016-01-04,GBP,2.104457
2016-01-04,JPY,0.011969
2016-01-04,CHF,1.426223
2016-01-04,CNY,0.218136
2016-01-04,HKD,0.183901
2016-01-04,MYR,0.327956
2016-01-04,ZAR,0.091609
2016-01-05,USD,1.424716
2016-01-05,EUR,1.531000
2016-01-05,GBP,2.090530
2016-01-05,JPY,0.011972
2016-01-05,CHF,1.411450
2016-01-05,CNY,0.218483
2016-01-05,HKD,0.183800
2016-01-05,MYR,0.328048
2016-01-05,ZAR,0.091325
2016-01-06,USD,1.434463
2016-01-06,EUR,1.540900
2016-01-06,GBP,2.098175
2016-01-06,JPY,0.012115
2016-01-06,CHF,1.420708
2016-01-06,CNY,0.218915
2016-01-06,HKD,0.185046
2016-01-06,MYR,0.325167
2016-01-06,ZAR,0.090624
2016-01-07,USD,1.436511
2016-01-07,EUR,1.561200
2016-01-07,GBP,2.094305
2016-01-07,JPY,0.012222
2016-01-07,CHF,1.435586
2016-01-07,CNY,0.217826
2016-01-07,HKD,0.185286
2016-01-07,MYR,0.325902
2016-01-07,ZAR,0.089218
2016-01-08,USD,1.436884
2016-01-08,EUR,1.560600
2016-01-08,GBP,2.094231
2016-01-08,JPY,0.012144
2016-01-08,CHF,1.437017
2016-01-08,CNY,0.218031
2016-01-08,HKD,0.185098
2016-01-08,MYR,0.327754
2016-01-08,ZAR,0.089757
2016-01-11,USD,1.433413
2016-01-11,EUR,1.560700
2016-01-11,GBP,2.089151
2016-01-11,JPY,0.012162
2016-01-11,CHF,1.436712
2016-01-11,CNY,0.218115
2016-01-11,HKD,0.184762
2016-01-11,MYR,0.327500
2016-01-11,ZAR,0.086478
2016-01-12,USD,1.436877
2016-01-12,EUR,1.557000
2016-01-12,GBP,2.073788
2016-01-12,JPY,0.012184
2016-01-12,CHF,1.434362
2016-01-12,CNY,0.218447
2016-01-12,HKD,0.185150
2016-01-12,MYR,0.325528
2016-01-12,ZAR,0.086627
2016-01-13,USD,1.432322
2016-01-13,EUR,1.549200
2016-01-13,GBP,2.065049
2016-01-13,JPY,0.012128
2016-01-13,CHF,1.417902
2016-01-13,CNY,0.217826
2016-01-13,HKD,0.184600
2016-01-13,MYR,0.326960
2016-01-13,ZAR,0.086861
2016-01-14,USD,1.438539
2016-01-14,EUR,1.567000
2016-01-14,GBP,2.069931
2016-01-14,JPY,0.012217
2016-01-14,CHF,1.431050
2016-01-14,CNY,0.218218
2016-01-14,HKD,0.184842
2016-01-14,MYR,0.327447
2016-01-14,ZAR,0.086826
2016-01-15,USD,1.441726
2016-01-15,EUR,1.573500
2016-01-15,GBP,2.066316
2016-01-15,JPY,0.012312
2016-01-15,CHF,1.436855
2016-01-15,CNY,0.218882
2016-01-15,HKD,0.184994
2016-01-15,MYR,0.325905
2016-01-15,ZAR,0.086336
2016-01-18,USD,1.439038
2016-01-18,EUR,1.567400
2016-01-18,GBP,2.055256
2016-01-18,JPY,0.012266
2016-01-18,CHF,1.431939
2016-01-18,CNY,0.218733
2016-01-18,HKD,0.184532
2016-01-18,MYR,0.327312
2016-01-18,ZAR,0.085706
2016-01-19,USD,1.434671
2016-01-19,EUR,1.559200
2016-01-19,GBP,2.038890
2016-01-19,JPY,0.012170
2016-01-19,CHF,1.427577
2016-01-19,CNY,0.218082
2016-01-19,HKD,0.183779
2016-01-19,MYR,0.328045
2016-01-19,ZAR,0.086089
2016-01-20,USD,1.439168
2016-01-20,EUR,1.569700
2016-01-20,GBP,2.038571
2016-01-20,JPY,0.012333
2016-01-20,CHF,1.435876
2016-01-20,CNY,0.218719
2016-01-20,HKD,0.183879
2016-01-20,MYR,0.327457
2016-01-20,ZAR,0.085825
2016-01-21,USD,1.438539
2016-01-21,EUR,1.567000
2016-01-21,GBP,2.030266
2016-01-21,JPY,0.012297
2016-01-21,CHF,1.431181
2016-01-21,CNY,0.218653
2016-01-21,HKD,0.183961
2016-01-21,MYR,0.327701
2016-01-21,ZAR,0.086358
2016-01-22,USD,1.426813
2016-01-22,EUR,1.542100
2016-01-22,GBP,2.043626
2016-01-22,JPY,0.012069
2016-01-22,CHF,1.408311
2016-01-22,CNY,0.216880
2016-01-22,HKD,0.183139
2016-01-22,MYR,0.333009
2016-01-22,ZAR,0.086565
2016-01-25,USD,1.430328
2016-01-25,EUR,1.546900
2016-01-25,GBP,2.038345
2016-01-25,JPY,0.012079
2016-01-25,CHF,1.408706
2016-01-25,CNY,0.217396
2016-01-25,HKD,0.183491
2016-01-25,MYR,0.334769
2016-01-25,ZAR,0.086622
2016-01-26,USD,1.430101
2016-01-26,EUR,1.549800
2016-01-26,GBP,2.036665
2016-01-26,JPY,0.012087
2016-01-26,CHF,1.407885
2016-01-26,CNY,0.217321
2016-01-26,HKD,0.183413
2016-01-26,MYR,0.334477
2016-01-26,ZAR,0.086639
2016-01-27,USD,1.427443
2016-01-27,EUR,1.554200
2016-01-27,GBP,2.045942
2016-01-27,JPY,0.012056
2016-01-27,CHF,1.404228
2016-01-27,CNY,0.217003
2016-01-27,HKD,0.183147
2016-01-27,MYR,0.336385
2016-01-27,ZAR,0.087411
2016-01-28,USD,1.426763
2016-01-28,EUR,1.555600
2016-01-28,GBP,2.040720
2016-01-28,JPY,0.012001
2016-01-28,CHF,1.407401
2016-01-28,CNY,0.216944
2016-01-28,HKD,0.183109
2016-01-28,MYR,0.339858
2016-01-28,ZAR,0.087499
2016-01-29,USD,1.423993
2016-01-29,EUR,1.555000
2016-01-29,GBP,2.035074
2016-01-29,JPY,0.011758
2016-01-29,CHF,1.395370
2016-01-29,CNY,0.216544
2016-01-29,HKD,0.182724
2016-01-29,MYR,0.343297
2016-01-29,ZAR,0.088894
2016-02-01,USD,1.424109
2016-02-01,EUR,1.550000
2016-02-01,GBP,2.036794
2016-02-01,JPY,0.011743
2016-02-01,CHF,1.396900
2016-02-01,CNY,0.216465
2016-02-01,HKD,0.183025
2016-02-01,MYR,0.341824
2016-02-01,ZAR,0.088562
2016-02-02,USD,1.427420
2016-02-02,EUR,1.558600
2016-02-02,GBP,2.054574
2016-02-02,JPY,0.011822
2016-02-02,CHF,1.398224
2016-02-02,CNY,0.216933
2016-02-02,HKD,0.183373
2016-02-02,MYR,0.338679
2016-02-02,ZAR,0.088664
2016-02-03,USD,1.429708
2016-02-03,EUR,1.563100
2016-02-03,GBP,2.075003
2016-02-03,JPY,0.011970
2016-02-03,CHF,1.406298
2016-02-03,CNY,0.217351
2016-02-03,HKD,0.183320
2016-02-03,MYR,0.338913
2016-02-03,ZAR,0.088336
2016-02-04,USD,1.402820
2016-02-04,EUR,1.572000
2016-02-04,GBP,2.052353
2016-02-04,JPY,0.011955
2016-02-04,CHF,1.407467
2016-02-04,CNY,0.213323
2016-02-04,HKD,0.180116
2016-02-04,MYR,0.340813
2016-02-04,ZAR,0.088479
2016-02-05,USD,1.395822
2016-02-05,EUR,1.563600
2016-02-05,GBP,2.031309
2016-02-05,JPY,0.011962
2016-02-05,CHF,1.408522
2016-02-05,CNY,0.212376
2016-02-05,HKD,0.179248
2016-02-05,MYR,0.336056
2016-02-05,ZAR,0.088048
2016-02-08,USD,1.408882
2016-02-08,EUR,1.564000
2016-02-08,GBP,2.024858
2016-02-08,JPY,0.012114
2016-02-08,CHF,1.415257
2016-02-08,CNY,0.214261
2016-02-08,HKD,0.180849
2016-02-08,MYR,0.336619
2016-02-08,ZAR,0.086944
2016-02-09,USD,1.403257
2016-02-09,EUR,1.576700
2016-02-09,GBP,2.022837
2016-02-09,JPY,0.012216
2016-02-09,CHF,1.433755
2016-02-09,CNY,0.213287
2016-02-09,HKD,0.180019
2016-02-09,MYR,0.336327
2016-02-09,ZAR,0.086651
2016-02-10,USD,1.392378
2016-02-10,EUR,1.567400
2016-02-10,GBP,2.026950
2016-02-10,JPY,0.012111
2016-02-10,CHF,1.430109
2016-02-10,CNY,0.211791
2016-02-10,HKD,0.178751
2016-02-10,MYR,0.337816
2016-02-10,ZAR,0.087869
2016-02-11,USD,1.390147
2016-02-11,EUR,1.577400
2016-02-11,GBP,2.003302
2016-02-11,JPY,0.012391
2016-02-11,CHF,1.430489
2016-02-11,CNY,0.211470
2016-02-11,HKD,0.178427
2016-02-11,MYR,0.335382
2016-02-11,ZAR,0.087693
2016-02-12,USD,1.397428
2016-02-12,EUR,1.575600
2016-02-12,GBP,2.026886
2016-02-12,JPY,0.012399
2016-02-12,CHF,1.433797
2016-02-12,CNY,0.212591
2016-02-12,HKD,0.179421
2016-02-12,MYR,0.335555
2016-02-12,ZAR,0.087927
2016-02-15,USD,1.399195
2016-02-15,EUR,1.564300
2016-02-15,GBP,2.026295
2016-02-15,JPY,0.012259
2016-02-15,CHF,1.420928
2016-02-15,CNY,0.215451
2016-02-15,HKD,0.179730
2016-02-15,MYR,0.338417
2016-02-15,ZAR,0.088823
2016-02-16,USD,1.402114
2016-02-16,EUR,1.565600
2016-02-16,GBP,2.018046
2016-02-16,JPY,0.012326
2016-02-16,CHF,1.420948
2016-02-16,CNY,0.215229
2016-02-16,HKD,0.180058
2016-02-16,MYR,0.335354
2016-02-16,ZAR,0.089122
2016-02-17,USD,1.410111
2016-02-17,EUR,1.570300
2016-02-17,GBP,2.017473
2016-02-17,JPY,0.012355
2016-02-17,CHF,1.423147
2016-02-17,CNY,0.216042
2016-02-17,HKD,0.180985
2016-02-17,MYR,0.334541
2016-02-17,ZAR,0.090081
2016-02-18,USD,1.404186
2016-02-18,EUR,1.556400
2016-02-18,GBP,2.017552
2016-02-18,JPY,0.012336
2016-02-18,CHF,1.411317
2016-02-18,CNY,0.215443
2016-02-18,HKD,0.180511
2016-02-18,MYR,0.336614
2016-02-18,ZAR,0.091200
2016-02-19,USD,1.407444
2016-02-19,EUR,1.561700
2016-02-19,GBP,2.009522
2016-02-19,JPY,0.012454
2016-02-19,CHF,1.417537
2016-02-19,CNY,0.215770
2016-02-19,HKD,0.181029
2016-02-19,MYR,0.333440
2016-02-19,ZAR,0.091125
2016-02-22,USD,1.402957
2016-02-22,EUR,1.546900
2016-02-22,GBP,1.977046
2016-02-22,JPY,0.012390
2016-02-22,CHF,1.405251
2016-02-22,CNY,0.215119
2016-02-22,HKD,0.180546
2016-02-22,MYR,0.335037
2016-02-22,ZAR,0.091812
2016-02-23,USD,1.407380
2016-02-23,EUR,1.548400
2016-02-23,GBP,1.985510
2016-02-23,JPY,0.012576
2016-02-23,CHF,1.417819
2016-02-23,CNY,0.215613
2016-02-23,HKD,0.181142
2016-02-23,MYR,0.334096
2016-02-23,ZAR,0.093052
2016-02-24,USD,1.409526
2016-02-24,EUR,1.547800
2016-02-24,GBP,1.960854
2016-02-24,JPY,0.012598
2016-02-24,CHF,1.418178
2016-02-24,CNY,0.215589
2016-02-24,HKD,0.181384
2016-02-24,MYR,0.332125
2016-02-24,ZAR,0.090698
2016-02-25,USD,1.402285
2016-02-25,EUR,1.546300
2016-02-25,GBP,1.959326
2016-02-25,JPY,0.012469
2016-02-25,CHF,1.414083
2016-02-25,CNY,0.214686
2016-02-25,HKD,0.180482
2016-02-25,MYR,0.332538
2016-02-25,ZAR,0.090081
2016-02-26,USD,1.401781
2016-02-26,EUR,1.542800
2016-02-26,GBP,1.959236
2016-02-26,JPY,0.012400
2016-02-26,CHF,1.411657
2016-02-26,CNY,0.214415
2016-02-26,HKD,0.180421
2016-02-26,MYR,0.332844
2016-02-26,ZAR,0.089423
2016-02-29,USD,1.407513
2016-02-29,EUR,1.532500
2016-02-29,GBP,1.950242
2016-02-29,JPY,0.012445
2016-02-29,CHF,1.404160
2016-02-29,CNY,0.214783
2016-02-29,HKD,0.181037
2016-02-29,MYR,0.334096
2016-02-29,ZAR,0.087791
2016-03-01,USD,1.401582
2016-03-01,EUR,1.523800
2016-03-01,GBP,1.958612
2016-03-01,JPY,0.012395
2016-03-01,CHF,1.403131
2016-03-01,CNY,0.213927
2016-03-01,HKD,0.180248
2016-03-01,MYR,0.337400
2016-03-01,ZAR,0.088581
2016-03-02,USD,1.402542
2016-03-02,EUR,1.522600
2016-03-02,GBP,1.966929
2016-03-02,JPY,0.012272
2016-03-02,CHF,1.403965
2016-03-02,CNY,0.214074
2016-03-02,HKD,0.180403
2016-03-02,MYR,0.336747
2016-03-02,ZAR,0.089514
2016-03-03,USD,1.390515
2016-03-03,EUR,1.515800
2016-03-03,GBP,1.957513
2016-03-03,JPY,0.012202
2016-03-03,CHF,1.398339
2016-03-03,CNY,0.212601
2016-03-03,HKD,0.178845
2016-03-03,MYR,0.337129
2016-03-03,ZAR,0.088516
2016-03-04,USD,1.381039
2016-03-04,EUR,1.515000
2016-03-04,GBP,1.955268
2016-03-04,JPY,0.012142
2016-03-04,CHF,1.390163
2016-03-04,CNY,0.211947
2016-03-04,HKD,0.177834
2016-03-04,MYR,0.335920
2016-03-04,ZAR,0.088454
2016-03-07,USD,1.382087
2016-03-07,EUR,1.513800
2016-03-07,GBP,1.954854
2016-03-07,JPY,0.012164
2016-03-07,CHF,1.380952
2016-03-07,CNY,0.212073
2016-03-07,HKD,0.177925
2016-03-07,MYR,0.338506
2016-03-07,ZAR,0.089916
2016-03-08,USD,1.383660
2016-03-08,EUR,1.525900
2016-03-08,GBP,1.966163
2016-03-08,JPY,0.012246
2016-03-08,CHF,1.393262
2016-03-08,CNY,0.212687
2016-03-08,HKD,0.178143
2016-03-08,MYR,0.336643
2016-03-08,ZAR,0.090032
2016-03-09,USD,1.382575
2016-03-09,EUR,1.517100
2016-03-09,GBP,1.966811
2016-03-09,JPY,0.012271
2016-03-09,CHF,1.381946
2016-03-09,CNY,0.212283
2016-03-09,HKD,0.178030
2016-03-09,MYR,0.336036
2016-03-09,ZAR,0.089903
2016-03-10,USD,1.382795
2016-03-10,EUR,1.501300
2016-03-10,GBP,1.956652
2016-03-10,JPY,0.012120
2016-03-10,CHF,1.372178
2016-03-10,CNY,0.212087
2016-03-10,HKD,0.178092
2016-03-10,MYR,0.337841
2016-03-10,ZAR,0.091744
2016-03-11,USD,1.377006
2016-03-11,EUR,1.527100
2016-03-11,GBP,1.968039
2016-03-11,JPY,0.012104
2016-03-11,CHF,1.394867
2016-03-11,CNY,0.211747
2016-03-11,HKD,0.177427
2016-03-11,MYR,0.336878
2016-03-11,ZAR,0.090349
2016-03-14,USD,1.374314
2016-03-14,EUR,1.528100
2016-03-14,GBP,1.973575
2016-03-14,JPY,0.012093
2016-03-14,CHF,1.393108
2016-03-14,CNY,0.211560
2016-03-14,HKD,0.177165
2016-03-14,MYR,0.334040
2016-03-14,ZAR,0.089236
2016-03-15,USD,1.379422
2016-03-15,EUR,1.532400
2016-03-15,GBP,1.955640
2016-03-15,JPY,0.012224
2016-03-15,CHF,1.398941
2016-03-15,CNY,0.211845
2016-03-15,HKD,0.177775
2016-03-15,MYR,0.332964
2016-03-15,ZAR,0.087010
2016-03-16,USD,1.384219
2016-03-16,EUR,1.531500
2016-03-16,GBP,1.945256
2016-03-16,JPY,0.012186
2016-03-16,CHF,1.397354
2016-03-16,CNY,0.212178
2016-03-16,HKD,0.178341
2016-03-16,MYR,0.331716
2016-03-16,ZAR,0.085380
2016-03-17,USD,1.353903
2016-03-17,EUR,1.531400
2016-03-17,GBP,1.957861
2016-03-17,JPY,0.012127
2016-03-17,CHF,1.397390
2016-03-17,CNY,0.208874
2016-03-17,HKD,0.174530
2016-03-17,MYR,0.333515
2016-03-17,ZAR,0.087942
2016-03-18,USD,1.354464
2016-03-18,EUR,1.527700
2016-03-18,GBP,1.962237
2016-03-18,JPY,0.012145
2016-03-18,CHF,1.399121
2016-03-18,CNY,0.209168
2016-03-18,HKD,0.174666
2016-03-18,MYR,0.334172
2016-03-18,ZAR,0.088807
2016-03-21,USD,1.359595
2016-03-21,EUR,1.532400
2016-03-21,GBP,1.957013
2016-03-21,JPY,0.012168
2016-03-21,CHF,1.403811
2016-03-21,CNY,0.209837
2016-03-21,HKD,0.175316
2016-03-21,MYR,0.335112
2016-03-21,ZAR,0.088862
2016-03-22,USD,1.361042
2016-03-22,EUR,1.526000
2016-03-22,GBP,1.936794
2016-03-22,JPY,0.012195
2016-03-22,CHF,1.401672
2016-03-22,CNY,0.209641
2016-03-22,HKD,0.175519
2016-03-22,MYR,0.340003
2016-03-22,ZAR,0.088747
2016-03-23,USD,1.367827
2016-03-23,EUR,1.528000
2016-03-23,GBP,1.934545
2016-03-23,JPY,0.012126
2016-03-23,CHF,1.402607
2016-03-23,CNY,0.210329
2016-03-23,HKD,0.176386
2016-03-23,MYR,0.342041
2016-03-23,ZAR,0.089109
2016-03-24,USD,1.368836
2016-03-24,EUR,1.526800
2016-03-24,GBP,1.934176
2016-03-24,JPY,0.012174
2016-03-24,CHF,1.403954
2016-03-24,CNY,0.210124
2016-03-24,HKD,0.176411
2016-03-24,MYR,0.339621
2016-03-24,ZAR,0.088329
2016-03-29,USD,1.367786
2016-03-29,EUR,1.531100
2016-03-29,GBP,1.951689
2016-03-29,JPY,0.012044
2016-03-29,CHF,1.402749
2016-03-29,CNY,0.210105
2016-03-29,HKD,0.176323
2016-03-29,MYR,0.342436
2016-03-29,ZAR,0.088423
2016-03-30,USD,1.352084
2016-03-30,EUR,1.531100
2016-03-30,GBP,1.948460
2016-03-30,JPY,0.012021
2016-03-30,CHF,1.403006
2016-03-30,CNY,0.208693
2016-03-30,HKD,0.174365
2016-03-30,MYR,0.344052
2016-03-30,ZAR,0.090529
2016-03-31,USD,1.344225
2016-03-31,EUR,1.530400
2016-03-31,GBP,1.933422
2016-03-31,JPY,0.011966
2016-03-31,CHF,1.400055
2016-03-31,CNY,0.208178
2016-03-31,HKD,0.173354
2016-03-31,MYR,0.347203
2016-03-31,ZAR,0.091168
2016-04-01,USD,1.346134
2016-04-01,EUR,1.538900
2016-04-01,GBP,1.926274
2016-04-01,JPY,0.012016
2016-04-01,CHF,1.405902
2016-04-01,CNY,0.208232
2016-04-01,HKD,0.173589
2016-04-01,MYR,0.346740
2016-04-01,ZAR,0.091190
2016-04-04,USD,1.350879
2016-04-04,EUR,1.537300
2016-04-04,GBP,1.927939
2016-04-04,JPY,0.012108
2016-04-04,CHF,1.407913
2016-04-04,CNY,0.208600
2016-04-04,HKD,0.174190
2016-04-04,MYR,0.346887
2016-04-04,ZAR,0.092164
2016-04-05,USD,1.357438
2016-04-05,EUR,1.543000
2016-04-05,GBP,1.924900
2016-04-05,JPY,0.012265
2016-04-05,CHF,1.416636
2016-04-05,CNY,0.209661
2016-04-05,HKD,0.175015
2016-04-05,MYR,0.345693
2016-04-05,ZAR,0.090665
2016-04-06,USD,1.356122
2016-04-06,EUR,1.537300
2016-04-06,GBP,1.902411
2016-04-06,JPY,0.012286
2016-04-06,CHF,1.412051
2016-04-06,CNY,0.209014
2016-04-06,HKD,0.174838
2016-04-06,MYR,0.344223
2016-04-06,ZAR,0.088962
2016-04-07,USD,1.352429
2016-04-07,EUR,1.536900
2016-04-07,GBP,1.903800
2016-04-07,JPY,0.012480
2016-04-07,CHF,1.412073
2016-04-07,CNY,0.209003
2016-04-07,HKD,0.174313
2016-04-07,MYR,0.343787
2016-04-07,ZAR,0.088751
2016-04-08,USD,1.349556
2016-04-08,EUR,1.533500
2016-04-08,GBP,1.899542
2016-04-08,JPY,0.012431
2016-04-08,CHF,1.410245
2016-04-08,CNY,0.208441
2016-04-08,HKD,0.173933
2016-04-08,MYR,0.345126
2016-04-08,ZAR,0.089562
2016-04-11,USD,1.346883
2016-04-11,EUR,1.534100
2016-04-11,GBP,1.916188
2016-04-11,JPY,0.012444
2016-04-11,CHF,1.410407
2016-04-11,CNY,0.208129
2016-04-11,HKD,0.173696
2016-04-11,MYR,0.346243
2016-04-11,ZAR,0.091340
2016-04-12,USD,1.347315
2016-04-12,EUR,1.535400
2016-04-12,GBP,1.923096
2016-04-12,JPY,0.012438
2016-04-12,CHF,1.411992
2016-04-12,CNY,0.208523
2016-04-12,HKD,0.173745
2016-04-12,MYR,0.346803
2016-04-12,ZAR,0.091723
2016-04-13,USD,1.351124
2016-04-13,EUR,1.526500
2016-04-13,GBP,1.922835
2016-04-13,JPY,0.012363
2016-04-13,CHF,1.402131
2016-04-13,CNY,0.208618
2016-04-13,HKD,0.174184
2016-04-13,MYR,0.348103
2016-04-13,ZAR,0.091769
2016-04-14,USD,1.363846
2016-04-14,EUR,1.534600
2016-04-14,GBP,1.928859
2016-04-14,JPY,0.012467
2016-04-14,CHF,1.410737
2016-04-14,CNY,0.210306
2016-04-14,HKD,0.175819
2016-04-14,MYR,0.350870
2016-04-14,ZAR,0.093609
2016-04-15,USD,1.358561
2016-04-15,EUR,1.533000
2016-04-15,GBP,1.926484
2016-04-15,JPY,0.012473
2016-04-15,CHF,1.403975
2016-04-15,CNY,0.209793
2016-04-15,HKD,0.175146
2016-04-15,MYR,0.347737
2016-04-15,ZAR,0.093235
2016-04-18,USD,1.355740
2016-04-18,EUR,1.532800
2016-04-18,GBP,1.921284
2016-04-18,JPY,0.012531
2016-04-18,CHF,1.404177
2016-04-18,CNY,0.209282
2016-04-18,HKD,0.174802
2016-04-18,MYR,0.345194
2016-04-18,ZAR,0.092863
2016-04-19,USD,1.339769
2016-04-19,EUR,1.519700
2016-04-19,GBP,1.924280
2016-04-19,JPY,0.012246
2016-04-19,CHF,1.391412
2016-04-19,CNY,0.207123
2016-04-19,HKD,0.172750
2016-04-19,MYR,0.347757
2016-04-19,ZAR,0.093789
2016-04-20,USD,1.339837
2016-04-20,EUR,1.524600
2016-04-20,GBP,1.927434
2016-04-20,JPY,0.012275
2016-04-20,CHF,1.393729
2016-04-20,CNY,0.207209
2016-04-20,HKD,0.172716
2016-04-20,MYR,0.346894
2016-04-20,ZAR,0.094331
2016-04-21,USD,1.343197
2016-04-21,EUR,1.525200
2016-04-21,GBP,1.938165
2016-04-21,JPY,0.012251
2016-04-21,CHF,1.387933
2016-04-21,CNY,0.207440
2016-04-21,HKD,0.173145
2016-04-21,MYR,0.345811
2016-04-21,ZAR,0.094734
2016-04-22,USD,1.350528
2016-04-22,EUR,1.521100
2016-04-22,GBP,1.941788
2016-04-22,JPY,0.012182
2016-04-22,CHF,1.383951
2016-04-22,CNY,0.207917
2016-04-22,HKD,0.174103
2016-04-22,MYR,0.346153
2016-04-22,ZAR,0.093984
2016-04-25,USD,1.350763
2016-04-25,EUR,1.521500
2016-04-25,GBP,1.959686
2016-04-25,JPY,0.012177
2016-04-25,CHF,1.386585
2016-04-25,CNY,0.208011
2016-04-25,HKD,0.174138
2016-04-25,MYR,0.345937
2016-04-25,ZAR,0.093263
2016-04-26,USD,1.353770
2016-04-26,EUR,1.528000
2016-04-26,GBP,1.972045
2016-04-26,JPY,0.012180
2016-04-26,CHF,1.389091
2016-04-26,CNY,0.208330
2016-04-26,HKD,0.174539
2016-04-26,MYR,0.345085
2016-04-26,ZAR,0.093460
2016-04-27,USD,1.349288
2016-04-27,EUR,1.525100
2016-04-27,GBP,1.968506
2016-04-27,JPY,0.012124
2016-04-27,CHF,1.386707
2016-04-27,CNY,0.207748
2016-04-27,HKD,0.173957
2016-04-27,MYR,0.344127
2016-04-27,ZAR,0.093273
2016-04-28,USD,1.344691
2016-04-28,EUR,1.527300
2016-04-28,GBP,1.962152
2016-04-28,JPY,0.012433
2016-04-28,CHF,1.391744
2016-04-28,CNY,0.207621
2016-04-28,HKD,0.173338
2016-04-28,MYR,0.345145
2016-04-28,ZAR,0.093511
2016-04-29,USD,1.342717
2016-04-29,EUR,1.531100
2016-04-29,GBP,1.962320
2016-04-29,JPY,0.012515
2016-04-29,CHF,1.393937
2016-04-29,CNY,0.207065
2016-04-29,HKD,0.173072
2016-04-29,MYR,0.343712
2016-04-29,ZAR,0.094766
2016-05-02,USD,1.340816
2016-05-02,EUR,1.541000
2016-05-02,GBP,1.969379
2016-05-02,JPY,0.012583
2016-05-02,CHF,1.401036
2016-05-02,CNY,0.207074
2016-05-02,HKD,0.172816
2016-05-02,MYR,0.343398
2016-05-02,ZAR,0.094524
2016-05-03,USD,1.346184
2016-05-03,EUR,1.557400
2016-05-03,GBP,1.968825
2016-05-03,JPY,0.012710
2016-05-03,CHF,1.418785
2016-05-03,CNY,0.207617
2016-05-03,HKD,0.173490
2016-05-03,MYR,0.340527
2016-05-03,ZAR,0.093081
2016-05-04,USD,1.356367
2016-05-04,EUR,1.560500
2016-05-04,GBP,1.968241
2016-05-04,JPY,0.012726
2016-05-04,CHF,1.419540
2016-05-04,CNY,0.208654
2016-05-04,HKD,0.174758
2016-05-04,MYR,0.338356
2016-05-04,ZAR,0.091755
2016-05-05,USD,1.357724
2016-05-05,EUR,1.553100
2016-05-05,GBP,1.969440
2016-05-05,JPY,0.012677
2016-05-05,CHF,1.409602
2016-05-05,CNY,0.208722
2016-05-05,HKD,0.174948
2016-05-05,MYR,0.338964
2016-05-05,ZAR,0.090957
2016-05-06,USD,1.358712
2016-05-06,EUR,1.552600
2016-05-06,GBP,1.969055
2016-05-06,JPY,0.012702
2016-05-06,CHF,1.402529
2016-05-06,CNY,0.208964
2016-05-06,HKD,0.175083
2016-05-06,MYR,0.338663
2016-05-06,ZAR,0.090817
2016-05-09,USD,1.366564
2016-05-09,EUR,1.557200
2016-05-09,GBP,1.971189
2016-05-09,JPY,0.012620
2016-05-09,CHF,1.408848
2016-05-09,CNY,0.209845
2016-05-09,HKD,0.176044
2016-05-09,MYR,0.339600
2016-05-09,ZAR,0.090468
2016-05-10,USD,1.369407
2016-05-10,EUR,1.557700
2016-05-10,GBP,1.977781
2016-05-10,JPY,0.012550
2016-05-10,CHF,1.405993
2016-05-10,CNY,0.210131
2016-05-10,HKD,0.176412
2016-05-10,MYR,0.337194
2016-05-10,ZAR,0.089929
2016-05-11,USD,1.368218
2016-05-11,EUR,1.561000
2016-05-11,GBP,1.977000
2016-05-11,JPY,0.012580
2016-05-11,CHF,1.406433
2016-05-11,CNY,0.210343
2016-05-11,HKD,0.176301
2016-05-11,MYR,0.339090
2016-05-11,ZAR,0.090369
2016-05-12,USD,1.371499
2016-05-12,EUR,1.562000
2016-05-12,GBP,1.980022
2016-05-12,JPY,0.012546
2016-05-12,CHF,1.411914
2016-05-12,CNY,0.210393
2016-05-12,HKD,0.176741
2016-05-12,MYR,0.341764
2016-05-12,ZAR,0.091488
2016-05-13,USD,1.370462
2016-05-13,EUR,1.555200
2016-05-13,GBP,1.974657
2016-05-13,JPY,0.012587
2016-05-13,CHF,1.410740
2016-05-13,CNY,0.210159
2016-05-13,HKD,0.176533
2016-05-13,MYR,0.340076
2016-05-13,ZAR,0.090349
2016-05-16,USD,1.369746
2016-05-16,EUR,1.551100
2016-05-16,GBP,1.968401
2016-05-16,JPY,0.012583
2016-05-16,CHF,1.402568
2016-05-16,CNY,0.209991
2016-05-16,HKD,0.176442
2016-05-16,MYR,0.339863
2016-05-16,ZAR,0.087976
2016-05-17,USD,1.369588
2016-05-17,EUR,1.550100
2016-05-17,GBP,1.983493
2016-05-17,JPY,0.012508
2016-05-17,CHF,1.399007
2016-05-17,CNY,0.209850
2016-05-17,HKD,0.176451
2016-05-17,MYR,0.340824
2016-05-17,ZAR,0.087794
2016-05-18,USD,1.377693
2016-05-18,EUR,1.553900
2016-05-18,GBP,2.005420
2016-05-18,JPY,0.012594
2016-05-18,CHF,1.401678
2016-05-18,CNY,0.210801
2016-05-18,HKD,0.177436
2016-05-18,MYR,0.340044
2016-05-18,ZAR,0.086734
2016-05-19,USD,1.379834
2016-05-19,EUR,1.545000
2016-05-19,GBP,2.017366
2016-05-19,JPY,0.012544
2016-05-19,CHF,1.393273
2016-05-19,CNY,0.210726
2016-05-19,HKD,0.177654
2016-05-19,MYR,0.337277
2016-05-19,ZAR,0.087065
2016-05-20,USD,1.381496
2016-05-20,EUR,1.549900
2016-05-20,GBP,2.012648
2016-05-20,JPY,0.012518
2016-05-20,CHF,1.393419
2016-05-20,CNY,0.210997
2016-05-20,HKD,0.177861
2016-05-20,MYR,0.338517
2016-05-20,ZAR,0.087729
2016-05-23,USD,1.380116
2016-05-23,EUR,1.547800
2016-05-23,GBP,1.998631
2016-05-23,JPY,0.012615
2016-05-23,CHF,1.393787
2016-05-23,CNY,0.210565
2016-05-23,HKD,0.177696
2016-05-23,MYR,0.337830
2016-05-23,ZAR,0.088358
2016-05-24,USD,1.382969
2016-05-24,EUR,1.544500
2016-05-24,GBP,2.018611
2016-05-24,JPY,0.012602
2016-05-24,CHF,1.394079
2016-05-24,CNY,0.210922
2016-05-24,HKD,0.178055
2016-05-24,MYR,0.336060
2016-05-24,ZAR,0.088510
2016-05-25,USD,1.379149
2016-05-25,EUR,1.537200
2016-05-25,GBP,2.024630
2016-05-25,JPY,0.012519
2016-05-25,CHF,1.391257
2016-05-25,CNY,0.210184
2016-05-25,HKD,0.177641
2016-05-25,MYR,0.336287
2016-05-25,ZAR,0.087966
2016-05-26,USD,1.377239
2016-05-26,EUR,1.538100
2016-05-26,GBP,2.024615
2016-05-26,JPY,0.012512
2016-05-26,CHF,1.388804
2016-05-26,CNY,0.210017
2016-05-26,HKD,0.177343
2016-05-26,MYR,0.338528
2016-05-26,ZAR,0.088313
2016-05-27,USD,1.375358
2016-05-27,EUR,1.536000
2016-05-27,GBP,2.014558
2016-05-27,JPY,0.012543
2016-05-27,CHF,1.387785
2016-05-27,CNY,0.209604
2016-05-27,HKD,0.177091
2016-05-27,MYR,0.337182
2016-05-27,ZAR,0.088021
2016-05-30,USD,1.381093
2016-05-30,EUR,1.538400
2016-05-30,GBP,2.020887
2016-05-30,JPY,0.012421
2016-05-30,CHF,1.391210
2016-05-30,CNY,0.209837
2016-05-30,HKD,0.177774
2016-05-30,MYR,0.335419
2016-05-30,ZAR,0.087572
2016-05-31,USD,1.377712
2016-05-31,EUR,1.536700
2016-05-31,GBP,2.017064
2016-05-31,JPY,0.012410
2016-05-31,CHF,1.391434
2016-05-31,CNY,0.209465
2016-05-31,HKD,0.177366
2016-05-31,MYR,0.334502
2016-05-31,ZAR,0.087381
2016-06-01,USD,1.375962
2016-06-01,EUR,1.537500
2016-06-01,GBP,1.987513
2016-06-01,JPY,0.012595
2016-06-01,CHF,1.390773
2016-06-01,CNY,0.209189
2016-06-01,HKD,0.177095
2016-06-01,MYR,0.331293
2016-06-01,ZAR,0.087665
2016-06-02,USD,1.376385
2016-06-02,EUR,1.539900
2016-06-02,GBP,1.991207
2016-06-02,JPY,0.012626
2016-06-02,CHF,1.392063
2016-06-02,CNY,0.209115
2016-06-02,HKD,0.177138
2016-06-02,MYR,0.331197
2016-06-02,ZAR,0.088270
2016-06-03,USD,1.376278
2016-06-03,EUR,1.535100
2016-06-03,GBP,1.986285
2016-06-03,JPY,0.012638
2016-06-03,CHF,1.389231
2016-06-03,CNY,0.208948
2016-06-03,HKD,0.177094
2016-06-03,MYR,0.331835
2016-06-03,ZAR,0.088337
2016-06-06,USD,1.359062
2016-06-06,EUR,1.542400
2016-06-06,GBP,1.959350
2016-06-06,JPY,0.012686
2016-06-06,CHF,1.395711
2016-06-06,CNY,0.206978
2016-06-06,HKD,0.174967
2016-06-06,MYR,0.331899
2016-06-06,ZAR,0.090695
2016-06-07,USD,1.353719
2016-06-07,EUR,1.536200
2016-06-07,GBP,1.972522
2016-06-07,JPY,0.012575
2016-06-07,CHF,1.399217
2016-06-07,CNY,0.205983
2016-06-07,HKD,0.174281
2016-06-07,MYR,0.333594
2016-06-07,ZAR,0.091064
2016-06-08,USD,1.347952
2016-06-08,EUR,1.533700
2016-06-08,GBP,1.965073
2016-06-08,JPY,0.012595
2016-06-08,CHF,1.401663
2016-06-08,CNY,0.205240
2016-06-08,HKD,0.173617
2016-06-08,MYR,0.334789
2016-06-08,ZAR,0.091503
2016-06-09,USD,1.352023
2016-06-09,EUR,1.533600
2016-06-09,GBP,1.955175
2016-06-09,JPY,0.012704
2016-06-09,CHF,1.404910
2016-06-09,CNY,0.206115
2016-06-09,HKD,0.174180
2016-06-09,MYR,0.334038
2016-06-09,ZAR,0.091199
2016-06-10,USD,1.354122
2016-06-10,EUR,1.530700
2016-06-10,GBP,1.950433
2016-06-10,JPY,0.012672
2016-06-10,CHF,1.406247
2016-06-10,CNY,0.206452
2016-06-10,HKD,0.174463
2016-06-10,MYR,0.332869
2016-06-10,ZAR,0.089733
2016-06-13,USD,1.355343
2016-06-13,EUR,1.527200
2016-06-13,GBP,1.920644
2016-06-13,JPY,0.012779
2016-06-13,CHF,1.402645
2016-06-13,CNY,0.205789
2016-06-13,HKD,0.174597
2016-06-13,MYR,0.331222
2016-06-13,ZAR,0.089310
2016-06-14,USD,1.356704
2016-06-14,EUR,1.522900
2016-06-14,GBP,1.916128
2016-06-14,JPY,0.012800
2016-06-14,CHF,1.405927
2016-06-14,CNY,0.205756
2016-06-14,HKD,0.174819
2016-06-14,MYR,0.330447
2016-06-14,ZAR,0.088352
2016-06-15,USD,1.354853
2016-06-15,EUR,1.521500
2016-06-15,GBP,1.922105
2016-06-15,JPY,0.012755
2016-06-15,CHF,1.406582
2016-06-15,CNY,0.205872
2016-06-15,HKD,0.174560
2016-06-15,MYR,0.330373
2016-06-15,ZAR,0.088968
2016-06-16,USD,1.352783
2016-06-16,EUR,1.511600
2016-06-16,GBP,1.912619
2016-06-16,JPY,0.012958
2016-06-16,CHF,1.398076
2016-06-16,CNY,0.205400
2016-06-16,HKD,0.174318
2016-06-16,MYR,0.329432
2016-06-16,ZAR,0.087761
2016-06-17,USD,1.349476
2016-06-17,EUR,1.518700
2016-06-17,GBP,1.928018
2016-06-17,JPY,0.012943
2016-06-17,CHF,1.403864
2016-06-17,CNY,0.204757
2016-06-17,HKD,0.173888
2016-06-17,MYR,0.329058
2016-06-17,ZAR,0.088700
2016-06-20,USD,1.343540
2016-06-20,EUR,1.522500
2016-06-20,GBP,1.967690
2016-06-20,JPY,0.012841
2016-06-20,CHF,1.398842
2016-06-20,CNY,0.204192
2016-06-20,HKD,0.173137
2016-06-20,MYR,0.331396
2016-06-20,ZAR,0.090657
2016-06-21,USD,1.340728
2016-06-21,EUR,1.516900
2016-06-21,GBP,1.976288
2016-06-21,JPY,0.012813
2016-06-21,CHF,1.398065
2016-06-21,CNY,0.203704
2016-06-21,HKD,0.172811
2016-06-21,MYR,0.332924
2016-06-21,ZAR,0.091355
2016-06-22,USD,1.339360
2016-06-22,EUR,1.511200
2016-06-22,GBP,1.967888
2016-06-22,JPY,0.012806
2016-06-22,CHF,1.395383
2016-06-22,CNY,0.203592
2016-06-22,HKD,0.172661
2016-06-22,MYR,0.332644
2016-06-22,ZAR,0.091162
2016-06-23,USD,1.339187
2016-06-23,EUR,1.525200
2016-06-23,GBP,1.991253
2016-06-23,JPY,0.012670
2016-06-23,CHF,1.402354
2016-06-23,CNY,0.203536
2016-06-23,HKD,0.172630
2016-06-23,MYR,0.335437
2016-06-23,ZAR,0.092632
2016-06-24,USD,1.353063
2016-06-24,EUR,1.497300
2016-06-24,GBP,1.854241
2016-06-24,JPY,0.013224
2016-06-24,CHF,1.385363
2016-06-24,CNY,0.204267
2016-06-24,HKD,0.174334
2016-06-24,MYR,0.328997
2016-06-24,ZAR,0.089488
2016-06-27,USD,1.359793
2016-06-27,EUR,1.495500
2016-06-27,GBP,1.793165
2016-06-27,JPY,0.013377
2016-06-27,CHF,1.392977
2016-06-27,CNY,0.204560
2016-06-27,HKD,0.175271
2016-06-27,MYR,0.331251
2016-06-27,ZAR,0.088727
2016-06-28,USD,1.355188
2016-06-28,EUR,1.500600
2016-06-28,GBP,1.814072
2016-06-28,JPY,0.013233
2016-06-28,CHF,1.383679
2016-06-28,CNY,0.203869
2016-06-28,HKD,0.174641
2016-06-28,MYR,0.332897
2016-06-28,ZAR,0.088882
2016-06-29,USD,1.348151
2016-06-29,EUR,1.495100
2016-06-29,GBP,1.811145
2016-06-29,JPY,0.013132
2016-06-29,CHF,1.377465
2016-06-29,CNY,0.202918
2016-06-29,HKD,0.173766
2016-06-29,MYR,0.335269
2016-06-29,ZAR,0.090058
2016-06-30,USD,1.347235
2016-06-30,EUR,1.495700
2016-06-30,GBP,1.809679
2016-06-30,JPY,0.013114
2016-06-30,CHF,1.376369
2016-06-30,CNY,0.202793
2016-06-30,HKD,0.173646
2016-06-30,MYR,0.337622
2016-06-30,ZAR,0.090946
2016-07-01,USD,1.343422
2016-07-01,EUR,1.495900
2016-07-01,GBP,1.784445
2016-07-01,JPY,0.013089
2016-07-01,CHF,1.380618
2016-07-01,CNY,0.201846
2016-07-01,HKD,0.173151
2016-07-01,MYR,0.337097
2016-07-01,ZAR,0.092176
2016-07-04,USD,1.345753
2016-07-04,EUR,1.498900
2016-07-04,GBP,1.786425
2016-07-04,JPY,0.013115
2016-07-04,CHF,1.382877
2016-07-04,CNY,0.201929
2016-07-04,HKD,0.173448
2016-07-04,MYR,0.337142
2016-07-04,ZAR,0.092859
2016-07-05,USD,1.349363
2016-07-05,EUR,1.504000
2016-07-05,GBP,1.769474
2016-07-05,JPY,0.013251
2016-07-05,CHF,1.387838
2016-07-05,CNY,0.202208
2016-07-05,HKD,0.173925
2016-07-05,MYR,0.334989
2016-07-05,ZAR,0.091473
2016-07-06,USD,1.352335
2016-07-06,EUR,1.496900
2016-07-06,GBP,1.754865
2016-07-06,JPY,0.013428
2016-07-06,CHF,1.383329
2016-07-06,CNY,0.202235
2016-07-06,HKD,0.174291
2016-07-06,MYR,0.333921
2016-07-06,ZAR,0.090823
2016-07-07,USD,1.347834
2016-07-07,EUR,1.493400
2016-07-07,GBP,1.755186
2016-07-07,JPY,0.013346
2016-07-07,CHF,1.380222
2016-07-07,CNY,0.201691
2016-07-07,HKD,0.173720
2016-07-07,MYR,0.334573
2016-07-07,ZAR,0.091939
2016-07-08,USD,1.346251
2016-07-08,EUR,1.490300
2016-07-08,GBP,1.748296
2016-07-08,JPY,0.013406
2016-07-08,CHF,1.372916
2016-07-08,CNY,0.201362
2016-07-08,HKD,0.173561
2016-07-08,MYR,0.334636
2016-07-08,ZAR,0.091605
2016-07-11,USD,1.349443
2016-07-11,EUR,1.491000
2016-07-11,GBP,1.752118
2016-07-11,JPY,0.013168
2016-07-11,CHF,1.372044
2016-07-11,CNY,0.201688
2016-07-11,HKD,0.173916
2016-07-11,MYR,0.338019
2016-07-11,ZAR,0.093437
2016-07-12,USD,1.346827
2016-07-12,EUR,1.493900
2016-07-12,GBP,1.772649
2016-07-12,JPY,0.012958
2016-07-12,CHF,1.370048
2016-07-12,CNY,0.201475
2016-07-12,HKD,0.173606
2016-07-12,MYR,0.339801
2016-07-12,ZAR,0.094159
2016-07-13,USD,1.346008
2016-07-13,EUR,1.490300
2016-07-13,GBP,1.786973
2016-07-13,JPY,0.012867
2016-07-13,CHF,1.366120
2016-07-13,CNY,0.201183
2016-07-13,HKD,0.173509
2016-07-13,MYR,0.341350
2016-07-13,ZAR,0.093910
2016-07-14,USD,1.342476
2016-07-14,EUR,1.497800
2016-07-14,GBP,1.797842
2016-07-14,JPY,0.012706
2016-07-14,CHF,1.374128
2016-07-14,CNY,0.200839
2016-07-14,HKD,0.173080
2016-07-14,MYR,0.341839
2016-07-14,ZAR,0.094461
2016-07-15,USD,1.344446
2016-07-15,EUR,1.496100
2016-07-15,GBP,1.796578
2016-07-15,JPY,0.012719
2016-07-15,CHF,1.372695
2016-07-15,CNY,0.201210
2016-07-15,HKD,0.173395
2016-07-15,MYR,0.340549
2016-07-15,ZAR,0.093701
2016-07-18,USD,1.348050
2016-07-18,EUR,1.490000
2016-07-18,GBP,1.787171
2016-07-18,JPY,0.012755
2016-07-18,CHF,1.370871
2016-07-18,CNY,0.201109
2016-07-18,HKD,0.173836
2016-07-18,MYR,0.338860
2016-07-18,ZAR,0.094492
2016-07-19,USD,1.352152
2016-07-19,EUR,1.492100
2016-07-19,GBP,1.777367
2016-07-19,JPY,0.012731
2016-07-19,CHF,1.371794
2016-07-19,CNY,0.201976
2016-07-19,HKD,0.174341
2016-07-19,MYR,0.337541
2016-07-19,ZAR,0.094378
2016-07-20,USD,1.358576
2016-07-20,EUR,1.496200
2016-07-20,GBP,1.789606
2016-07-20,JPY,0.012752
2016-07-20,CHF,1.374931
2016-07-20,CNY,0.203562
2016-07-20,HKD,0.175189
2016-07-20,MYR,0.336557
2016-07-20,ZAR,0.095120
2016-07-21,USD,1.355515
2016-07-21,EUR,1.493100
2016-07-21,GBP,1.786112
2016-07-21,JPY,0.012756
2016-07-21,CHF,1.373344
2016-07-21,CNY,0.203129
2016-07-21,HKD,0.174783
2016-07-21,MYR,0.332835
2016-07-21,ZAR,0.094840
2016-07-22,USD,1.355911
2016-07-22,EUR,1.493400
2016-07-22,GBP,1.775574
2016-07-22,JPY,0.012779
2016-07-22,CHF,1.375138
2016-07-22,CNY,0.203184
2016-07-22,HKD,0.174830
2016-07-22,MYR,0.334124
2016-07-22,ZAR,0.095170
2016-07-25,USD,1.360772
2016-07-25,EUR,1.494400
2016-07-25,GBP,1.786064
2016-07-25,JPY,0.012812
2016-07-25,CHF,1.378725
2016-07-25,CNY,0.203719
2016-07-25,HKD,0.175420
2016-07-25,MYR,0.334378
2016-07-25,ZAR,0.095333
2016-07-26,USD,1.357188
2016-07-26,EUR,1.492500
2016-07-26,GBP,1.782941
2016-07-26,JPY,0.013016
2016-07-26,CHF,1.373045
2016-07-26,CNY,0.203457
2016-07-26,HKD,0.174969
2016-07-26,MYR,0.333945
2016-07-26,ZAR,0.094062
2016-07-27,USD,1.358020
2016-07-27,EUR,1.492600
2016-07-27,GBP,1.779553
2016-07-27,JPY,0.012842
2016-07-27,CHF,1.365849
2016-07-27,CNY,0.203598
2016-07-27,HKD,0.175079
2016-07-27,MYR,0.332479
2016-07-27,ZAR,0.095021
2016-07-28,USD,1.350496
2016-07-28,EUR,1.497700
2016-07-28,GBP,1.778319
2016-07-28,JPY,0.012896
2016-07-28,CHF,1.375046
2016-07-28,CNY,0.202836
2016-07-28,HKD,0.174107
2016-07-28,MYR,0.332689
2016-07-28,ZAR,0.094810
2016-07-29,USD,1.351120
2016-07-29,EUR,1.501500
2016-07-29,GBP,1.779028
2016-07-29,JPY,0.013076
2016-07-29,CHF,1.387323
2016-07-29,CNY,0.203158
2016-07-29,HKD,0.174168
2016-07-29,MYR,0.332190
2016-07-29,ZAR,0.095454
2016-08-01,USD,1.340559
2016-08-01,EUR,1.496600
2016-08-01,GBP,1.770286
2016-08-01,JPY,0.013096
2016-08-01,CHF,1.384843
2016-08-01,CNY,0.201872
2016-08-01,HKD,0.172772
2016-08-01,MYR,0.332918
2016-08-01,ZAR,0.096480
2016-08-02,USD,1.338873
2016-08-02,EUR,1.498600
2016-08-02,GBP,1.777488
2016-08-02,JPY,0.013178
2016-08-02,CHF,1.386309
2016-08-02,CNY,0.201878
2016-08-02,HKD,0.172525
2016-08-02,MYR,0.331644
2016-08-02,ZAR,0.095838
2016-08-03,USD,1.341071
2016-08-03,EUR,1.502000
2016-08-03,GBP,1.790013
2016-08-03,JPY,0.013266
2016-08-03,CHF,1.384970
2016-08-03,CNY,0.202333
2016-08-03,HKD,0.172846
2016-08-03,MYR,0.330742
2016-08-03,ZAR,0.095925
2016-08-04,USD,1.342672
2016-08-04,EUR,1.495200
2016-08-04,GBP,1.767313
2016-08-04,JPY,0.013272
2016-08-04,CHF,1.380100
2016-08-04,CNY,0.202161
2016-08-04,HKD,0.173088
2016-08-04,MYR,0.331846
2016-08-04,ZAR,0.097727
2016-08-05,USD,1.340355
2016-08-05,EUR,1.495300
2016-08-05,GBP,1.763118
2016-08-05,JPY,0.013264
2016-08-05,CHF,1.377903
2016-08-05,CNY,0.201768
2016-08-05,HKD,0.172825
2016-08-05,MYR,0.332829
2016-08-05,ZAR,0.098029
2016-08-08,USD,1.347885
2016-08-08,EUR,1.494400
2016-08-08,GBP,1.759049
2016-08-08,JPY,0.013156
2016-08-08,CHF,1.373151
2016-08-08,CNY,0.202362
2016-08-08,HKD,0.173769
2016-08-08,MYR,0.334363
2016-08-08,ZAR,0.098781
2016-08-09,USD,1.347806
2016-08-09,EUR,1.493100
2016-08-09,GBP,1.748381
2016-08-09,JPY,0.013182
2016-08-09,CHF,1.369942
2016-08-09,CNY,0.202323
2016-08-09,HKD,0.173717
2016-08-09,MYR,0.334266
2016-08-09,ZAR,0.099492
2016-08-10,USD,1.338340
2016-08-10,EUR,1.496800
2016-08-10,GBP,1.749804
2016-08-10,JPY,0.013235
2016-08-10,CHF,1.370320
2016-08-10,CNY,0.201809
2016-08-10,HKD,0.172546
2016-08-10,MYR,0.335425
2016-08-10,ZAR,0.100807
2016-08-11,USD,1.343943
2016-08-11,EUR,1.498900
2016-08-11,GBP,1.742137
2016-08-11,JPY,0.013259
2016-08-11,CHF,1.380330
2016-08-11,CNY,0.202469
2016-08-11,HKD,0.173271
2016-08-11,MYR,0.335505
2016-08-11,ZAR,0.100543
2016-08-12,USD,1.346388
2016-08-12,EUR,1.502300
2016-08-12,GBP,1.745845
2016-08-12,JPY,0.013205
2016-08-12,CHF,1.379776
2016-08-12,CNY,0.202540
2016-08-12,HKD,0.173574
2016-08-12,MYR,0.334476
2016-08-12,ZAR,0.099688
2016-08-15,USD,1.343918
2016-08-15,EUR,1.502500
2016-08-15,GBP,1.733447
2016-08-15,JPY,0.013300
2016-08-15,CHF,1.379326
2016-08-15,CNY,0.202485
2016-08-15,HKD,0.173249
2016-08-15,MYR,0.335702
2016-08-15,ZAR,0.100605
2016-08-16,USD,1.336344
2016-08-16,EUR,1.509400
2016-08-16,GBP,1.733747
2016-08-16,JPY,0.013388
2016-08-16,CHF,1.391280
2016-08-16,CNY,0.201867
2016-08-16,HKD,0.172298
2016-08-16,MYR,0.336417
2016-08-16,ZAR,0.100947
2016-08-17,USD,1.344448
2016-08-17,EUR,1.516000
2016-08-17,GBP,1.749769
2016-08-17,JPY,0.013353
2016-08-17,CHF,1.395563
2016-08-17,CNY,0.202606
2016-08-17,HKD,0.173342
2016-08-17,MYR,0.335606
2016-08-17,ZAR,0.099929
2016-08-18,USD,1.342108
2016-08-18,EUR,1.519400
2016-08-18,GBP,1.765246
2016-08-18,JPY,0.013375
2016-08-18,CHF,1.399982
2016-08-18,CNY,0.202409
2016-08-18,HKD,0.173084
2016-08-18,MYR,0.335549
2016-08-18,ZAR,0.100471
2016-08-19,USD,1.347960
2016-08-19,EUR,1.526700
2016-08-19,GBP,1.764216
2016-08-19,JPY,0.013448
2016-08-19,CHF,1.406837
2016-08-19,CNY,0.202639
2016-08-19,HKD,0.173842
2016-08-19,MYR,0.335288
2016-08-19,ZAR,0.099772
2016-08-22,USD,1.351141
2016-08-22,EUR,1.527600
2016-08-22,GBP,1.771336
2016-08-22,JPY,0.013432
2016-08-22,CHF,1.403270
2016-08-22,CNY,0.203152
2016-08-22,HKD,0.174272
2016-08-22,MYR,0.335015
2016-08-22,ZAR,0.099437
2016-08-23,USD,1.349061
2016-08-23,EUR,1.529700
2016-08-23,GBP,1.778824
2016-08-23,JPY,0.013480
2016-08-23,CHF,1.403910
2016-08-23,CNY,0.203145
2016-08-23,HKD,0.174000
2016-08-23,MYR,0.335130
2016-08-23,ZAR,0.100116
2016-08-24,USD,1.354011
2016-08-24,EUR,1.525700
2016-08-24,GBP,1.792200
2016-08-24,JPY,0.013508
2016-08-24,CHF,1.400881
2016-08-24,CNY,0.203391
2016-08-24,HKD,0.174625
2016-08-24,MYR,0.335046
2016-08-24,ZAR,0.095727
2016-08-25,USD,1.353144
2016-08-25,EUR,1.527700
2016-08-25,GBP,1.785322
2016-08-25,JPY,0.013466
2016-08-25,CHF,1.400917
2016-08-25,CNY,0.203298
2016-08-25,HKD,0.174489
2016-08-25,MYR,0.335950
2016-08-25,ZAR,0.095764
2016-08-26,USD,1.352436
2016-08-26,EUR,1.526900
2016-08-26,GBP,1.786893
2016-08-26,JPY,0.013473
2016-08-26,CHF,1.396597
2016-08-26,CNY,0.202727
2016-08-26,HKD,0.174393
2016-08-26,MYR,0.336700
2016-08-26,ZAR,0.096260
2016-08-29,USD,1.361862
2016-08-29,EUR,1.521200
2016-08-29,GBP,1.779681
2016-08-29,JPY,0.013316
2016-08-29,CHF,1.390875
2016-08-29,CNY,0.203892
2016-08-29,HKD,0.175583
2016-08-29,MYR,0.336675
2016-08-29,ZAR,0.093728
2016-08-30,USD,1.360673
2016-08-30,EUR,1.519600
2016-08-30,GBP,1.784196
2016-08-30,JPY,0.013298
2016-08-30,CHF,1.387636
2016-08-30,CNY,0.203795
2016-08-30,HKD,0.175411
2016-08-30,MYR,0.336158
2016-08-30,ZAR,0.094657
2016-08-31,USD,1.363726
2016-08-31,EUR,1.518100
2016-08-31,GBP,1.790086
2016-08-31,JPY,0.013200
2016-08-31,CHF,1.385507
2016-08-31,CNY,0.204290
2016-08-31,HKD,0.175794
2016-08-31,MYR,0.333509
2016-08-31,ZAR,0.093866
2016-09-01,USD,1.363538
2016-09-01,EUR,1.519800
2016-09-01,GBP,1.808209
2016-09-01,JPY,0.013148
2016-09-01,CHF,1.384405
2016-09-01,CNY,0.204132
2016-09-01,HKD,0.175775
2016-09-01,MYR,0.332742
2016-09-01,ZAR,0.092947
2016-09-02,USD,1.357634
2016-09-02,EUR,1.519600
2016-09-02,GBP,1.803465
2016-09-02,JPY,0.013119
2016-09-02,CHF,1.386623
2016-09-02,CNY,0.203277
2016-09-02,HKD,0.175039
2016-09-02,MYR,0.332226
2016-09-02,ZAR,0.093475
2016-09-05,USD,1.356669
2016-09-05,EUR,1.513500
2016-09-05,GBP,1.809476
2016-09-05,JPY,0.013133
2016-09-05,CHF,1.385355
2016-09-05,CNY,0.203165
2016-09-05,HKD,0.174937
2016-09-05,MYR,0.332842
2016-09-05,ZAR,0.094525
2016-09-06,USD,1.355856
2016-09-06,EUR,1.513000
2016-09-06,GBP,1.811217
2016-09-06,JPY,0.013112
2016-09-06,CHF,1.385151
2016-09-06,CNY,0.203019
2016-09-06,HKD,0.174826
2016-09-06,MYR,0.332199
2016-09-06,ZAR,0.095450
2016-09-07,USD,1.346000
2016-09-07,EUR,1.512500
2016-09-07,GBP,1.801281
2016-09-07,JPY,0.013241
2016-09-07,CHF,1.388761
2016-09-07,CNY,0.202001
2016-09-07,HKD,0.173561
2016-09-07,MYR,0.331732
2016-09-07,ZAR,0.095954
2016-09-08,USD,1.345698
2016-09-08,EUR,1.520100
2016-09-08,GBP,1.797658
2016-09-08,JPY,0.013241
2016-09-08,CHF,1.392415
2016-09-08,CNY,0.201993
2016-09-08,HKD,0.173498
2016-09-08,MYR,0.332888
2016-09-08,ZAR,0.096787
2016-09-09,USD,1.356053
2016-09-09,EUR,1.528000
2016-09-09,GBP,1.807044
2016-09-09,JPY,0.013189
2016-09-09,CHF,1.393017
2016-09-09,CNY,0.202986
2016-09-09,HKD,0.174842
2016-09-09,MYR,0.331453
2016-09-09,ZAR,0.094669
2016-09-12,USD,1.360859
2016-09-12,EUR,1.527700
2016-09-12,GBP,1.808464
2016-09-12,JPY,0.013356
2016-09-12,CHF,1.397074
2016-09-12,CNY,0.203707
2016-09-12,HKD,0.175414
2016-09-12,MYR,0.329459
2016-09-12,ZAR,0.093976
2016-09-13,USD,1.361963
2016-09-13,EUR,1.531800
2016-09-13,GBP,1.807156
2016-09-13,JPY,0.013322
2016-09-13,CHF,1.402105
2016-09-13,CNY,0.203865
2016-09-13,HKD,0.175556
2016-09-13,MYR,0.330293
2016-09-13,ZAR,0.095255
2016-09-14,USD,1.366286
2016-09-14,EUR,1.532700
2016-09-14,GBP,1.801523
2016-09-14,JPY,0.013285
2016-09-14,CHF,1.400365
2016-09-14,CNY,0.204649
2016-09-14,HKD,0.176095
2016-09-14,MYR,0.330801
2016-09-14,ZAR,0.095331
2016-09-15,USD,1.365381
2016-09-15,EUR,1.536600
2016-09-15,GBP,1.803563
2016-09-15,JPY,0.013364
2016-09-15,CHF,1.404442
2016-09-15,CNY,0.204602
2016-09-15,HKD,0.175992
2016-09-15,MYR,0.330090
2016-09-15,ZAR,0.096039
2016-09-16,USD,1.364511
2016-09-16,EUR,1.531800
2016-09-16,GBP,1.797824
2016-09-16,JPY,0.013396
2016-09-16,CHF,1.400055
2016-09-16,CNY,0.204472
2016-09-16,HKD,0.175869
2016-09-16,MYR,0.329838
2016-09-16,ZAR,0.096534
2016-09-19,USD,1.363189
2016-09-19,EUR,1.522000
2016-09-19,GBP,1.780117
2016-09-19,JPY,0.013392
2016-09-19,CHF,1.389320
2016-09-19,CNY,0.204380
2016-09-19,HKD,0.175718
2016-09-19,MYR,0.329594
2016-09-19,ZAR,0.097167
2016-09-20,USD,1.362393
2016-09-20,EUR,1.523700
2016-09-20,GBP,1.767367
2016-09-20,JPY,0.013374
2016-09-20,CHF,1.392397
2016-09-20,CNY,0.204238
2016-09-20,HKD,0.175637
2016-09-20,MYR,0.329022
2016-09-20,ZAR,0.098212
2016-09-21,USD,1.358475
2016-09-21,EUR,1.514700
2016-09-21,GBP,1.767589
2016-09-21,JPY,0.013465
2016-09-21,CHF,1.391804
2016-09-21,CNY,0.203633
2016-09-21,HKD,0.175167
2016-09-21,MYR,0.328390
2016-09-21,ZAR,0.099072
2016-09-22,USD,1.354422
2016-09-22,EUR,1.522100
2016-09-22,GBP,1.771429
2016-09-22,JPY,0.013447
2016-09-22,CHF,1.400663
2016-09-22,CNY,0.203085
2016-09-22,HKD,0.174639
2016-09-22,MYR,0.329773
2016-09-22,ZAR,0.100424
2016-09-23,USD,1.358213
2016-09-23,EUR,1.523100
2016-09-23,GBP,1.762133
2016-09-23,JPY,0.013476
2016-09-23,CHF,1.399008
2016-09-23,CNY,0.203631
2016-09-23,HKD,0.175111
2016-09-23,MYR,0.330907
2016-09-23,ZAR,0.099961
2016-09-26,USD,1.359972
2016-09-26,EUR,1.531600
2016-09-26,GBP,1.758640
2016-09-26,JPY,0.013541
2016-09-26,CHF,1.404493
2016-09-26,CNY,0.203928
2016-09-26,HKD,0.175357
2016-09-26,MYR,0.329369
2016-09-26,ZAR,0.099464
2016-09-27,USD,1.359626
2016-09-27,EUR,1.525500
2016-09-27,GBP,1.765359
2016-09-27,JPY,0.013558
2016-09-27,CHF,1.402114
2016-09-27,CNY,0.203873
2016-09-27,HKD,0.175335
2016-09-27,MYR,0.329091
2016-09-27,ZAR,0.100341
2016-09-28,USD,1.360356
2016-09-28,EUR,1.527000
2016-09-28,GBP,1.771297
2016-09-28,JPY,0.013522
2016-09-28,CHF,1.402075
2016-09-28,CNY,0.203842
2016-09-28,HKD,0.175435
2016-09-28,MYR,0.328854
2016-09-28,ZAR,0.100136
2016-09-29,USD,1.362356
2016-09-29,EUR,1.528700
2016-09-29,GBP,1.774710
2016-09-29,JPY,0.013424
2016-09-29,CHF,1.405572
2016-09-29,CNY,0.204317
2016-09-29,HKD,0.175670
2016-09-29,MYR,0.330387
2016-09-29,ZAR,0.098792
2016-09-30,USD,1.365021
2016-09-30,EUR,1.523500
2016-09-30,GBP,1.769392
2016-09-30,JPY,0.013472
2016-09-30,CHF,1.400791
2016-09-30,CNY,0.204598
2016-09-30,HKD,0.176032
2016-09-30,MYR,0.330133
2016-09-30,ZAR,0.098140
2016-10-03,USD,1.364009
2016-10-03,EUR,1.532600
2016-10-03,GBP,1.755194
2016-10-03,JPY,0.013456
2016-10-03,CHF,1.403737
2016-10-03,CNY,0.204450
2016-10-03,HKD,0.175868
2016-10-03,MYR,0.331215
2016-10-03,ZAR,0.100406
2016-10-04,USD,1.369859
2016-10-04,EUR,1.528900
2016-10-04,GBP,1.746516
2016-10-04,JPY,0.013353
2016-10-04,CHF,1.396383
2016-10-04,CNY,0.205326
2016-10-04,HKD,0.176619
2016-10-04,MYR,0.331886
2016-10-04,ZAR,0.100695
2016-10-05,USD,1.370529
2016-10-05,EUR,1.536500
2016-10-05,GBP,1.742953
2016-10-05,JPY,0.013286
2016-10-05,CHF,1.402044
2016-10-05,CNY,0.205335
2016-10-05,HKD,0.176694
2016-10-05,MYR,0.331164
2016-10-05,ZAR,0.099717
2016-10-06,USD,1.373715
2016-10-06,EUR,1.536500
2016-10-06,GBP,1.739637
2016-10-06,JPY,0.013246
2016-10-06,CHF,1.404222
2016-10-06,CNY,0.205951
2016-10-06,HKD,0.177090
2016-10-06,MYR,0.329983
2016-10-06,ZAR,0.099402
2016-10-07,USD,1.375224
2016-10-07,EUR,1.532000
2016-10-07,GBP,1.695572
2016-10-07,JPY,0.013271
2016-10-07,CHF,1.399598
2016-10-07,CNY,0.206130
2016-10-07,HKD,0.177261
2016-10-07,MYR,0.330579
2016-10-07,ZAR,0.099076
2016-10-10,USD,1.374283
2016-10-10,EUR,1.533700
2016-10-10,GBP,1.702787
2016-10-10,JPY,0.013291
2016-10-10,CHF,1.399361
2016-10-10,CNY,0.204903
2016-10-10,HKD,0.177126
2016-10-10,MYR,0.330874
2016-10-10,ZAR,0.099236
2016-10-11,USD,1.378915
2016-10-11,EUR,1.527700
2016-10-11,GBP,1.693061
2016-10-11,JPY,0.013296
2016-10-11,CHF,1.396690
2016-10-11,CNY,0.205226
2016-10-11,HKD,0.177687
2016-10-11,MYR,0.329572
2016-10-11,ZAR,0.096678
2016-10-12,USD,1.382940
2016-10-12,EUR,1.524000
2016-10-12,GBP,1.693522
2016-10-12,JPY,0.013310
2016-10-12,CHF,1.397396
2016-10-12,CNY,0.205865
2016-10-12,HKD,0.178258
2016-10-12,MYR,0.329663
2016-10-12,ZAR,0.096077
2016-10-13,USD,1.383856
2016-10-13,EUR,1.527500
2016-10-13,GBP,1.689152
2016-10-13,JPY,0.013342
2016-10-13,CHF,1.400862
2016-10-13,CNY,0.205693
2016-10-13,HKD,0.178369
2016-10-13,MYR,0.328565
2016-10-13,ZAR,0.096798
2016-10-14,USD,1.387293
2016-10-14,EUR,1.526300
2016-10-14,GBP,1.697586
2016-10-14,JPY,0.013300
2016-10-14,CHF,1.401690
2016-10-14,CNY,0.206257
2016-10-14,HKD,0.178801
2016-10-14,MYR,0.330884
2016-10-14,ZAR,0.097650
2016-10-17,USD,1.388939
2016-10-17,EUR,1.527000
2016-10-17,GBP,1.687573
2016-10-17,JPY,0.013341
2016-10-17,CHF,1.404525
2016-10-17,CNY,0.206142
2016-10-17,HKD,0.179007
2016-10-17,MYR,0.329329
2016-10-17,ZAR,0.097551
2016-10-18,USD,1.386519
2016-10-18,EUR,1.524200
2016-10-18,GBP,1.701781
2016-10-18,JPY,0.013327
2016-10-18,CHF,1.400147
2016-10-18,CNY,0.205806
2016-10-18,HKD,0.178700
2016-10-18,MYR,0.330730
2016-10-18,ZAR,0.098709
2016-10-19,USD,1.387012
2016-10-19,EUR,1.522800
2016-10-19,GBP,1.704538
2016-10-19,JPY,0.013418
2016-10-19,CHF,1.402985
2016-10-19,CNY,0.205887
2016-10-19,HKD,0.178785
2016-10-19,MYR,0.331252
2016-10-19,ZAR,0.099758
2016-10-20,USD,1.388616
2016-10-20,EUR,1.524700
2016-10-20,GBP,1.702282
2016-10-20,JPY,0.013403
2016-10-20,CHF,1.404994
2016-10-20,CNY,0.206096
2016-10-20,HKD,0.178995
2016-10-20,MYR,0.332839
2016-10-20,ZAR,0.099824
2016-10-21,USD,1.394360
2016-10-21,EUR,1.517900
2016-10-21,GBP,1.699395
2016-10-21,JPY,0.013437
2016-10-21,CHF,1.402217
2016-10-21,CNY,0.206166
2016-10-21,HKD,0.179725
2016-10-21,MYR,0.333099
2016-10-21,ZAR,0.099371
2016-10-24,USD,1.391883
2016-10-24,EUR,1.515900
2016-10-24,GBP,1.702971
2016-10-24,JPY,0.013381
2016-10-24,CHF,1.400887
2016-10-24,CNY,0.205476
2016-10-24,HKD,0.179443
2016-10-24,MYR,0.333575
2016-10-24,ZAR,0.100280
2016-10-25,USD,1.391924
2016-10-25,EUR,1.513300
2016-10-25,GBP,1.700375
2016-10-25,JPY,0.013315
2016-10-25,CHF,1.395004
2016-10-25,CNY,0.205374
2016-10-25,HKD,0.179448
2016-10-25,MYR,0.335231
2016-10-25,ZAR,0.100616
2016-10-26,USD,1.389565
2016-10-26,EUR,1.518100
2016-10-26,GBP,1.696865
2016-10-26,JPY,0.013320
2016-10-26,CHF,1.400720
2016-10-26,CNY,0.205276
2016-10-26,HKD,0.179165
2016-10-26,MYR,0.333868
2016-10-26,ZAR,0.101059
2016-10-27,USD,1.392056
2016-10-27,EUR,1.521100
2016-10-27,GBP,1.706072
2016-10-27,JPY,0.013297
2016-10-27,CHF,1.403488
2016-10-27,CNY,0.205327
2016-10-27,HKD,0.179500
2016-10-27,MYR,0.331785
2016-10-27,ZAR,0.100455
2016-10-28,USD,1.394342
2016-10-28,EUR,1.522900
2016-10-28,GBP,1.693899
2016-10-28,JPY,0.013231
2016-10-28,CHF,1.402948
2016-10-28,CNY,0.205650
2016-10-28,HKD,0.179827
2016-10-28,MYR,0.331353
2016-10-28,ZAR,0.100449
2016-10-31,USD,1.393294
2016-10-31,EUR,1.525100
2016-10-31,GBP,1.693615
2016-10-31,JPY,0.013265
2016-10-31,CHF,1.409519
2016-10-31,CNY,0.205661
2016-10-31,HKD,0.179662
2016-10-31,MYR,0.331760
2016-10-31,ZAR,0.102713
2016-11-01,USD,1.388481
2016-11-01,EUR,1.530800
2016-11-01,GBP,1.697626
2016-11-01,JPY,0.013246
2016-11-01,CHF,1.414395
2016-11-01,CNY,0.205116
2016-11-01,HKD,0.179033
2016-11-01,MYR,0.332739
2016-11-01,ZAR,0.102883
2016-11-02,USD,1.384407
2016-11-02,EUR,1.536000
2016-11-02,GBP,1.705473
2016-11-02,JPY,0.013401
2016-11-02,CHF,1.423936
2016-11-02,CNY,0.204846
2016-11-02,HKD,0.178522
2016-11-02,MYR,0.331277
2016-11-02,ZAR,0.103488
2016-11-03,USD,1.385756
2016-11-03,EUR,1.533200
2016-11-03,GBP,1.729342
2016-11-03,JPY,0.013420
2016-11-03,CHF,1.421341
2016-11-03,CNY,0.204886
2016-11-03,HKD,0.178674
2016-11-03,MYR,0.330923
2016-11-03,ZAR,0.102937
2016-11-04,USD,1.384387
2016-11-04,EUR,1.535700
2016-11-04,GBP,1.729236
2016-11-04,JPY,0.013443
2016-11-04,CHF,1.425376
2016-11-04,CNY,0.204883
2016-11-04,HKD,0.178499
2016-11-04,MYR,0.329119
2016-11-04,ZAR,0.102297
2016-11-07,USD,1.389984
2016-11-07,EUR,1.537600
2016-11-07,GBP,1.726864
2016-11-07,JPY,0.013324
2016-11-07,CHF,1.425155
2016-11-07,CNY,0.205175
2016-11-07,HKD,0.179207
2016-11-07,MYR,0.329646
2016-11-07,ZAR,0.103302
2016-11-08,USD,1.390379
2016-11-08,EUR,1.534700
2016-11-08,GBP,1.722679
2016-11-08,JPY,0.013269
2016-11-08,CHF,1.423919
2016-11-08,CNY,0.204848
2016-11-08,HKD,0.179294
2016-11-08,MYR,0.329604
2016-11-08,ZAR,0.104176
2016-11-09,USD,1.394030
2016-11-09,EUR,1.536500
2016-11-09,GBP,1.725823
2016-11-09,JPY,0.013415
2016-11-09,CHF,1.423608
2016-11-09,CNY,0.205494
2016-11-09,HKD,0.179777
2016-11-09,MYR,0.329100
2016-11-09,ZAR,0.103607
2016-11-10,USD,1.408720
2016-11-10,EUR,1.534800
2016-11-10,GBP,1.748362
2016-11-10,JPY,0.013186
2016-11-10,CHF,1.426129
2016-11-10,CNY,0.207223
2016-11-10,HKD,0.181644
2016-11-10,MYR,0.327368
2016-11-10,ZAR,0.101606
2016-11-11,USD,1.408566
2016-11-11,EUR,1.535900
2016-11-11,GBP,1.783173
2016-11-11,JPY,0.013245
2016-11-11,CHF,1.431141
2016-11-11,CNY,0.207000
2016-11-11,HKD,0.181563
2016-11-11,MYR,0.324427
2016-11-11,ZAR,0.099044
2016-11-14,USD,1.415886
2016-11-14,EUR,1.525900
2016-11-14,GBP,1.774612
2016-11-14,JPY,0.013124
2016-11-14,CHF,1.420896
2016-11-14,CNY,0.206876
2016-11-14,HKD,0.182509
2016-11-14,MYR,0.325560
2016-11-14,ZAR,0.098406
2016-11-15,USD,1.412169
2016-11-15,EUR,1.520200
2016-11-15,GBP,1.754657
2016-11-15,JPY,0.013043
2016-11-15,CHF,1.413088
2016-11-15,CNY,0.205945
2016-11-15,HKD,0.182051
2016-11-15,MYR,0.326195
2016-11-15,ZAR,0.099568
2016-11-16,USD,1.417866
2016-11-16,EUR,1.517400
2016-11-16,GBP,1.762165
2016-11-16,JPY,0.012942
2016-11-16,CHF,1.413112
2016-11-16,CNY,0.206112
2016-11-16,HKD,0.182775
2016-11-16,MYR,0.325944
2016-11-16,ZAR,0.098920
2016-11-17,USD,1.416441
2016-11-17,EUR,1.518000
2016-11-17,GBP,1.763988
2016-11-17,JPY,0.012961
2016-11-17,CHF,1.413803
2016-11-17,CNY,0.206191
2016-11-17,HKD,0.182599
2016-11-17,MYR,0.323240
2016-11-17,ZAR,0.099260
2016-11-18,USD,1.421300
2016-11-18,EUR,1.510700
2016-11-18,GBP,1.752186
2016-11-18,JPY,0.012917
2016-11-18,CHF,1.410419
2016-11-18,CNY,0.206504
2016-11-18,HKD,0.183226
2016-11-18,MYR,0.322730
2016-11-18,ZAR,0.098874
2016-11-21,USD,1.422726
2016-11-21,EUR,1.512500
2016-11-21,GBP,1.764363
2016-11-21,JPY,0.012862
2016-11-21,CHF,1.409993
2016-11-21,CNY,0.206363
2016-11-21,HKD,0.183429
2016-11-21,MYR,0.321884
2016-11-21,ZAR,0.100051
2016-11-22,USD,1.424696
2016-11-22,EUR,1.512600
2016-11-22,GBP,1.770717
2016-11-22,JPY,0.012847
2016-11-22,CHF,1.409692
2016-11-22,CNY,0.206922
2016-11-22,HKD,0.183699
2016-11-22,MYR,0.322255
2016-11-22,ZAR,0.101352
2016-11-23,USD,1.427655
2016-11-23,EUR,1.513600
2016-11-23,GBP,1.772511
2016-11-23,JPY,0.012823
2016-11-23,CHF,1.410493
2016-11-23,CNY,0.206897
2016-11-23,HKD,0.184065
2016-11-23,MYR,0.321209
2016-11-23,ZAR,0.100966
2016-11-24,USD,1.432215
2016-11-24,EUR,1.510700
2016-11-24,GBP,1.781486
2016-11-24,JPY,0.012649
2016-11-24,CHF,1.408315
2016-11-24,CNY,0.206979
2016-11-24,HKD,0.184639
2016-11-24,MYR,0.321132
2016-11-24,ZAR,0.100656
2016-11-25,USD,1.428625
2016-11-25,EUR,1.513200
2016-11-25,GBP,1.776432
2016-11-25,JPY,0.012638
2016-11-25,CHF,1.409463
2016-11-25,CNY,0.206453
2016-11-25,HKD,0.184193
2016-11-25,MYR,0.320573
2016-11-25,ZAR,0.101070
2016-11-28,USD,1.427465
2016-11-28,EUR,1.511400
2016-11-28,GBP,1.771802
2016-11-28,JPY,0.012674
2016-11-28,CHF,1.405823
2016-11-28,CNY,0.206617
2016-11-28,HKD,0.184054
2016-11-28,MYR,0.319880
2016-11-28,ZAR,0.102807
2016-11-29,USD,1.428990
2016-11-29,EUR,1.511300
2016-11-29,GBP,1.781878
2016-11-29,JPY,0.012649
2016-11-29,CHF,1.405599
2016-11-29,CNY,0.207107
2016-11-29,HKD,0.184251
2016-11-29,MYR,0.319974
2016-11-29,ZAR,0.102144
2016-11-30,USD,1.427268
2016-11-30,EUR,1.517900
2016-11-30,GBP,1.780528
2016-11-30,JPY,0.012599
2016-11-30,CHF,1.405073
2016-11-30,CNY,0.207349
2016-11-30,HKD,0.184012
2016-11-30,MYR,0.319585
2016-11-30,ZAR,0.101944
2016-12-01,USD,1.427967
2016-12-01,EUR,1.517500
2016-12-01,GBP,1.804442
2016-12-01,JPY,0.012501
2016-12-01,CHF,1.409792
2016-12-01,CNY,0.207377
2016-12-01,HKD,0.184113
2016-12-01,MYR,0.319918
2016-12-01,ZAR,0.101454
2016-12-02,USD,1.422665
2016-12-02,EUR,1.514000
2016-12-02,GBP,1.795903
2016-12-02,JPY,0.012492
2016-12-02,CHF,1.408241
2016-12-02,CNY,0.206520
2016-12-02,HKD,0.183440
2016-12-02,MYR,0.319517
2016-12-02,ZAR,0.101032
2016-12-05,USD,1.423098
2016-12-05,EUR,1.523000
2016-12-05,GBP,1.809476
2016-12-05,JPY,0.012451
2016-12-05,CHF,1.410577
2016-12-05,CNY,0.206755
2016-12-05,HKD,0.183501
2016-12-05,MYR,0.319904
2016-12-05,ZAR,0.102819
2016-12-06,USD,1.418670
2016-12-06,EUR,1.522800
2016-12-06,GBP,1.808336
2016-12-06,JPY,0.012453
2016-12-06,CHF,1.405705
2016-12-06,CNY,0.206171
2016-12-06,HKD,0.182919
2016-12-06,MYR,0.319842
2016-12-06,ZAR,0.104214
2016-12-07,USD,1.418267
2016-12-07,EUR,1.521800
2016-12-07,GBP,1.788354
2016-12-07,JPY,0.012431
2016-12-07,CHF,1.404652
2016-12-07,CNY,0.206105
2016-12-07,HKD,0.182845
2016-12-07,MYR,0.320008
2016-12-07,ZAR,0.104569
2016-12-08,USD,1.419067
2016-12-08,EUR,1.527200
2016-12-08,GBP,1.796812
2016-12-08,JPY,0.012456
2016-12-08,CHF,1.407169
2016-12-08,CNY,0.206264
2016-12-08,HKD,0.182953
2016-12-08,MYR,0.320908
2016-12-08,ZAR,0.103777
2016-12-09,USD,1.428071
2016-12-09,EUR,1.507900
2016-12-09,GBP,1.796509
2016-12-09,JPY,0.012413
2016-12-09,CHF,1.401915
2016-12-09,CNY,0.206757
2016-12-09,HKD,0.184038
2016-12-09,MYR,0.322835
2016-12-09,ZAR,0.103671
2016-12-12,USD,1.429313
2016-12-12,EUR,1.514500
2016-12-12,GBP,1.805125
2016-12-12,JPY,0.012344
2016-12-12,CHF,1.405960
2016-12-12,CNY,0.206828
2016-12-12,HKD,0.184221
2016-12-12,MYR,0.323957
2016-12-12,ZAR,0.104132
2016-12-13,USD,1.426767
2016-12-13,EUR,1.513800
2016-12-13,GBP,1.813195
2016-12-13,JPY,0.012381
2016-12-13,CHF,1.409235
2016-12-13,CNY,0.206710
2016-12-13,HKD,0.183930
2016-12-13,MYR,0.320945
2016-12-13,ZAR,0.104242
2016-12-14,USD,1.423995
2016-12-14,EUR,1.515700
2016-12-14,GBP,1.805200
2016-12-14,JPY,0.012384
2016-12-14,CHF,1.410347
2016-12-14,CNY,0.206220
2016-12-14,HKD,0.183585
2016-12-14,MYR,0.320424
2016-12-14,ZAR,0.104166
2016-12-15,USD,1.440445
2016-12-15,EUR,1.500800
2016-12-15,GBP,1.795258
2016-12-15,JPY,0.012199
2016-12-15,CHF,1.398304
2016-12-15,CNY,0.207689
2016-12-15,HKD,0.185625
2016-12-15,MYR,0.322088
2016-12-15,ZAR,0.102596
2016-12-16,USD,1.443146
2016-12-16,EUR,1.506500
2016-12-16,GBP,1.795804
2016-12-16,JPY,0.012210
2016-12-16,CHF,1.401265
2016-12-16,CNY,0.207407
2016-12-16,HKD,0.185914
2016-12-16,MYR,0.322487
2016-12-16,ZAR,0.103273
2016-12-19,USD,1.449146
2016-12-19,EUR,1.510300
2016-12-19,GBP,1.794985
2016-12-19,JPY,0.012360
2016-12-19,CHF,1.410309
2016-12-19,CNY,0.208412
2016-12-19,HKD,0.186581
2016-12-19,MYR,0.323613
2016-12-19,ZAR,0.102959
2016-12-20,USD,1.447511
2016-12-20,EUR,1.500200
2016-12-20,GBP,1.786420
2016-12-20,JPY,0.012254
2016-12-20,CHF,1.403762
2016-12-20,CNY,0.208061
2016-12-20,HKD,0.186374
2016-12-20,MYR,0.323138
2016-12-20,ZAR,0.102890
2016-12-21,USD,1.442856
2016-12-21,EUR,1.503600
2016-12-21,GBP,1.784900
2016-12-21,JPY,0.012293
2016-12-21,CHF,1.406680
2016-12-21,CNY,0.207769
2016-12-21,HKD,0.185889
2016-12-21,MYR,0.322101
2016-12-21,ZAR,0.103435
2016-12-22,USD,1.449253
2016-12-22,EUR,1.513600
2016-12-22,GBP,1.788174
2016-12-22,JPY,0.012320
2016-12-22,CHF,1.413787
2016-12-22,CNY,0.208600
2016-12-22,HKD,0.186673
2016-12-22,MYR,0.323640
2016-12-22,ZAR,0.103099
2016-12-23,USD,1.446870
2016-12-23,EUR,1.511400
2016-12-23,GBP,1.772321
2016-12-23,JPY,0.012328
2016-12-23,CHF,1.411073
2016-12-23,CNY,0.208311
2016-12-23,HKD,0.186434
2016-12-23,MYR,0.323398
2016-12-23,ZAR,0.103271
2016-12-27,USD,1.448540
2016-12-27,EUR,1.513000
2016-12-27,GBP,1.773740
2016-12-27,JPY,0.012340
2016-12-27,CHF,1.406918
2016-12-27,CNY,0.208348
2016-12-27,HKD,0.186691
2016-12-27,MYR,0.323394
2016-12-27,ZAR,0.103778
2016-12-28,USD,1.452456
2016-12-28,EUR,1.510700
2016-12-28,GBP,1.774622
2016-12-28,JPY,0.012343
2016-12-28,CHF,1.410024
2016-12-28,CNY,0.208706
2016-12-28,HKD,0.187213
2016-12-28,MYR,0.323955
2016-12-28,ZAR,0.104521
2016-12-29,USD,1.449919
2016-12-29,EUR,1.515600
2016-12-29,GBP,1.776788
2016-12-29,JPY,0.012419
2016-12-29,CHF,1.414598
2016-12-29,CNY,0.208456
2016-12-29,HKD,0.186936
2016-12-29,MYR,0.323321
2016-12-29,ZAR,0.106044
2016-12-30,USD,1.445214
2016-12-30,EUR,1.523400
2016-12-30,GBP,1.779299
2016-12-30,JPY,0.012345
2016-12-30,CHF,1.418568
2016-12-30,CNY,0.208109
2016-12-30,HKD,0.186346
2016-12-30,MYR,0.322160
2016-12-30,ZAR,0.105375
2017-01-02,USD,1.450645
2017-01-02,EUR,1.518100
2017-01-02,GBP,1.783063
2017-01-02,JPY,0.012350
2017-01-02,CHF,1.417328
2017-01-02,CNY,0.208846
2017-01-02,HKD,0.187004
2017-01-02,MYR,0.323372
2017-01-02,ZAR,0.105666
2017-01-03,USD,1.450265
2017-01-03,EUR,1.506100
2017-01-03,GBP,1.780997
2017-01-03,JPY,0.012270
2017-01-03,CHF,1.407307
2017-01-03,CNY,0.208356
2017-01-03,HKD,0.186968
2017-01-03,MYR,0.322816
2017-01-03,ZAR,0.105440
2017-01-04,USD,1.441698
2017-01-04,EUR,1.504700
2017-01-04,GBP,1.771381
2017-01-04,JPY,0.012269
2017-01-04,CHF,1.405342
2017-01-04,CNY,0.207883
2017-01-04,HKD,0.185885
2017-01-04,MYR,0.320558
2017-01-04,ZAR,0.105660
2017-01-05,USD,1.435673
2017-01-05,EUR,1.507600
2017-01-05,GBP,1.764513
2017-01-05,JPY,0.012319
2017-01-05,CHF,1.408445
2017-01-05,CNY,0.208488
2017-01-05,HKD,0.185138
2017-01-05,MYR,0.320105
2017-01-05,ZAR,0.105247
2017-01-06,USD,1.432524
2017-01-06,EUR,1.516900
2017-01-06,GBP,1.771086
2017-01-06,JPY,0.012350
2017-01-06,CHF,1.414359
2017-01-06,CNY,0.207077
2017-01-06,HKD,0.184715
2017-01-06,MYR,0.320298
2017-01-06,ZAR,0.105209
2017-01-09,USD,1.439235
2017-01-09,EUR,1.513500
2017-01-09,GBP,1.746480
2017-01-09,JPY,0.012339
2017-01-09,CHF,1.411715
2017-01-09,CNY,0.207448
2017-01-09,HKD,0.185564
2017-01-09,MYR,0.321474
2017-01-09,ZAR,0.105012
2017-01-10,USD,1.437778
2017-01-10,EUR,1.519300
2017-01-10,GBP,1.747527
2017-01-10,JPY,0.012368
2017-01-10,CHF,1.415014
2017-01-10,CNY,0.207623
2017-01-10,HKD,0.185400
2017-01-10,MYR,0.321327
2017-01-10,ZAR,0.104944
2017-01-11,USD,1.438827
2017-01-11,EUR,1.511200
2017-01-11,GBP,1.742519
2017-01-11,JPY,0.012373
2017-01-11,CHF,1.409570
2017-01-11,CNY,0.207508
2017-01-11,HKD,0.185533
2017-01-11,MYR,0.321778
2017-01-11,ZAR,0.104406
2017-01-12,USD,1.422511
2017-01-12,EUR,1.519100
2017-01-12,GBP,1.749249
2017-01-12,JPY,0.012483
2017-01-12,CHF,1.414169
2017-01-12,CNY,0.206341
2017-01-12,HKD,0.183431
2017-01-12,MYR,0.319092
2017-01-12,ZAR,0.105878
2017-01-13,USD,1.426320
2017-01-13,EUR,1.520600
2017-01-13,GBP,1.736876
2017-01-13,JPY,0.012473
2017-01-13,CHF,1.417412
2017-01-13,CNY,0.206704
2017-01-13,HKD,0.183932
2017-01-13,MYR,0.319662
2017-01-13,ZAR,0.105537
2017-01-16,USD,1.429488
2017-01-16,EUR,1.514400
2017-01-16,GBP,1.724672
2017-01-16,JPY,0.012525
2017-01-16,CHF,1.414138
2017-01-16,CNY,0.207148
2017-01-16,HKD,0.184326
2017-01-16,MYR,0.320081
2017-01-16,ZAR,0.105012
2017-01-17,USD,1.419693
2017-01-17,EUR,1.516800
2017-01-17,GBP,1.747667
2017-01-17,JPY,0.012525
2017-01-17,CHF,1.415982
2017-01-17,CNY,0.207114
2017-01-17,HKD,0.183056
2017-01-17,MYR,0.318141
2017-01-17,ZAR,0.105356
2017-01-18,USD,1.423106
2017-01-18,EUR,1.517600
2017-01-18,GBP,1.747723
2017-01-18,JPY,0.012537
2017-01-18,CHF,1.417523
2017-01-18,CNY,0.208087
2017-01-18,HKD,0.183471
2017-01-18,MYR,0.319495
2017-01-18,ZAR,0.104928
2017-01-19,USD,1.426322
2017-01-19,EUR,1.521600
2017-01-19,GBP,1.757957
2017-01-19,JPY,0.012449
2017-01-19,CHF,1.418212
2017-01-19,CNY,0.207752
2017-01-19,HKD,0.183852
2017-01-19,MYR,0.320593
2017-01-19,ZAR,0.104897
2017-01-20,USD,1.429458
2017-01-20,EUR,1.519800
2017-01-20,GBP,1.755067
2017-01-20,JPY,0.012410
2017-01-20,CHF,1.416799
2017-01-20,CNY,0.207836
2017-01-20,HKD,0.184247
2017-01-20,MYR,0.321413
2017-01-20,ZAR,0.104922
2017-01-23,USD,1.421279
2017-01-23,EUR,1.522900
2017-01-23,GBP,1.767772
2017-01-23,JPY,0.012512
2017-01-23,CHF,1.419689
2017-01-23,CNY,0.207378
2017-01-23,HKD,0.183208
2017-01-23,MYR,0.320253
2017-01-23,ZAR,0.104841
2017-01-24,USD,1.418496
2017-01-24,EUR,1.524600
2017-01-24,GBP,1.765605
2017-01-24,JPY,0.012512
2017-01-24,CHF,1.419817
2017-01-24,CNY,0.206807
2017-01-24,HKD,0.182856
2017-01-24,MYR,0.319844
2017-01-24,ZAR,0.106138
2017-01-25,USD,1.418412
2017-01-25,EUR,1.523800
2017-01-25,GBP,1.785919
2017-01-25,JPY,0.012512
2017-01-25,CHF,1.419866
2017-01-25,CNY,0.206100
2017-01-25,HKD,0.182835
2017-01-25,MYR,0.320072
2017-01-25,ZAR,0.106868
2017-01-26,USD,1.423178
2017-01-26,EUR,1.522800
2017-01-26,GBP,1.788520
2017-01-26,JPY,0.012441
2017-01-26,CHF,1.424109
2017-01-26,CNY,0.206807
2017-01-26,HKD,0.183457
2017-01-26,MYR,0.321334
2017-01-26,ZAR,0.106414
2017-01-27,USD,1.427769
2017-01-27,EUR,1.525000
2017-01-27,GBP,1.790537
2017-01-27,JPY,0.012397
2017-01-27,CHF,1.426700
2017-01-27,CNY,0.207049
2017-01-27,HKD,0.184017
2017-01-27,MYR,0.322185
2017-01-27,ZAR,0.105558
2017-01-30,USD,1.427752
2017-01-30,EUR,1.517700
2017-01-30,GBP,1.786896
2017-01-30,JPY,0.012465
2017-01-30,CHF,1.422533
2017-01-30,CNY,0.207611
2017-01-30,HKD,0.184017
2017-01-30,MYR,0.322270
2017-01-30,ZAR,0.105024
2017-01-31,USD,1.413389
2017-01-31,EUR,1.520100
2017-01-31,GBP,1.765403
2017-01-31,JPY,0.012466
2017-01-31,CHF,1.424916
2017-01-31,CNY,0.205502
2017-01-31,HKD,0.182188
2017-01-31,MYR,0.319295
2017-01-31,ZAR,0.105241
2017-02-01,USD,1.412419
2017-02-01,EUR,1.524000
2017-02-01,GBP,1.784167
2017-02-01,JPY,0.012466
2017-02-01,CHF,1.426966
2017-02-01,CNY,0.205197
2017-02-01,HKD,0.182035
2017-02-01,MYR,0.318949
2017-02-01,ZAR,0.105222
2017-02-02,USD,1.409326
2017-02-02,EUR,1.523200
2017-02-02,GBP,1.769763
2017-02-02,JPY,0.012547
2017-02-02,CHF,1.424883
2017-02-02,CNY,0.204794
2017-02-02,HKD,0.181630
2017-02-02,MYR,0.318561
2017-02-02,ZAR,0.105236
2017-02-03,USD,1.413835
2017-02-03,EUR,1.518600
2017-02-03,GBP,1.765547
2017-02-03,JPY,0.012500
2017-02-03,CHF,1.419916
2017-02-03,CNY,0.205839
2017-02-03,HKD,0.182211
2017-02-03,MYR,0.319295
2017-02-03,ZAR,0.105303
2017-02-06,USD,1.410194
2017-02-06,EUR,1.510600
2017-02-06,GBP,1.757533
2017-02-06,JPY,0.012559
2017-02-06,CHF,1.415745
2017-02-06,CNY,0.205524
2017-02-06,HKD,0.181770
2017-02-06,MYR,0.318544
2017-02-06,ZAR,0.106062
2017-02-07,USD,1.418454
2017-02-07,EUR,1.514200
2017-02-07,GBP,1.753967
2017-02-07,JPY,0.012625
2017-02-07,CHF,1.420717
2017-02-07,CNY,0.206050
2017-02-07,HKD,0.182824
2017-02-07,MYR,0.319762
2017-02-07,ZAR,0.105561
2017-02-08,USD,1.416971
2017-02-08,EUR,1.511200
2017-02-08,GBP,1.771318
2017-02-08,JPY,0.012658
2017-02-08,CHF,1.420701
2017-02-08,CNY,0.206181
2017-02-08,HKD,0.182633
2017-02-08,MYR,0.319209
2017-02-08,ZAR,0.105559
2017-02-09,USD,1.414609
2017-02-09,EUR,1.512500
2017-02-09,GBP,1.777530
2017-02-09,JPY,0.012600
2017-02-09,CHF,1.417260
2017-02-09,CNY,0.206026
2017-02-09,HKD,0.182334
2017-02-09,MYR,0.318676
2017-02-09,ZAR,0.105489
2017-02-10,USD,1.421771
2017-02-10,EUR,1.511200
2017-02-10,GBP,1.771837
2017-02-10,JPY,0.012525
2017-02-10,CHF,1.416440
2017-02-10,CNY,0.206674
2017-02-10,HKD,0.183236
2017-02-10,MYR,0.319892
2017-02-10,ZAR,0.106523
2017-02-13,USD,1.421865
2017-02-13,EUR,1.511300
2017-02-13,GBP,1.780304
2017-02-13,JPY,0.012500
2017-02-13,CHF,1.416003
2017-02-13,CNY,0.206852
2017-02-13,HKD,0.183252
2017-02-13,MYR,0.319629
2017-02-13,ZAR,0.106573
2017-02-14,USD,1.416172
2017-02-14,EUR,1.504400
2017-02-14,GBP,1.767844
2017-02-14,JPY,0.012492
2017-02-14,CHF,1.411389
2017-02-14,CNY,0.206359
2017-02-14,HKD,0.182524
2017-02-14,MYR,0.318304
2017-02-14,ZAR,0.108121
2017-02-15,USD,1.422264
2017-02-15,EUR,1.501200
2017-02-15,GBP,1.766159
2017-02-15,JPY,0.012422
2017-02-15,CHF,1.409313
2017-02-15,CNY,0.207002
2017-02-15,HKD,0.183245
2017-02-15,MYR,0.319683
2017-02-15,ZAR,0.109019
2017-02-16,USD,1.417950
2017-02-16,EUR,1.510400
2017-02-16,GBP,1.774645
2017-02-16,JPY,0.012488
2017-02-16,CHF,1.418616
2017-02-16,CNY,0.206825
2017-02-16,HKD,0.182691
2017-02-16,MYR,0.318388
2017-02-16,ZAR,0.109579
2017-02-17,USD,1.416526
2017-02-17,EUR,1.508600
2017-02-17,GBP,1.759916
2017-02-17,JPY,0.012563
2017-02-17,CHF,1.418257
2017-02-17,CNY,0.206279
2017-02-17,HKD,0.182509
2017-02-17,MYR,0.318109
2017-02-17,ZAR,0.108254
2017-02-20,USD,1.418331
2017-02-20,EUR,1.505700
2017-02-20,GBP,1.768395
2017-02-20,JPY,0.012536
2017-02-20,CHF,1.413803
2017-02-20,CNY,0.206229
2017-02-20,HKD,0.182748
2017-02-20,MYR,0.318094
2017-02-20,ZAR,0.108187
2017-02-21,USD,1.422511
2017-02-21,EUR,1.498900
2017-02-21,GBP,1.766321
2017-02-21,JPY,0.012515
2017-02-21,CHF,1.408873
2017-02-21,CNY,0.206617
2017-02-21,HKD,0.183278
2017-02-21,MYR,0.319098
2017-02-21,ZAR,0.108094
2017-02-22,USD,1.417768
2017-02-22,EUR,1.490500
2017-02-22,GBP,1.764950
2017-02-22,JPY,0.012547
2017-02-22,CHF,1.400583
2017-02-22,CNY,0.206124
2017-02-22,HKD,0.182693
2017-02-22,MYR,0.318340
2017-02-22,ZAR,0.108185
2017-02-23,USD,1.411709
2017-02-23,EUR,1.492600
2017-02-23,GBP,1.763719
2017-02-23,JPY,0.012511
2017-02-23,CHF,1.399794
2017-02-23,CNY,0.205329
2017-02-23,HKD,0.181942
2017-02-23,MYR,0.317311
2017-02-23,ZAR,0.109605
2017-02-24,USD,1.403714
2017-02-24,EUR,1.489200
2017-02-24,GBP,1.762304
2017-02-24,JPY,0.012510
2017-02-24,CHF,1.398441
2017-02-24,CNY,0.204356
2017-02-24,HKD,0.180858
2017-02-24,MYR,0.316118
2017-02-24,ZAR,0.108688
2017-02-27,USD,1.405308
2017-02-27,EUR,1.487800
2017-02-27,GBP,1.744606
2017-02-27,JPY,0.012516
2017-02-27,CHF,1.395161
2017-02-27,CNY,0.204492
2017-02-27,HKD,0.181077
2017-02-27,MYR,0.316621
2017-02-27,ZAR,0.108476
2017-02-28,USD,1.399547
2017-02-28,EUR,1.483100
2017-02-28,GBP,1.738585
2017-02-28,JPY,0.012481
2017-02-28,CHF,1.392844
2017-02-28,CNY,0.203779
2017-02-28,HKD,0.180312
2017-02-28,MYR,0.315211
2017-02-28,ZAR,0.107541
2017-03-01,USD,1.409095
2017-03-01,EUR,1.484200
2017-03-01,GBP,1.734892
2017-03-01,JPY,0.012385
2017-03-01,CHF,1.394008
2017-03-01,CNY,0.204796
2017-03-01,HKD,0.181502
2017-03-01,MYR,0.316798
2017-03-01,ZAR,0.107712
2017-03-02,USD,1.411451
2017-03-02,EUR,1.484000
2017-03-02,GBP,1.734455
2017-03-02,JPY,0.012342
2017-03-02,CHF,1.393296
2017-03-02,CNY,0.204975
2017-03-02,HKD,0.181814
2017-03-02,MYR,0.317250
2017-03-02,ZAR,0.107693
2017-03-03,USD,1.413441
2017-03-03,EUR,1.493300
2017-03-03,GBP,1.729257
2017-03-03,JPY,0.012359
2017-03-03,CHF,1.398876
2017-03-03,CNY,0.204921
2017-03-03,HKD,0.182041
2017-03-03,MYR,0.317305
2017-03-03,ZAR,0.108038
2017-03-06,USD,1.410121
2017-03-06,EUR,1.493600
2017-03-06,GBP,1.730707
2017-03-06,JPY,0.012390
2017-03-06,CHF,1.396671
2017-03-06,CNY,0.204463
2017-03-06,HKD,0.181626
2017-03-06,MYR,0.317025
2017-03-06,ZAR,0.108512
2017-03-07,USD,1.410741
2017-03-07,EUR,1.492000
2017-03-07,GBP,1.720678
2017-03-07,JPY,0.012370
2017-03-07,CHF,1.390494
2017-03-07,CNY,0.204451
2017-03-07,HKD,0.181685
2017-03-07,MYR,0.317190
2017-03-07,ZAR,0.108875
2017-03-08,USD,1.415972
2017-03-08,EUR,1.494700
2017-03-08,GBP,1.722938
2017-03-08,JPY,0.012389
2017-03-08,CHF,1.396655
2017-03-08,CNY,0.204885
2017-03-08,HKD,0.182321
2017-03-08,MYR,0.317467
2017-03-08,ZAR,0.108384
2017-03-09,USD,1.420339
2017-03-09,EUR,1.498600
2017-03-09,GBP,1.729427
2017-03-09,JPY,0.012390
2017-03-09,CHF,1.399384
2017-03-09,CNY,0.205535
2017-03-09,HKD,0.182870
2017-03-09,MYR,0.318837
2017-03-09,ZAR,0.107059
2017-03-10,USD,1.418160
2017-03-10,EUR,1.504100
2017-03-10,GBP,1.723897
2017-03-10,JPY,0.012286
2017-03-10,CHF,1.400074
2017-03-10,CNY,0.205097
2017-03-10,HKD,0.182610
2017-03-10,MYR,0.318456
2017-03-10,ZAR,0.106916
2017-03-13,USD,1.413580
2017-03-13,EUR,1.507300
2017-03-13,GBP,1.727406
2017-03-13,JPY,0.012320
2017-03-13,CHF,1.402270
2017-03-13,CNY,0.204471
2017-03-13,HKD,0.182032
2017-03-13,MYR,0.317661
2017-03-13,ZAR,0.107587
2017-03-14,USD,1.414636
2017-03-14,EUR,1.503900
2017-03-14,GBP,1.717506
2017-03-14,JPY,0.012314
2017-03-14,CHF,1.402107
2017-03-14,CNY,0.204582
2017-03-14,HKD,0.182075
2017-03-14,MYR,0.317929
2017-03-14,ZAR,0.107495
2017-03-15,USD,1.412258
2017-03-15,EUR,1.500100
2017-03-15,GBP,1.722807
2017-03-15,JPY,0.012319
2017-03-15,CHF,1.400000
2017-03-15,CNY,0.204268
2017-03-15,HKD,0.181771
2017-03-15,MYR,0.317428
2017-03-15,ZAR,0.108194
2017-03-16,USD,1.401734
2017-03-16,EUR,1.503500
2017-03-16,GBP,1.731943
2017-03-16,JPY,0.012369
2017-03-16,CHF,1.405797
2017-03-16,CNY,0.203165
2017-03-16,HKD,0.180546
2017-03-16,MYR,0.315742
2017-03-16,ZAR,0.110332
2017-03-17,USD,1.402161
2017-03-17,EUR,1.505500
2017-03-17,GBP,1.733089
2017-03-17,JPY,0.012392
2017-03-17,CHF,1.407272
2017-03-17,CNY,0.203059
2017-03-17,HKD,0.180620
2017-03-17,MYR,0.316122
2017-03-17,ZAR,0.109887
2017-03-20,USD,1.397879
2017-03-20,EUR,1.503000
2017-03-20,GBP,1.731706
2017-03-20,JPY,0.012402
2017-03-20,CHF,1.402052
2017-03-20,CNY,0.202375
2017-03-20,HKD,0.180006
2017-03-20,MYR,0.315796
2017-03-20,ZAR,0.110278
2017-03-21,USD,1.396778
2017-03-21,EUR,1.508800
2017-03-21,GBP,1.739191
2017-03-21,JPY,0.012410
2017-03-21,CHF,1.403535
2017-03-21,CNY,0.202747
2017-03-21,HKD,0.179863
2017-03-21,MYR,0.315622
2017-03-21,ZAR,0.111087
2017-03-22,USD,1.397983
2017-03-22,EUR,1.510800
2017-03-22,GBP,1.740754
2017-03-22,JPY,0.012583
2017-03-22,CHF,1.410118
2017-03-22,CNY,0.202974
2017-03-22,HKD,0.179966
2017-03-22,MYR,0.315750
2017-03-22,ZAR,0.110995
2017-03-23,USD,1.398665
2017-03-23,EUR,1.508600
2017-03-23,GBP,1.748635
2017-03-23,JPY,0.012639
2017-03-23,CHF,1.409907
2017-03-23,CNY,0.203129
2017-03-23,HKD,0.180067
2017-03-23,MYR,0.315798
2017-03-23,ZAR,0.111804
2017-03-24,USD,1.399907
2017-03-24,EUR,1.512600
2017-03-24,GBP,1.746651
2017-03-24,JPY,0.012596
2017-03-24,CHF,1.411271
2017-03-24,CNY,0.203290
2017-03-24,HKD,0.180215
2017-03-24,MYR,0.316444
2017-03-24,ZAR,0.112197
2017-03-27,USD,1.391220
2017-03-27,EUR,1.514900
2017-03-27,GBP,1.753296
2017-03-27,JPY,0.012632
2017-03-27,CHF,1.414076
2017-03-27,CNY,0.202270
2017-03-27,HKD,0.179100
2017-03-27,MYR,0.315243
2017-03-27,ZAR,0.110086
2017-03-28,USD,1.393959
2017-03-28,EUR,1.513700
2017-03-28,GBP,1.750853
2017-03-28,JPY,0.012631
2017-03-28,CHF,1.415599
2017-03-28,CNY,0.202456
2017-03-28,HKD,0.179463
2017-03-28,MYR,0.315676
2017-03-28,ZAR,0.107723
2017-03-29,USD,1.396167
2017-03-29,EUR,1.500600
2017-03-29,GBP,1.737107
2017-03-29,JPY,0.012592
2017-03-29,CHF,1.400859
2017-03-29,CNY,0.202611
2017-03-29,HKD,0.179706
2017-03-29,MYR,0.315949
2017-03-29,ZAR,0.106263
2017-03-30,USD,1.394896
2017-03-30,EUR,1.497700
2017-03-30,GBP,1.737874
2017-03-30,JPY,0.012545
2017-03-30,CHF,1.399981
2017-03-30,CNY,0.202466
2017-03-30,HKD,0.179473
2017-03-30,MYR,0.315551
2017-03-30,ZAR,0.108399
2017-03-31,USD,1.397437
2017-03-31,EUR,1.494000
2017-03-31,GBP,1.746286
2017-03-31,JPY,0.012497
2017-03-31,CHF,1.396784
2017-03-31,CNY,0.202873
2017-03-31,HKD,0.179840
2017-03-31,MYR,0.315769
2017-03-31,ZAR,0.104913
2017-04-03,USD,1.397524
2017-04-03,EUR,1.489900
2017-04-03,GBP,1.747478
2017-04-03,JPY,0.012558
2017-04-03,CHF,1.394776
2017-04-03,CNY,0.202920
2017-04-03,HKD,0.179814
2017-04-03,MYR,0.315643
2017-04-03,ZAR,0.103103
2017-04-04,USD,1.399211
2017-04-04,EUR,1.490300
2017-04-04,GBP,1.740537
2017-04-04,JPY,0.012678
2017-04-04,CHF,1.396327
2017-04-04,CNY,0.203118
2017-04-04,HKD,0.180064
2017-04-04,MYR,0.315742
2017-04-04,ZAR,0.101672
2017-04-05,USD,1.399888
2017-04-05,EUR,1.494800
2017-04-05,GBP,1.748100
2017-04-05,JPY,0.012615
2017-04-05,CHF,1.395966
2017-04-05,CNY,0.202993
2017-04-05,HKD,0.180190
2017-04-05,MYR,0.315932
2017-04-05,ZAR,0.102155
2017-04-06,USD,1.400713
2017-04-06,EUR,1.494000
2017-04-06,GBP,1.745531
2017-04-06,JPY,0.012636
2017-04-06,CHF,1.396001
2017-04-06,CNY,0.203053
2017-04-06,HKD,0.180285
2017-04-06,MYR,0.315723
2017-04-06,ZAR,0.101475
2017-04-07,USD,1.401881
2017-04-07,EUR,1.490200
2017-04-07,GBP,1.741437
2017-04-07,JPY,0.012667
2017-04-07,CHF,1.393361
2017-04-07,CNY,0.203252
2017-04-07,HKD,0.180420
2017-04-07,MYR,0.316095
2017-04-07,ZAR,0.101485
2017-04-10,USD,1.406693
2017-04-10,EUR,1.488000
2017-04-10,GBP,1.743716
2017-04-10,JPY,0.012640
2017-04-10,CHF,1.392998
2017-04-10,CNY,0.203774
2017-04-10,HKD,0.181046
2017-04-10,MYR,0.317142
2017-04-10,ZAR,0.101281
2017-04-11,USD,1.403919
2017-04-11,EUR,1.490400
2017-04-11,GBP,1.746631
2017-04-11,JPY,0.012699
2017-04-11,CHF,1.393418
2017-04-11,CNY,0.203451
2017-04-11,HKD,0.180657
2017-04-11,MYR,0.316662
2017-04-11,ZAR,0.101463
2017-04-12,USD,1.402074
2017-04-12,EUR,1.486900
2017-04-12,GBP,1.752593
2017-04-12,JPY,0.012794
2017-04-12,CHF,1.392489
2017-04-12,CNY,0.203434
2017-04-12,HKD,0.180414
2017-04-12,MYR,0.316672
2017-04-12,ZAR,0.102414
2017-04-13,USD,1.396519
2017-04-13,EUR,1.484500
2017-04-13,GBP,1.751354
2017-04-13,JPY,0.012796
2017-04-13,CHF,1.389201
2017-04-13,CNY,0.202726
2017-04-13,HKD,0.179608
2017-04-13,MYR,0.316491
2017-04-13,ZAR,0.103230
2017-04-18,USD,1.398334
2017-04-18,EUR,1.493700
2017-04-18,GBP,1.770311
2017-04-18,JPY,0.012848
2017-04-18,CHF,1.397810
2017-04-18,CNY,0.203158
2017-04-18,HKD,0.179877
2017-04-18,MYR,0.317046
2017-04-18,ZAR,0.104454
2017-04-19,USD,1.397389
2017-04-19,EUR,1.498700
2017-04-19,GBP,1.796356
2017-04-19,JPY,0.012819
2017-04-19,CHF,1.401964
2017-04-19,CNY,0.202933
2017-04-19,HKD,0.179707
2017-04-19,MYR,0.317588
2017-04-19,ZAR,0.105091
2017-04-20,USD,1.396836
2017-04-20,EUR,1.500900
2017-04-20,GBP,1.788489
2017-04-20,JPY,0.012811
2017-04-20,CHF,1.402579
2017-04-20,CNY,0.202920
2017-04-20,HKD,0.179641
2017-04-20,MYR,0.317604
2017-04-20,ZAR,0.106234
2017-04-21,USD,1.397271
2017-04-21,EUR,1.494800
2017-04-21,GBP,1.785475
2017-04-21,JPY,0.012807
2017-04-21,CHF,1.399625
2017-04-21,CNY,0.202916
2017-04-21,HKD,0.179685
2017-04-21,MYR,0.317630
2017-04-21,ZAR,0.106326
2017-04-24,USD,1.392883
2017-04-24,EUR,1.511000
2017-04-24,GBP,1.781209
2017-04-24,JPY,0.012626
2017-04-24,CHF,1.398297
2017-04-24,CNY,0.202300
2017-04-24,HKD,0.179079
2017-04-24,MYR,0.316639
2017-04-24,ZAR,0.107438
2017-04-25,USD,1.392893
2017-04-25,EUR,1.517000
2017-04-25,GBP,1.786219
2017-04-25,JPY,0.012606
2017-04-25,CHF,1.401256
2017-04-25,CNY,0.202331
2017-04-25,HKD,0.178984
2017-04-25,MYR,0.319033
2017-04-25,ZAR,0.106778
2017-04-26,USD,1.395942
2017-04-26,EUR,1.520600
2017-04-26,GBP,1.790985
2017-04-26,JPY,0.012531
2017-04-26,CHF,1.403415
2017-04-26,CNY,0.202582
2017-04-26,HKD,0.179407
2017-04-26,MYR,0.321093
2017-04-26,ZAR,0.105467
2017-04-27,USD,1.397390
2017-04-27,EUR,1.520500
2017-04-27,GBP,1.801113
2017-04-27,JPY,0.012538
2017-04-27,CHF,1.405268
2017-04-27,CNY,0.202668
2017-04-27,HKD,0.179575
2017-04-27,MYR,0.321384
2017-04-27,ZAR,0.104602
2017-04-28,USD,1.395974
2017-04-28,EUR,1.525800
2017-04-28,GBP,1.806258
2017-04-28,JPY,0.012531
2017-04-28,CHF,1.408734
2017-04-28,CNY,0.202449
2017-04-28,HKD,0.179497
2017-04-28,MYR,0.321580
2017-04-28,ZAR,0.105301
2017-05-02,USD,1.394595
2017-05-02,EUR,1.522200
2017-05-02,GBP,1.800994
2017-05-02,JPY,0.012421
2017-05-02,CHF,1.402691
2017-05-02,CNY,0.202251
2017-05-02,HKD,0.179215
2017-05-02,MYR,0.322227
2017-05-02,ZAR,0.105062
2017-05-03,USD,1.394725
2017-05-03,EUR,1.522900
2017-05-03,GBP,1.803529
2017-05-03,JPY,0.012435
2017-05-03,CHF,1.408528
2017-05-03,CNY,0.202333
2017-05-03,HKD,0.179234
2017-05-03,MYR,0.322929
2017-05-03,ZAR,0.104501
2017-05-04,USD,1.399561
2017-05-04,EUR,1.529300
2017-05-04,GBP,1.804164
2017-05-04,JPY,0.012402
2017-05-04,CHF,1.410403
2017-05-04,CNY,0.202960
2017-05-04,HKD,0.179833
2017-05-04,MYR,0.323408
2017-05-04,ZAR,0.103337
2017-05-05,USD,1.405164
2017-05-05,EUR,1.540200
2017-05-05,GBP,1.818203
2017-05-05,JPY,0.012492
2017-05-05,CHF,1.420980
2017-05-05,CNY,0.203582
2017-05-05,HKD,0.180537
2017-05-05,MYR,0.323959
2017-05-05,ZAR,0.103440
2017-05-08,USD,1.405010
2017-05-08,EUR,1.536800
2017-05-08,GBP,1.819452
2017-05-08,JPY,0.012484
2017-05-08,CHF,1.412760
2017-05-08,CNY,0.203515
2017-05-08,HKD,0.180477
2017-05-08,MYR,0.324048
2017-05-08,ZAR,0.103492
2017-05-09,USD,1.410911
2017-05-09,EUR,1.536200
2017-05-09,GBP,1.822301
2017-05-09,JPY,0.012385
2017-05-09,CHF,1.404462
2017-05-09,CNY,0.204279
2017-05-09,HKD,0.181252
2017-05-09,MYR,0.324572
2017-05-09,ZAR,0.103250
2017-05-10,USD,1.410402
2017-05-10,EUR,1.534800
2017-05-10,GBP,1.827469
2017-05-10,JPY,0.012393
2017-05-10,CHF,1.401772
2017-05-10,CNY,0.204324
2017-05-10,HKD,0.181144
2017-05-10,MYR,0.324455
2017-05-10,ZAR,0.104552
2017-05-11,USD,1.408103
2017-05-11,EUR,1.529200
2017-05-11,GBP,1.810025
2017-05-11,JPY,0.012363
2017-05-11,CHF,1.396275
2017-05-11,CNY,0.204010
2017-05-11,HKD,0.180769
2017-05-11,MYR,0.323812
2017-05-11,ZAR,0.105348
2017-05-12,USD,1.408054
2017-05-12,EUR,1.531400
2017-05-12,GBP,1.810422
2017-05-12,JPY,0.012368
2017-05-12,CHF,1.396880
2017-05-12,CNY,0.204059
2017-05-12,HKD,0.180673
2017-05-12,MYR,0.324154
2017-05-12,ZAR,0.104650
2017-05-15,USD,1.398287
2017-05-15,EUR,1.534200
2017-05-15,GBP,1.806471
2017-05-15,JPY,0.012328
2017-05-15,CHF,1.401864
2017-05-15,CNY,0.202859
2017-05-15,HKD,0.179565
2017-05-15,MYR,0.323064
2017-05-15,ZAR,0.105940
2017-05-16,USD,1.397685
2017-05-16,EUR,1.545700
2017-05-16,GBP,1.800089
2017-05-16,JPY,0.012300
2017-05-16,CHF,1.410568
2017-05-16,CNY,0.202888
2017-05-16,HKD,0.179434
2017-05-16,MYR,0.323429
2017-05-16,ZAR,0.106389
2017-05-17,USD,1.394261
2017-05-17,EUR,1.550000
2017-05-17,GBP,1.807686
2017-05-17,JPY,0.012418
2017-05-17,CHF,1.419024
2017-05-17,CNY,0.202477
2017-05-17,HKD,0.179040
2017-05-17,MYR,0.322520
2017-05-17,ZAR,0.106505
2017-05-18,USD,1.391949
2017-05-18,EUR,1.549100
2017-05-18,GBP,1.814721
2017-05-18,JPY,0.012589
2017-05-18,CHF,1.424591
2017-05-18,CNY,0.201974
2017-05-18,HKD,0.178849
2017-05-18,MYR,0.320904
2017-05-18,ZAR,0.102889
2017-05-19,USD,1.387333
2017-05-19,EUR,1.550900
2017-05-19,GBP,1.805303
2017-05-19,JPY,0.012472
2017-05-19,CHF,1.420108
2017-05-19,CNY,0.201376
2017-05-19,HKD,0.178266
2017-05-19,MYR,0.321031
2017-05-19,ZAR,0.104597
2017-05-22,USD,1.385840
2017-05-22,EUR,1.558100
2017-05-22,GBP,1.804338
2017-05-22,JPY,0.012447
2017-05-22,CHF,1.428008
2017-05-22,CNY,0.201157
2017-05-22,HKD,0.178001
2017-05-22,MYR,0.321955
2017-05-22,ZAR,0.105136
2017-05-23,USD,1.388230
2017-05-23,EUR,1.556900
2017-05-23,GBP,1.800655
2017-05-23,JPY,0.012493
2017-05-23,CHF,1.426778
2017-05-23,CNY,0.201470
2017-05-23,HKD,0.178264
2017-05-23,MYR,0.323330
2017-05-23,ZAR,0.105139
2017-05-24,USD,1.388278
2017-05-24,EUR,1.553900
2017-05-24,GBP,1.799745
2017-05-24,JPY,0.012416
2017-05-24,CHF,1.421814
2017-05-24,CNY,0.201494
2017-05-24,HKD,0.178236
2017-05-24,MYR,0.323379
2017-05-24,ZAR,0.107183
2017-05-25,USD,1.384430
2017-05-25,EUR,1.552500
2017-05-25,GBP,1.794217
2017-05-25,JPY,0.012387
2017-05-25,CHF,1.423789
2017-05-25,CNY,0.201576
2017-05-25,HKD,0.177689
2017-05-25,MYR,0.323579
2017-05-25,ZAR,0.107361
2017-05-26,USD,1.382547
2017-05-26,EUR,1.547900
2017-05-26,GBP,1.775318
2017-05-26,JPY,0.012445
2017-05-26,CHF,1.421657
2017-05-26,CNY,0.201597
2017-05-26,HKD,0.177412
2017-05-26,MYR,0.323896
2017-05-26,ZAR,0.107412
2017-05-29,USD,1.384430
2017-05-29,EUR,1.548900
2017-05-29,GBP,1.778444
2017-05-29,JPY,0.012434
2017-05-29,CHF,1.421009
2017-05-29,CNY,0.201906
2017-05-29,HKD,0.177622
2017-05-29,MYR,0.324207
2017-05-29,ZAR,0.106926
2017-05-30,USD,1.385841
2017-05-30,EUR,1.548400
2017-05-30,GBP,1.784015
2017-05-30,JPY,0.012490
2017-05-30,CHF,1.420160
2017-05-30,CNY,0.202149
2017-05-30,HKD,0.177834
2017-05-30,MYR,0.323737
2017-05-30,ZAR,0.105411
2017-05-31,USD,1.382943
2017-05-31,EUR,1.551800
2017-05-31,GBP,1.776226
2017-05-31,JPY,0.012474
2017-05-31,CHF,1.424192
2017-05-31,CNY,0.202985
2017-05-31,HKD,0.177509
2017-05-31,MYR,0.323043
2017-05-31,ZAR,0.105297
2017-06-01,USD,1.383813
2017-06-01,EUR,1.552500
2017-06-01,GBP,1.779778
2017-06-01,JPY,0.012467
2017-06-01,CHF,1.426537
2017-06-01,CNY,0.203236
2017-06-01,HKD,0.177593
2017-06-01,MYR,0.322718
2017-06-01,ZAR,0.106039
2017-06-02,USD,1.386467
2017-06-02,EUR,1.555200
2017-06-02,GBP,1.782097
2017-06-02,JPY,0.012440
2017-06-02,CHF,1.427706
2017-06-02,CNY,0.203276
2017-06-02,HKD,0.177914
2017-06-02,MYR,0.323906
2017-06-02,ZAR,0.107725
2017-06-05,USD,1.381545
2017-06-05,EUR,1.554100
2017-06-05,GBP,1.783657
2017-06-05,JPY,0.012503
2017-06-05,CHF,1.431559
2017-06-05,CNY,0.203010
2017-06-05,HKD,0.177305
2017-06-05,MYR,0.324041
2017-06-05,ZAR,0.108438
2017-06-06,USD,1.381506
2017-06-06,EUR,1.555300
2017-06-06,GBP,1.782988
2017-06-06,JPY,0.012632
2017-06-06,CHF,1.433324
2017-06-06,CNY,0.203331
2017-06-06,HKD,0.177240
2017-06-06,MYR,0.323805
2017-06-06,ZAR,0.107521
2017-06-07,USD,1.381742
2017-06-07,EUR,1.549900
2017-06-07,GBP,1.783380
2017-06-07,JPY,0.012623
2017-06-07,CHF,1.429401
2017-06-07,CNY,0.203258
2017-06-07,HKD,0.177289
2017-06-07,MYR,0.324315
2017-06-07,ZAR,0.107403
2017-06-08,USD,1.382581
2017-06-08,EUR,1.552500
2017-06-08,GBP,1.789522
2017-06-08,JPY,0.012543
2017-06-08,CHF,1.430085
2017-06-08,CNY,0.203388
2017-06-08,HKD,0.177325
2017-06-08,MYR,0.323903
2017-06-08,ZAR,0.107457
2017-06-09,USD,1.384127
2017-06-09,EUR,1.546900
2017-06-09,GBP,1.765102
2017-06-09,JPY,0.012532
2017-06-09,CHF,1.424008
2017-06-09,CNY,0.203641
2017-06-09,HKD,0.177527
2017-06-09,MYR,0.324529
2017-06-09,ZAR,0.107422
2017-06-12,USD,1.384101
2017-06-12,EUR,1.553100
2017-06-12,GBP,1.754023
2017-06-12,JPY,0.012596
2017-06-12,CHF,1.430506
2017-06-12,CNY,0.203594
2017-06-12,HKD,0.177477
2017-06-12,MYR,0.324523
2017-06-12,ZAR,0.108036
2017-06-13,USD,1.381920
2017-06-13,EUR,1.550100
2017-06-13,GBP,1.759977
2017-06-13,JPY,0.012559
2017-06-13,CHF,1.428664
2017-06-13,CNY,0.203305
2017-06-13,HKD,0.177177
2017-06-13,MYR,0.324207
2017-06-13,ZAR,0.108174
2017-06-14,USD,1.379720
2017-06-14,EUR,1.545700
2017-06-14,GBP,1.757276
2017-06-14,JPY,0.012508
2017-06-14,CHF,1.421464
2017-06-14,CNY,0.202989
2017-06-14,HKD,0.176870
2017-06-14,MYR,0.324033
2017-06-14,ZAR,0.108320
2017-06-15,USD,1.383127
2017-06-15,EUR,1.544400
2017-06-15,GBP,1.762209
2017-06-15,JPY,0.012561
2017-06-15,CHF,1.420269
2017-06-15,CNY,0.203251
2017-06-15,HKD,0.177277
2017-06-15,MYR,0.324107
2017-06-15,ZAR,0.107457
2017-06-16,USD,1.384168
2017-06-16,EUR,1.545700
2017-06-16,GBP,1.767464
2017-06-16,JPY,0.012432
2017-06-16,CHF,1.420028
2017-06-16,CNY,0.203144
2017-06-16,HKD,0.177446
2017-06-16,MYR,0.323666
2017-06-16,ZAR,0.107466
2017-06-19,USD,1.382534
2017-06-19,EUR,1.548300
2017-06-19,GBP,1.769122
2017-06-19,JPY,0.012460
2017-06-19,CHF,1.424379
2017-06-19,CNY,0.202811
2017-06-19,HKD,0.177252
2017-06-19,MYR,0.323209
2017-06-19,ZAR,0.106523
2017-06-20,USD,1.387773
2017-06-20,EUR,1.548200
2017-06-20,GBP,1.756464
2017-06-20,JPY,0.012460
2017-06-20,CHF,1.426387
2017-06-20,CNY,0.203285
2017-06-20,HKD,0.177923
2017-06-20,MYR,0.323553
2017-06-20,ZAR,0.105921
2017-06-21,USD,1.389342
2017-06-21,EUR,1.548700
2017-06-21,GBP,1.763694
2017-06-21,JPY,0.012468
2017-06-21,CHF,1.426453
2017-06-21,CNY,0.203533
2017-06-21,HKD,0.178106
2017-06-21,MYR,0.324043
2017-06-21,ZAR,0.106619
2017-06-22,USD,1.390366
2017-06-22,EUR,1.552900
2017-06-22,GBP,1.761297
2017-06-22,JPY,0.012496
2017-06-22,CHF,1.429005
2017-06-22,CNY,0.203464
2017-06-22,HKD,0.178234
2017-06-22,MYR,0.323379
2017-06-22,ZAR,0.106946
2017-06-23,USD,1.386915
2017-06-23,EUR,1.549600
2017-06-23,GBP,1.764820
2017-06-23,JPY,0.012461
2017-06-23,CHF,1.428071
2017-06-23,CNY,0.202793
2017-06-23,HKD,0.177814
2017-06-23,MYR,0.323440
2017-06-23,ZAR,0.107216
2017-06-26,USD,1.388487
2017-06-26,EUR,1.553300
2017-06-26,GBP,1.768530
2017-06-26,JPY,0.012433
2017-06-26,CHF,1.427534
2017-06-26,CNY,0.202937
2017-06-26,HKD,0.178020
2017-06-26,MYR,0.323807
2017-06-26,ZAR,0.107801
2017-06-27,USD,1.385529
2017-06-27,EUR,1.562600
2017-06-27,GBP,1.768247
2017-06-27,JPY,0.012386
2017-06-27,CHF,1.435817
2017-06-27,CNY,0.203323
2017-06-27,HKD,0.177625
2017-06-27,MYR,0.323118
2017-06-27,ZAR,0.107342
2017-06-28,USD,1.384791
2017-06-28,EUR,1.575200
2017-06-28,GBP,1.779384
2017-06-28,JPY,0.012352
2017-06-28,CHF,1.443416
2017-06-28,CNY,0.203651
2017-06-28,HKD,0.177469
2017-06-28,MYR,0.321982
2017-06-28,ZAR,0.106375
2017-06-29,USD,1.380093
2017-06-29,EUR,1.575100
2017-06-29,GBP,1.790090
2017-06-29,JPY,0.012249
2017-06-29,CHF,1.440421
2017-06-29,CNY,0.203470
2017-06-29,HKD,0.176765
2017-06-29,MYR,0.321436
2017-06-29,ZAR,0.106238
2017-06-30,USD,1.376621
2017-06-30,EUR,1.571000
2017-06-30,GBP,1.786588
2017-06-30,JPY,0.012297
2017-06-30,CHF,1.437328
2017-06-30,CNY,0.203011
2017-06-30,HKD,0.176382
2017-06-30,MYR,0.320704
2017-06-30,ZAR,0.105295
2017-07-03,USD,1.381740
2017-07-03,EUR,1.570900
2017-07-03,GBP,1.791118
2017-07-03,JPY,0.012229
2017-07-03,CHF,1.435530
2017-07-03,CNY,0.203345
2017-07-03,HKD,0.176947
2017-07-03,MYR,0.320972
2017-07-03,ZAR,0.104778
2017-07-04,USD,1.382982
2017-07-04,EUR,1.570100
2017-07-04,GBP,1.788167
2017-07-04,JPY,0.012212
2017-07-04,CHF,1.433358
2017-07-04,CNY,0.203328
2017-07-04,HKD,0.177120
2017-07-04,MYR,0.321808
2017-07-04,ZAR,0.104546
2017-07-05,USD,1.383352
2017-07-05,EUR,1.567200
2017-07-05,GBP,1.786288
2017-07-05,JPY,0.012183
2017-07-05,CHF,1.431233
2017-07-05,CNY,0.203374
2017-07-05,HKD,0.177201
2017-07-05,MYR,0.321827
2017-07-05,ZAR,0.103605
2017-07-06,USD,1.383311
2017-07-06,EUR,1.574900
2017-07-06,GBP,1.789395
2017-07-06,JPY,0.012208
2017-07-06,CHF,1.434989
2017-07-06,CNY,0.203362
2017-07-06,HKD,0.177118
2017-07-06,MYR,0.321815
2017-07-06,ZAR,0.102619
2017-07-07,USD,1.381090
2017-07-07,EUR,1.576100
2017-07-07,GBP,1.781145
2017-07-07,JPY,0.012143
2017-07-07,CHF,1.435036
2017-07-07,CNY,0.203132
2017-07-07,HKD,0.176812
2017-07-07,MYR,0.321299
2017-07-07,ZAR,0.103252
2017-07-10,USD,1.386054
2017-07-10,EUR,1.578300
2017-07-10,GBP,1.784539
2017-07-10,JPY,0.012143
2017-07-10,CHF,1.433906
2017-07-10,CNY,0.203694
2017-07-10,HKD,0.177391
2017-07-10,MYR,0.322761
2017-07-10,ZAR,0.103747
2017-07-11,USD,1.383867
2017-07-11,EUR,1.578300
2017-07-11,GBP,1.787065
2017-07-11,JPY,0.012107
2017-07-11,CHF,1.429620
2017-07-11,CNY,0.203449
2017-07-11,HKD,0.177170
2017-07-11,MYR,0.322017
2017-07-11,ZAR,0.102093
2017-07-12,USD,1.381343
2017-07-12,EUR,1.581500
2017-07-12,GBP,1.778465
2017-07-12,JPY,0.012164
2017-07-12,CHF,1.434207
2017-07-12,CNY,0.203497
2017-07-12,HKD,0.176844
2017-07-12,MYR,0.321378
2017-07-12,ZAR,0.103124
2017-07-13,USD,1.377069
2017-07-13,EUR,1.572200
2017-07-13,GBP,1.782237
2017-07-13,JPY,0.012172
2017-07-13,CHF,1.427845
2017-07-13,CNY,0.203014
2017-07-13,HKD,0.176321
2017-07-13,MYR,0.320249
2017-07-13,ZAR,0.104146
2017-07-14,USD,1.373982
2017-07-14,EUR,1.568400
2017-07-14,GBP,1.782617
2017-07-14,JPY,0.012149
2017-07-14,CHF,1.419238
2017-07-14,CNY,0.202586
2017-07-14,HKD,0.175964
2017-07-14,MYR,0.320088
2017-07-14,ZAR,0.104342
2017-07-17,USD,1.367301
2017-07-17,EUR,1.567200
2017-07-17,GBP,1.785881
2017-07-17,JPY,0.012162
2017-07-17,CHF,1.423175
2017-07-17,CNY,0.201982
2017-07-17,HKD,0.175184
2017-07-17,MYR,0.318906
2017-07-17,ZAR,0.105636
2017-07-18,USD,1.366768
2017-07-18,EUR,1.579300
2017-07-18,GBP,1.778892
2017-07-18,JPY,0.012199
2017-07-18,CHF,1.432472
2017-07-18,CNY,0.202472
2017-07-18,HKD,0.175135
2017-07-18,MYR,0.318967
2017-07-18,ZAR,0.105664
2017-07-19,USD,1.367641
2017-07-19,EUR,1.577300
2017-07-19,GBP,1.782562
2017-07-19,JPY,0.012224
2017-07-19,CHF,1.434692
2017-07-19,CNY,0.202506
2017-07-19,HKD,0.175141
2017-07-19,MYR,0.319059
2017-07-19,ZAR,0.105933
2017-07-20,USD,1.370309
2017-07-20,EUR,1.573800
2017-07-20,GBP,1.773935
2017-07-20,JPY,0.012208
2017-07-20,CHF,1.425673
2017-07-20,CNY,0.202392
2017-07-20,HKD,0.175452
2017-07-20,MYR,0.319307
2017-07-20,ZAR,0.105610
2017-07-21,USD,1.363340
2017-07-21,EUR,1.587200
2017-07-21,GBP,1.771231
2017-07-21,JPY,0.012236
2017-07-21,CHF,1.436250
2017-07-21,CNY,0.201426
2017-07-21,HKD,0.174606
2017-07-21,MYR,0.318274
2017-07-21,ZAR,0.105406
2017-07-24,USD,1.361521
2017-07-24,EUR,1.585900
2017-07-24,GBP,1.774930
2017-07-24,JPY,0.012285
2017-07-24,CHF,1.439111
2017-07-24,CNY,0.201712
2017-07-24,HKD,0.174407
2017-07-24,MYR,0.318147
2017-07-24,ZAR,0.105085
2017-07-25,USD,1.359672
2017-07-25,EUR,1.590000
2017-07-25,GBP,1.778623
2017-07-25,JPY,0.012204
2017-07-25,CHF,1.437223
2017-07-25,CNY,0.201396
2017-07-25,HKD,0.174132
2017-07-25,MYR,0.317530
2017-07-25,ZAR,0.104495
2017-07-26,USD,1.361216
2017-07-26,EUR,1.585000
2017-07-26,GBP,1.775413
2017-07-26,JPY,0.012168
2017-07-26,CHF,1.421270
2017-07-26,CNY,0.201536
2017-07-26,HKD,0.174254
2017-07-26,MYR,0.317705
2017-07-26,ZAR,0.104278
2017-07-27,USD,1.358816
2017-07-27,EUR,1.589000
2017-07-27,GBP,1.785835
2017-07-27,JPY,0.012193
2017-07-27,CHF,1.414708
2017-07-27,CNY,0.201622
2017-07-27,HKD,0.173984
2017-07-27,MYR,0.317590
2017-07-27,ZAR,0.104815
2017-07-28,USD,1.359621
2017-07-28,EUR,1.594700
2017-07-28,GBP,1.780435
2017-07-28,JPY,0.012232
2017-07-28,CHF,1.404156
2017-07-28,CNY,0.201639
2017-07-28,HKD,0.174069
2017-07-28,MYR,0.317486
2017-07-28,ZAR,0.104358
2017-07-31,USD,1.357380
2017-07-31,EUR,1.591800
2017-07-31,GBP,1.780139
2017-07-31,JPY,0.012273
2017-07-31,CHF,1.401356
2017-07-31,CNY,0.201759
2017-07-31,HKD,0.173781
2017-07-31,MYR,0.317035
2017-07-31,ZAR,0.103555
2017-08-01,USD,1.358110
2017-08-01,EUR,1.604200
2017-08-01,GBP,1.793605
2017-08-01,JPY,0.012290
2017-08-01,CHF,1.405467
2017-08-01,CNY,0.202114
2017-08-01,HKD,0.173833
2017-08-01,MYR,0.316910
2017-08-01,ZAR,0.102229
2017-08-02,USD,1.358018
2017-08-02,EUR,1.606400
2017-08-02,GBP,1.796366
2017-08-02,JPY,0.012264
2017-08-02,CHF,1.401868
2017-08-02,CNY,0.201913
2017-08-02,HKD,0.173738
2017-08-02,MYR,0.316888
2017-08-02,ZAR,0.102253
2017-08-03,USD,1.360034
2017-08-03,EUR,1.613000
2017-08-03,GBP,1.785912
2017-08-03,JPY,0.012321
2017-08-03,CHF,1.402487
2017-08-03,CNY,0.202318
2017-08-03,HKD,0.173957
2017-08-03,MYR,0.317645
2017-08-03,ZAR,0.102330
2017-08-04,USD,1.356336
2017-08-04,EUR,1.609700
2017-08-04,GBP,1.783008
2017-08-04,JPY,0.012319
2017-08-04,CHF,1.400470
2017-08-04,CNY,0.201826
2017-08-04,HKD,0.173493
2017-08-04,MYR,0.317014
2017-08-04,ZAR,0.101708
2017-08-07,USD,1.363313
2017-08-07,EUR,1.608300
2017-08-07,GBP,1.778404
2017-08-07,JPY,0.012298
2017-08-07,CHF,1.400958
2017-08-07,CNY,0.202861
2017-08-07,HKD,0.174268
2017-08-07,MYR,0.318274
2017-08-07,ZAR,0.102010
2017-08-08,USD,1.360420
2017-08-08,EUR,1.607200
2017-08-08,GBP,1.772426
2017-08-08,JPY,0.012334
2017-08-08,CHF,1.400244
2017-08-08,CNY,0.203024
2017-08-08,HKD,0.173894
2017-08-08,MYR,0.317447
2017-08-08,ZAR,0.103335
2017-08-09,USD,1.362885
2017-08-09,EUR,1.598800
2017-08-09,GBP,1.769798
2017-08-09,JPY,0.012419
2017-08-09,CHF,1.415744
2017-08-09,CNY,0.204147
2017-08-09,HKD,0.174366
2017-08-09,MYR,0.317764
2017-08-09,ZAR,0.101093
2017-08-10,USD,1.363791
2017-08-10,EUR,1.600000
2017-08-10,GBP,1.771813
2017-08-10,JPY,0.012426
2017-08-10,CHF,1.410810
2017-08-10,CNY,0.204950
2017-08-10,HKD,0.174520
2017-08-10,MYR,0.317788
2017-08-10,ZAR,0.102080
2017-08-11,USD,1.364386
2017-08-11,EUR,1.605200
2017-08-11,GBP,1.770864
2017-08-11,JPY,0.012501
2017-08-11,CHF,1.418021
2017-08-11,CNY,0.204708
2017-08-11,HKD,0.174493
2017-08-11,MYR,0.317666
2017-08-11,ZAR,0.101121
2017-08-14,USD,1.361617
2017-08-14,EUR,1.606300
2017-08-14,GBP,1.766427
2017-08-14,JPY,0.012425
2017-08-14,CHF,1.406321
2017-08-14,CNY,0.204070
2017-08-14,HKD,0.174094
2017-08-14,MYR,0.317137
2017-08-14,ZAR,0.102599
2017-08-15,USD,1.365974
2017-08-15,EUR,1.604200
2017-08-15,GBP,1.760053
2017-08-15,JPY,0.012371
2017-08-15,CHF,1.405098
2017-08-15,CNY,0.204388
2017-08-15,HKD,0.174609
2017-08-15,MYR,0.317966
2017-08-15,ZAR,0.102505
2017-08-16,USD,1.368232
2017-08-16,EUR,1.602200
2017-08-16,GBP,1.760795
2017-08-16,JPY,0.012345
2017-08-16,CHF,1.404699
2017-08-16,CNY,0.204380
2017-08-16,HKD,0.174918
2017-08-16,MYR,0.318307
2017-08-16,ZAR,0.103384
2017-08-17,USD,1.365991
2017-08-17,EUR,1.597800
2017-08-17,GBP,1.757852
2017-08-17,JPY,0.012404
2017-08-17,CHF,1.412607
2017-08-17,CNY,0.204558
2017-08-17,HKD,0.174591
2017-08-17,MYR,0.318008
2017-08-17,ZAR,0.103468
2017-08-18,USD,1.364055
2017-08-18,EUR,1.601400
2017-08-18,GBP,1.756152
2017-08-18,JPY,0.012509
2017-08-18,CHF,1.418800
2017-08-18,CNY,0.204438
2017-08-18,HKD,0.174386
2017-08-18,MYR,0.317662
2017-08-18,ZAR,0.103145
2017-08-21,USD,1.362469
2017-08-21,EUR,1.602400
2017-08-21,GBP,1.754747
2017-08-21,JPY,0.012502
2017-08-21,CHF,1.410315
2017-08-21,CNY,0.204226
2017-08-21,HKD,0.174146
2017-08-21,MYR,0.317628
2017-08-21,ZAR,0.103178
2017-08-22,USD,1.361991
2017-08-22,EUR,1.603200
2017-08-22,GBP,1.748062
2017-08-22,JPY,0.012454
2017-08-22,CHF,1.410771
2017-08-22,CNY,0.204412
2017-08-22,HKD,0.174017
2017-08-22,MYR,0.318146
2017-08-22,ZAR,0.103161
2017-08-23,USD,1.362065
2017-08-23,EUR,1.607100
2017-08-23,GBP,1.744326
2017-08-23,JPY,0.012486
2017-08-23,CHF,1.410727
2017-08-23,CNY,0.204507
2017-08-23,HKD,0.174036
2017-08-23,MYR,0.318313
2017-08-23,ZAR,0.102681
2017-08-24,USD,1.361172
2017-08-24,EUR,1.607000
2017-08-24,GBP,1.746739
2017-08-24,JPY,0.012452
2017-08-24,CHF,1.412747
2017-08-24,CNY,0.204333
2017-08-24,HKD,0.173944
2017-08-24,MYR,0.318067
2017-08-24,ZAR,0.103055
2017-08-25,USD,1.359671
2017-08-25,EUR,1.605500
2017-08-25,GBP,1.743536
2017-08-25,JPY,0.012389
2017-08-25,CHF,1.409570
2017-08-25,CNY,0.204272
2017-08-25,HKD,0.173808
2017-08-25,MYR,0.318198
2017-08-25,ZAR,0.103256
2017-08-28,USD,1.354801
2017-08-28,EUR,1.615600
2017-08-28,GBP,1.749848
2017-08-28,JPY,0.012395
2017-08-28,CHF,1.418562
2017-08-28,CNY,0.204561
2017-08-28,HKD,0.173177
2017-08-28,MYR,0.317475
2017-08-28,ZAR,0.103856
2017-08-29,USD,1.351511
2017-08-29,EUR,1.628300
2017-08-29,GBP,1.751519
2017-08-29,JPY,0.012443
2017-08-29,CHF,1.430090
2017-08-29,CNY,0.204903
2017-08-29,HKD,0.172731
2017-08-29,MYR,0.316734
2017-08-29,ZAR,0.104163
2017-08-30,USD,1.356747
2017-08-30,EUR,1.616700
2017-08-30,GBP,1.752596
2017-08-30,JPY,0.012318
2017-08-30,CHF,1.415426
2017-08-30,CNY,0.205794
2017-08-30,HKD,0.173356
2017-08-30,MYR,0.317704
2017-08-30,ZAR,0.103926
2017-08-31,USD,1.361015
2017-08-31,EUR,1.609400
2017-08-31,GBP,1.749861
2017-08-31,JPY,0.012303
2017-08-31,CHF,1.406081
2017-08-31,CNY,0.206177
2017-08-31,HKD,0.173940
2017-08-31,MYR,0.318655
2017-08-31,ZAR,0.104122
2017-09-01,USD,1.354530
2017-09-01,EUR,1.614600
2017-09-01,GBP,1.753570
2017-09-01,JPY,0.012298
2017-09-01,CHF,1.411240
2017-09-01,CNY,0.206510
2017-09-01,HKD,0.173107
2017-09-01,MYR,0.317185
2017-09-01,ZAR,0.104718
2017-09-04,USD,1.356573
2017-09-04,EUR,1.615000
2017-09-04,GBP,1.758206
2017-09-04,JPY,0.012366
2017-09-04,CHF,1.416791
2017-09-04,CNY,0.207776
2017-09-04,HKD,0.173376
2017-09-04,MYR,0.317663
2017-09-04,ZAR,0.104804
2017-09-05,USD,1.355341
2017-09-05,EUR,1.611500
2017-09-05,GBP,1.756595
2017-09-05,JPY,0.012397
2017-09-05,CHF,1.412729
2017-09-05,CNY,0.206961
2017-09-05,HKD,0.173199
2017-09-05,MYR,0.318051
2017-09-05,ZAR,0.104714
2017-09-06,USD,1.352192
2017-09-06,EUR,1.613300
2017-09-06,GBP,1.764558
2017-09-06,JPY,0.012418
2017-09-06,CHF,1.415300
2017-09-06,CNY,0.207232
2017-09-06,HKD,0.172800
2017-09-06,MYR,0.319023
2017-09-06,ZAR,0.104784
2017-09-07,USD,1.344165
2017-09-07,EUR,1.609100
2017-09-07,GBP,1.760445
2017-09-07,JPY,0.012345
2017-09-07,CHF,1.410007
2017-09-07,CNY,0.207097
2017-09-07,HKD,0.171999
2017-09-07,MYR,0.319317
2017-09-07,ZAR,0.104921
2017-09-08,USD,1.336982
2017-09-08,EUR,1.612400
2017-09-08,GBP,1.766665
2017-09-08,JPY,0.012451
2017-09-08,CHF,1.413766
2017-09-08,CNY,0.206914
2017-09-08,HKD,0.171240
2017-09-08,MYR,0.318744
2017-09-08,ZAR,0.103943
2017-09-11,USD,1.344419
2017-09-11,EUR,1.612900
2017-09-11,GBP,1.776811
2017-09-11,JPY,0.012371
2017-09-11,CHF,1.414328
2017-09-11,CNY,0.205914
2017-09-11,HKD,0.172078
2017-09-11,MYR,0.320293
2017-09-11,ZAR,0.103966
2017-09-12,USD,1.347021
2017-09-12,EUR,1.607400
2017-09-12,GBP,1.788424
2017-09-12,JPY,0.012277
2017-09-12,CHF,1.404579
2017-09-12,CNY,0.206014
2017-09-12,HKD,0.172403
2017-09-12,MYR,0.320710
2017-09-12,ZAR,0.103837
2017-09-13,USD,1.345521
2017-09-13,EUR,1.611800
2017-09-13,GBP,1.786067
2017-09-13,JPY,0.012230
2017-09-13,CHF,1.402053
2017-09-13,CNY,0.205983
2017-09-13,HKD,0.172227
2017-09-13,MYR,0.321088
2017-09-13,ZAR,0.102600
2017-09-14,USD,1.350694
2017-09-14,EUR,1.605300
2017-09-14,GBP,1.801219
2017-09-14,JPY,0.012203
2017-09-14,CHF,1.396399
2017-09-14,CNY,0.206024
2017-09-14,HKD,0.172905
2017-09-14,MYR,0.321671
2017-09-14,ZAR,0.102504
2017-09-15,USD,1.343309
2017-09-15,EUR,1.607000
2017-09-15,GBP,1.825244
2017-09-15,JPY,0.012090
2017-09-15,CHF,1.399826
2017-09-15,CNY,0.205239
2017-09-15,HKD,0.171861
2017-09-15,MYR,0.320637
2017-09-15,ZAR,0.101959
2017-09-18,USD,1.346083
2017-09-18,EUR,1.608300
2017-09-18,GBP,1.822374
2017-09-18,JPY,0.012084
2017-09-18,CHF,1.402913
2017-09-18,CNY,0.204827
2017-09-18,HKD,0.172213
2017-09-18,MYR,0.321621
2017-09-18,ZAR,0.101860
2017-09-19,USD,1.349064
2017-09-19,EUR,1.615100
2017-09-19,GBP,1.822459
2017-09-19,JPY,0.012104
2017-09-19,CHF,1.400173
2017-09-19,CNY,0.204879
2017-09-19,HKD,0.172864
2017-09-19,MYR,0.321733
2017-09-19,ZAR,0.101294
2017-09-20,USD,1.343216
2017-09-20,EUR,1.612800
2017-09-20,GBP,1.818674
2017-09-20,JPY,0.012069
2017-09-20,CHF,1.398543
2017-09-20,CNY,0.204286
2017-09-20,HKD,0.172183
2017-09-20,MYR,0.320388
2017-09-20,ZAR,0.101397
2017-09-21,USD,1.352373
2017-09-21,EUR,1.610000
2017-09-21,GBP,1.824569
2017-09-21,JPY,0.012027
2017-09-21,CHF,1.389728
2017-09-21,CNY,0.205148
2017-09-21,HKD,0.173286
2017-09-21,MYR,0.322148
2017-09-21,ZAR,0.101329
2017-09-22,USD,1.345456
2017-09-22,EUR,1.609300
2017-09-22,GBP,1.825535
2017-09-22,JPY,0.012009
2017-09-22,CHF,1.388764
2017-09-22,CNY,0.204213
2017-09-22,HKD,0.172276
2017-09-22,MYR,0.321109
2017-09-22,ZAR,0.101624
2017-09-25,USD,1.350889
2017-09-25,EUR,1.603100
2017-09-25,GBP,1.822989
2017-09-25,JPY,0.012036
2017-09-25,CHF,1.386525
2017-09-25,CNY,0.203959
2017-09-25,HKD,0.172863
2017-09-25,MYR,0.321798
2017-09-25,ZAR,0.101759
2017-09-26,USD,1.354713
2017-09-26,EUR,1.596800
2017-09-26,GBP,1.819197
2017-09-26,JPY,0.012098
2017-09-26,CHF,1.394342
2017-09-26,CNY,0.204223
2017-09-26,HKD,0.173409
2017-09-26,MYR,0.321534
2017-09-26,ZAR,0.101494
2017-09-27,USD,1.359680
2017-09-27,EUR,1.596400
2017-09-27,GBP,1.823103
2017-09-27,JPY,0.012039
2017-09-27,CHF,1.394114
2017-09-27,CNY,0.204709
2017-09-27,HKD,0.174063
2017-09-27,MYR,0.322082
2017-09-27,ZAR,0.100363
2017-09-28,USD,1.359314
2017-09-28,EUR,1.601000
2017-09-28,GBP,1.826896
2017-09-28,JPY,0.012078
2017-09-28,CHF,1.397033
2017-09-28,CNY,0.204115
2017-09-28,HKD,0.174065
2017-09-28,MYR,0.321234
2017-09-28,ZAR,0.100572
2017-09-29,USD,1.357869
2017-09-29,EUR,1.603100
2017-09-29,GBP,1.818027
2017-09-29,JPY,0.012070
2017-09-29,CHF,1.399232
2017-09-29,CNY,0.204128
2017-09-29,HKD,0.173846
2017-09-29,MYR,0.321733
2017-09-29,ZAR,0.100546
2017-10-02,USD,1.362653
2017-10-02,EUR,1.600300
2017-10-02,GBP,1.809926
2017-10-02,JPY,0.012078
2017-10-02,CHF,1.403895
2017-10-02,CNY,0.204804
2017-10-02,HKD,0.174441
2017-10-02,MYR,0.321875
2017-10-02,ZAR,0.099931
2017-10-03,USD,1.362716
2017-10-03,EUR,1.601600
2017-10-03,GBP,1.803746
2017-10-03,JPY,0.012063
2017-10-03,CHF,1.398899
2017-10-03,CNY,0.205141
2017-10-03,HKD,0.174449
2017-10-03,MYR,0.321826
2017-10-03,ZAR,0.099353
2017-10-04,USD,1.359379
2017-10-04,EUR,1.602300
2017-10-04,GBP,1.805042
2017-10-04,JPY,0.012096
2017-10-04,CHF,1.398656
2017-10-04,CNY,0.204995
2017-10-04,HKD,0.174150
2017-10-04,MYR,0.321553
2017-10-04,ZAR,0.100249
2017-10-05,USD,1.362460
2017-10-05,EUR,1.599800
2017-10-05,GBP,1.794443
2017-10-05,JPY,0.012115
2017-10-05,CHF,1.394526
2017-10-05,CNY,0.204819
2017-10-05,HKD,0.174458
2017-10-05,MYR,0.322209
2017-10-05,ZAR,0.099975
2017-10-06,USD,1.366447
2017-10-06,EUR,1.599700
2017-10-06,GBP,1.786676
2017-10-06,JPY,0.012098
2017-10-06,CHF,1.394317
2017-10-06,CNY,0.205377
2017-10-06,HKD,0.175047
2017-10-06,MYR,0.322468
2017-10-06,ZAR,0.099549
2017-10-09,USD,1.363273
2017-10-09,EUR,1.601300
2017-10-09,GBP,1.795280
2017-10-09,JPY,0.012098
2017-10-09,CHF,1.392798
2017-10-09,CNY,0.205854
2017-10-09,HKD,0.174652
2017-10-09,MYR,0.322135
2017-10-09,ZAR,0.098852
2017-10-10,USD,1.356362
2017-10-10,EUR,1.600100
2017-10-10,GBP,1.789621
2017-10-10,JPY,0.012072
2017-10-10,CHF,1.388735
2017-10-10,CNY,0.206175
2017-10-10,HKD,0.173797
2017-10-10,MYR,0.321415
2017-10-10,ZAR,0.099087
2017-10-11,USD,1.356213
2017-10-11,EUR,1.604400
2017-10-11,GBP,1.788429
2017-10-11,JPY,0.012089
2017-10-11,CHF,1.392225
2017-10-11,CNY,0.205721
2017-10-11,HKD,0.173742
2017-10-11,MYR,0.321452
2017-10-11,ZAR,0.099947
2017-10-12,USD,1.354167
2017-10-12,EUR,1.605500
2017-10-12,GBP,1.779243
2017-10-12,JPY,0.012061
2017-10-12,CHF,1.389803
2017-10-12,CNY,0.205541
2017-10-12,HKD,0.173431
2017-10-12,MYR,0.320869
2017-10-12,ZAR,0.100287
2017-10-13,USD,1.355885
2017-10-13,EUR,1.601300
2017-10-13,GBP,1.799618
2017-10-13,JPY,0.012086
2017-10-13,CHF,1.388451
2017-10-13,CNY,0.205741
2017-10-13,HKD,0.173658
2017-10-13,MYR,0.321340
2017-10-13,ZAR,0.101318
2017-10-16,USD,1.351860
2017-10-16,EUR,1.595600
2017-10-16,GBP,1.797798
2017-10-16,JPY,0.012089
2017-10-16,CHF,1.385791
2017-10-16,CNY,0.205137
2017-10-16,HKD,0.173115
2017-10-16,MYR,0.320575
2017-10-16,ZAR,0.101521
2017-10-17,USD,1.356578
2017-10-17,EUR,1.595200
2017-10-17,GBP,1.789384
2017-10-17,JPY,0.012090
2017-10-17,CHF,1.386648
2017-10-17,CNY,0.204917
2017-10-17,HKD,0.173748
2017-10-17,MYR,0.321198
2017-10-17,ZAR,0.100977
2017-10-18,USD,1.358584
2017-10-18,EUR,1.596200
2017-10-18,GBP,1.787798
2017-10-18,JPY,0.012036
2017-10-18,CHF,1.381872
2017-10-18,CNY,0.204991
2017-10-18,HKD,0.173997
2017-10-18,MYR,0.321672
2017-10-18,ZAR,0.100391
2017-10-19,USD,1.356769
2017-10-19,EUR,1.605600
2017-10-19,GBP,1.787675
2017-10-19,JPY,0.012056
2017-10-19,CHF,1.391214
2017-10-19,CNY,0.205031
2017-10-19,HKD,0.173890
2017-10-19,MYR,0.321242
2017-10-19,ZAR,0.100173
2017-10-20,USD,1.358436
2017-10-20,EUR,1.605400
2017-10-20,GBP,1.791281
2017-10-20,JPY,0.012003
2017-10-20,CHF,1.384324
2017-10-20,CNY,0.205249
2017-10-20,HKD,0.174091
2017-10-20,MYR,0.321524
2017-10-20,ZAR,0.099271
2017-10-23,USD,1.362521
2017-10-23,EUR,1.599600
2017-10-23,GBP,1.795488
2017-10-23,JPY,0.011974
2017-10-23,CHF,1.381228
2017-10-23,CNY,0.205190
2017-10-23,HKD,0.174615
2017-10-23,MYR,0.321735
2017-10-23,ZAR,0.099533
2017-10-24,USD,1.362384
2017-10-24,EUR,1.602300
2017-10-24,GBP,1.794229
2017-10-24,JPY,0.011962
2017-10-24,CHF,1.379747
2017-10-24,CNY,0.205365
2017-10-24,HKD,0.174537
2017-10-24,MYR,0.321431
2017-10-24,ZAR,0.099278
2017-10-25,USD,1.361646
2017-10-25,EUR,1.604700
2017-10-25,GBP,1.805407
2017-10-25,JPY,0.011939
2017-10-25,CHF,1.372712
2017-10-25,CNY,0.204898
2017-10-25,HKD,0.174479
2017-10-25,MYR,0.321487
2017-10-25,ZAR,0.098466
2017-10-26,USD,1.362205
2017-10-26,EUR,1.601000
2017-10-26,GBP,1.798674
2017-10-26,JPY,0.011970
2017-10-26,CHF,1.370954
2017-10-26,CNY,0.205249
2017-10-26,HKD,0.174589
2017-10-26,MYR,0.321731
2017-10-26,ZAR,0.095645
2017-10-27,USD,1.370013
2017-10-27,EUR,1.589900
2017-10-27,GBP,1.793801
2017-10-27,JPY,0.011997
2017-10-27,CHF,1.366833
2017-10-27,CNY,0.205879
2017-10-27,HKD,0.175561
2017-10-27,MYR,0.322967
2017-10-27,ZAR,0.096442
2017-10-30,USD,1.363762
2017-10-30,EUR,1.583600
2017-10-30,GBP,1.799955
2017-10-30,JPY,0.012012
2017-10-30,CHF,1.364819
2017-10-30,CNY,0.205223
2017-10-30,HKD,0.174827
2017-10-30,MYR,0.321831
2017-10-30,ZAR,0.096939
2017-10-31,USD,1.362777
2017-10-31,EUR,1.586000
2017-10-31,GBP,1.805288
2017-10-31,JPY,0.012015
2017-10-31,CHF,1.364653
2017-10-31,CNY,0.205502
2017-10-31,HKD,0.174729
2017-10-31,MYR,0.322017
2017-10-31,ZAR,0.096506
2017-11-01,USD,1.361350
2017-11-01,EUR,1.580800
2017-11-01,GBP,1.809006
2017-11-01,JPY,0.011922
2017-11-01,CHF,1.358076
2017-11-01,CNY,0.205922
2017-11-01,HKD,0.174495
2017-11-01,MYR,0.321719
2017-11-01,ZAR,0.096441
2017-11-02,USD,1.360498
2017-11-02,EUR,1.584300
2017-11-02,GBP,1.786334
2017-11-02,JPY,0.011921
2017-11-02,CHF,1.360264
2017-11-02,CNY,0.205724
2017-11-02,HKD,0.174384
2017-11-02,MYR,0.321594
2017-11-02,ZAR,0.097269
2017-11-03,USD,1.360041
2017-11-03,EUR,1.585400
2017-11-03,GBP,1.782891
2017-11-03,JPY,0.011936
2017-11-03,CHF,1.362613
2017-11-03,CNY,0.205363
2017-11-03,HKD,0.174310
2017-11-03,MYR,0.321374
2017-11-03,ZAR,0.096274
2017-11-06,USD,1.364625
2017-11-06,EUR,1.581600
2017-11-06,GBP,1.789343
2017-11-06,JPY,0.011956
2017-11-06,CHF,1.364272
2017-11-06,CNY,0.205699
2017-11-06,HKD,0.174886
2017-11-06,MYR,0.322184
2017-11-06,ZAR,0.096089
2017-11-07,USD,1.364124
2017-11-07,EUR,1.577200
2017-11-07,GBP,1.791499
2017-11-07,JPY,0.011946
2017-11-07,CHF,1.364714
2017-11-07,CNY,0.205498
2017-11-07,HKD,0.174815
2017-11-07,MYR,0.323011
2017-11-07,ZAR,0.096255
2017-11-08,USD,1.362036
2017-11-08,EUR,1.578600
2017-11-08,GBP,1.785646
2017-11-08,JPY,0.012001
2017-11-08,CHF,1.363095
2017-11-08,CNY,0.205445
2017-11-08,HKD,0.174695
2017-11-08,MYR,0.322426
2017-11-08,ZAR,0.096012
2017-11-09,USD,1.360189
2017-11-09,EUR,1.581900
2017-11-09,GBP,1.784775
2017-11-09,JPY,0.012007
2017-11-09,CHF,1.365001
2017-11-09,CNY,0.204928
2017-11-09,HKD,0.174408
2017-11-09,MYR,0.324226
2017-11-09,ZAR,0.095695
2017-11-10,USD,1.360391
2017-11-10,EUR,1.585400
2017-11-10,GBP,1.794048
2017-11-10,JPY,0.012003
2017-11-10,CHF,1.367785
2017-11-10,CNY,0.204800
2017-11-10,HKD,0.174354
2017-11-10,MYR,0.324558
2017-11-10,ZAR,0.094603
2017-11-13,USD,1.361273
2017-11-13,EUR,1.586700
2017-11-13,GBP,1.782448
2017-11-13,JPY,0.012014
2017-11-13,CHF,1.368907
2017-11-13,CNY,0.204974
2017-11-13,HKD,0.174543
2017-11-13,MYR,0.324771
2017-11-13,ZAR,0.093507
2017-11-14,USD,1.360409
2017-11-14,EUR,1.597800
2017-11-14,GBP,1.783558
2017-11-14,JPY,0.011987
2017-11-14,CHF,1.372327
2017-11-14,CNY,0.204978
2017-11-14,HKD,0.174347
2017-11-14,MYR,0.324367
2017-11-14,ZAR,0.094582
2017-11-15,USD,1.355828
2017-11-15,EUR,1.605300
2017-11-15,GBP,1.785452
2017-11-15,JPY,0.012029
2017-11-15,CHF,1.374989
2017-11-15,CNY,0.204747
2017-11-15,HKD,0.173668
2017-11-15,MYR,0.325131
2017-11-15,ZAR,0.094312
2017-11-16,USD,1.356809
2017-11-16,EUR,1.597100
2017-11-16,GBP,1.790812
2017-11-16,JPY,0.011997
2017-11-16,CHF,1.366678
2017-11-16,CNY,0.204586
2017-11-16,HKD,0.173751
2017-11-16,MYR,0.324957
2017-11-16,ZAR,0.095037
2017-11-17,USD,1.356337
2017-11-17,EUR,1.599800
2017-11-17,GBP,1.789786
2017-11-17,JPY,0.012045
2017-11-17,CHF,1.367818
2017-11-17,CNY,0.204476
2017-11-17,HKD,0.173620
2017-11-17,MYR,0.325964
2017-11-17,ZAR,0.096790
2017-11-20,USD,1.355742
2017-11-20,EUR,1.597200
2017-11-20,GBP,1.795817
2017-11-20,JPY,0.012091
2017-11-20,CHF,1.367934
2017-11-20,CNY,0.204363
2017-11-20,HKD,0.173541
2017-11-20,MYR,0.326833
2017-11-20,ZAR,0.096460
2017-11-21,USD,1.355009
2017-11-21,EUR,1.587800
2017-11-21,GBP,1.794165
2017-11-21,JPY,0.012041
2017-11-21,CHF,1.363972
2017-11-21,CNY,0.204284
2017-11-21,HKD,0.173445
2017-11-21,MYR,0.327916
2017-11-21,ZAR,0.096237
2017-11-22,USD,1.352030
2017-11-22,EUR,1.588500
2017-11-22,GBP,1.788650
2017-11-22,JPY,0.012070
2017-11-22,CHF,1.368335
2017-11-22,CNY,0.204296
2017-11-22,HKD,0.173086
2017-11-22,MYR,0.328936
2017-11-22,ZAR,0.097400
2017-11-23,USD,1.345966
2017-11-23,EUR,1.594700
2017-11-23,GBP,1.791697
2017-11-23,JPY,0.012100
2017-11-23,CHF,1.373202
2017-11-23,CNY,0.204761
2017-11-23,HKD,0.172348
2017-11-23,MYR,0.327629
2017-11-23,ZAR,0.096998
2017-11-24,USD,1.346047
2017-11-24,EUR,1.598700
2017-11-24,GBP,1.793873
2017-11-24,JPY,0.012089
2017-11-24,CHF,1.372275
2017-11-24,CNY,0.203794
2017-11-24,HKD,0.172378
2017-11-24,MYR,0.326792
2017-11-24,ZAR,0.096190
2017-11-27,USD,1.343959
2017-11-27,EUR,1.606300
2017-11-27,GBP,1.797259
2017-11-27,JPY,0.012106
2017-11-27,CHF,1.370797
2017-11-27,CNY,0.203574
2017-11-27,HKD,0.172259
2017-11-27,MYR,0.327195
2017-11-27,ZAR,0.097896
2017-11-28,USD,1.344465
2017-11-28,EUR,1.598300
2017-11-28,GBP,1.785052
2017-11-28,JPY,0.012086
2017-11-28,CHF,1.368408
2017-11-28,CNY,0.203784
2017-11-28,HKD,0.172333
2017-11-28,MYR,0.327614
2017-11-28,ZAR,0.097850
2017-11-29,USD,1.346495
2017-11-29,EUR,1.592500
2017-11-29,GBP,1.803654
2017-11-29,JPY,0.012042
2017-11-29,CHF,1.365312
2017-11-29,CNY,0.203890
2017-11-29,HKD,0.172479
2017-11-29,MYR,0.329294
2017-11-29,ZAR,0.098450
2017-11-30,USD,1.349143
2017-11-30,EUR,1.598600
2017-11-30,GBP,1.816901
2017-11-30,JPY,0.012012
2017-11-30,CHF,1.366442
2017-11-30,CNY,0.203963
2017-11-30,HKD,0.172777
2017-11-30,MYR,0.329839
2017-11-30,ZAR,0.099130
2017-12-01,USD,1.347413
2017-12-01,EUR,1.601400
2017-12-01,GBP,1.817398
2017-12-01,JPY,0.011978
2017-12-01,CHF,1.369772
2017-12-01,CNY,0.203868
2017-12-01,HKD,0.172466
2017-12-01,MYR,0.329371
2017-12-01,ZAR,0.098301
2017-12-04,USD,1.347830
2017-12-04,EUR,1.599200
2017-12-04,GBP,1.822970
2017-12-04,JPY,0.011942
2017-12-04,CHF,1.370939
2017-12-04,CNY,0.203637
2017-12-04,HKD,0.172474
2017-12-04,MYR,0.331715
2017-12-04,ZAR,0.098887
2017-12-05,USD,1.346586
2017-12-05,EUR,1.595300
2017-12-05,GBP,1.809079
2017-12-05,JPY,0.011961
2017-12-05,CHF,1.366658
2017-12-05,CNY,0.203596
2017-12-05,HKD,0.172347
2017-12-05,MYR,0.331960
2017-12-05,ZAR,0.099658
2017-12-06,USD,1.347635
2017-12-06,EUR,1.592500
2017-12-06,GBP,1.802796
2017-12-06,JPY,0.012017
2017-12-06,CHF,1.363675
2017-12-06,CNY,0.203725
2017-12-06,HKD,0.172492
2017-12-06,MYR,0.330669
2017-12-06,ZAR,0.099627
2017-12-07,USD,1.350416
2017-12-07,EUR,1.591600
2017-12-07,GBP,1.807240
2017-12-07,JPY,0.011978
2017-12-07,CHF,1.360342
2017-12-07,CNY,0.204017
2017-12-07,HKD,0.172925
2017-12-07,MYR,0.330317
2017-12-07,ZAR,0.098920
2017-12-08,USD,1.353177
2017-12-08,EUR,1.588900
2017-12-08,GBP,1.815367
2017-12-08,JPY,0.011923
2017-12-08,CHF,1.357570
2017-12-08,CNY,0.204415
2017-12-08,HKD,0.173345
2017-12-08,MYR,0.331014
2017-12-08,ZAR,0.099064
2017-12-11,USD,1.350966
2017-12-11,EUR,1.593600
2017-12-11,GBP,1.805779
2017-12-11,JPY,0.011923
2017-12-11,CHF,1.364500
2017-12-11,CNY,0.204127
2017-12-11,HKD,0.173042
2017-12-11,MYR,0.331972
2017-12-11,ZAR,0.099217
2017-12-12,USD,1.351436
2017-12-12,EUR,1.590100
2017-12-12,GBP,1.805537
2017-12-12,JPY,0.011907
2017-12-12,CHF,1.362437
2017-12-12,CNY,0.204186
2017-12-12,HKD,0.173123
2017-12-12,MYR,0.332240
2017-12-12,ZAR,0.099284
2017-12-13,USD,1.352590
2017-12-13,EUR,1.587400
2017-12-13,GBP,1.805813
2017-12-13,JPY,0.011936
2017-12-13,CHF,1.362926
2017-12-13,CNY,0.204320
2017-12-13,HKD,0.173274
2017-12-13,MYR,0.330991
2017-12-13,ZAR,0.099294
2017-12-14,USD,1.346560
2017-12-14,EUR,1.595000
2017-12-14,GBP,1.809149
2017-12-14,JPY,0.011957
2017-12-14,CHF,1.364881
2017-12-14,CNY,0.203761
2017-12-14,HKD,0.172434
2017-12-14,MYR,0.329702
2017-12-14,ZAR,0.099975
2017-12-15,USD,1.346519
2017-12-15,EUR,1.589700
2017-12-15,GBP,1.801299
2017-12-15,JPY,0.012002
2017-12-15,CHF,1.362328
2017-12-15,CNY,0.203750
2017-12-15,HKD,0.172376
2017-12-15,MYR,0.330067
2017-12-15,ZAR,0.100736
2017-12-18,USD,1.348368
2017-12-18,EUR,1.590400
2017-12-18,GBP,1.803011
2017-12-18,JPY,0.011989
2017-12-18,CHF,1.364916
2017-12-18,CNY,0.203754
2017-12-18,HKD,0.172506
2017-12-18,MYR,0.330363
2017-12-18,ZAR,0.104865
2017-12-19,USD,1.346528
2017-12-19,EUR,1.592000
2017-12-19,GBP,1.798870
2017-12-19,JPY,0.011949
2017-12-19,CHF,1.367345
2017-12-19,CNY,0.203925
2017-12-19,HKD,0.172209
2017-12-19,MYR,0.329948
2017-12-19,ZAR,0.105740
2017-12-20,USD,1.345715
2017-12-20,EUR,1.594000
2017-12-20,GBP,1.804801
2017-12-20,JPY,0.011881
2017-12-20,CHF,1.362160
2017-12-20,CNY,0.204553
2017-12-20,HKD,0.171995
2017-12-20,MYR,0.330315
2017-12-20,ZAR,0.106187
2017-12-21,USD,1.345139
2017-12-21,EUR,1.595200
2017-12-21,GBP,1.797145
2017-12-21,JPY,0.011852
2017-12-21,CHF,1.360512
2017-12-21,CNY,0.204272
2017-12-21,HKD,0.171974
2017-12-21,MYR,0.329771
2017-12-21,ZAR,0.105742
2017-12-22,USD,1.343879
2017-12-22,EUR,1.592900
2017-12-22,GBP,1.798505
2017-12-22,JPY,0.011855
2017-12-22,CHF,1.357392
2017-12-22,CNY,0.204362
2017-12-22,HKD,0.171930
2017-12-22,MYR,0.329425
2017-12-22,ZAR,0.105780
2017-12-27,USD,1.339807
2017-12-27,EUR,1.593700
2017-12-27,GBP,1.798901
2017-12-27,JPY,0.011831
2017-12-27,CHF,1.353806
2017-12-27,CNY,0.204386
2017-12-27,HKD,0.171452
2017-12-27,MYR,0.328727
2017-12-27,ZAR,0.107604
2017-12-28,USD,1.338026
2017-12-28,EUR,1.596800
2017-12-28,GBP,1.798846
2017-12-28,JPY,0.011851
2017-12-28,CHF,1.364320
2017-12-28,CNY,0.204715
2017-12-28,HKD,0.171195
2017-12-28,MYR,0.329034
2017-12-28,ZAR,0.108386
2017-12-29,USD,1.336113
2017-12-29,EUR,1.602400
2017-12-29,GBP,1.806071
2017-12-29,JPY,0.011869
2017-12-29,CHF,1.369339
2017-12-29,CNY,0.205320
2017-12-29,HKD,0.170977
2017-12-29,MYR,0.330147
2017-12-29,ZAR,0.108231
2018-01-02,USD,1.328719
2018-01-02,EUR,1.603100
2018-01-02,GBP,1.802188
2018-01-02,JPY,0.011844
2018-01-02,CHF,1.368066
2018-01-02,CNY,0.204639
2018-01-02,HKD,0.170031
2018-01-02,MYR,0.330570
2018-01-02,ZAR,0.107591
2018-01-03,USD,1.329785
2018-01-03,EUR,1.598800
2018-01-03,GBP,1.803700
2018-01-03,JPY,0.011846
2018-01-03,CHF,1.362304
2018-01-03,CNY,0.204534
2018-01-03,HKD,0.170112
2018-01-03,MYR,0.331206
2018-01-03,ZAR,0.107414
2018-01-04,USD,1.329714
2018-01-04,EUR,1.604300
2018-01-04,GBP,1.800501
2018-01-04,JPY,0.011803
2018-01-04,CHF,1.363853
2018-01-04,CNY,0.204682
2018-01-04,HKD,0.170086
2018-01-04,MYR,0.331433
2018-01-04,ZAR,0.108052
2018-01-05,USD,1.327771
2018-01-05,EUR,1.599300
2018-01-05,GBP,1.799332
2018-01-05,JPY,0.011721
2018-01-05,CHF,1.360296
2018-01-05,CNY,0.204642
2018-01-05,HKD,0.169799
2018-01-05,MYR,0.331943
2018-01-05,ZAR,0.107418
2018-01-08,USD,1.332665
2018-01-08,EUR,1.595600
2018-01-08,GBP,1.804712
2018-01-08,JPY,0.011790
2018-01-08,CHF,1.362712
2018-01-08,CNY,0.205048
2018-01-08,HKD,0.170368
2018-01-08,MYR,0.332909
2018-01-08,ZAR,0.107142
2018-01-09,USD,1.335233
2018-01-09,EUR,1.593200
2018-01-09,GBP,1.804917
2018-01-09,JPY,0.011862
2018-01-09,CHF,1.358574
2018-01-09,CNY,0.204611
2018-01-09,HKD,0.170719
2018-01-09,MYR,0.333020
2018-01-09,ZAR,0.108131
2018-01-10,USD,1.332638
2018-01-10,EUR,1.598100
2018-01-10,GBP,1.802301
2018-01-10,JPY,0.011960
2018-01-10,CHF,1.362985
2018-01-10,CNY,0.204895
2018-01-10,HKD,0.170357
2018-01-10,MYR,0.332910
2018-01-10,ZAR,0.107101
2018-01-11,USD,1.331946
2018-01-11,EUR,1.600600
2018-01-11,GBP,1.796913
2018-01-11,JPY,0.011928
2018-01-11,CHF,1.363838
2018-01-11,CNY,0.204872
2018-01-11,HKD,0.170273
2018-01-11,MYR,0.334120
2018-01-11,ZAR,0.106889
2018-01-12,USD,1.326769
2018-01-12,EUR,1.610300
2018-01-12,GBP,1.809672
2018-01-12,JPY,0.011939
2018-01-12,CHF,1.366166
2018-01-12,CNY,0.205351
2018-01-12,HKD,0.169573
2018-01-12,MYR,0.333706
2018-01-12,ZAR,0.107010
2018-01-15,USD,1.321414
2018-01-15,EUR,1.622300
2018-01-15,GBP,1.821929
2018-01-15,JPY,0.011945
2018-01-15,CHF,1.374947
2018-01-15,CNY,0.205251
2018-01-15,HKD,0.168902
2018-01-15,MYR,0.334027
2018-01-15,ZAR,0.107413
2018-01-16,USD,1.323385
2018-01-16,EUR,1.618500
2018-01-16,GBP,1.821404
2018-01-16,JPY,0.011953
2018-01-16,CHF,1.372192
2018-01-16,CNY,0.205446
2018-01-16,HKD,0.169158
2018-01-16,MYR,0.333773
2018-01-16,ZAR,0.107922
2018-01-17,USD,1.323691
2018-01-17,EUR,1.615300
2018-01-17,GBP,1.823796
2018-01-17,JPY,0.011947
2018-01-17,CHF,1.371921
2018-01-17,CNY,0.205697
2018-01-17,HKD,0.169292
2018-01-17,MYR,0.334154
2018-01-17,ZAR,0.107312
2018-01-18,USD,1.322027
2018-01-18,EUR,1.617500
2018-01-18,GBP,1.833734
2018-01-18,JPY,0.011887
2018-01-18,CHF,1.376830
2018-01-18,CNY,0.205836
2018-01-18,HKD,0.169110
2018-01-18,MYR,0.334222
2018-01-18,ZAR,0.107808
2018-01-19,USD,1.320114
2018-01-19,EUR,1.617800
2018-01-19,GBP,1.830815
2018-01-19,JPY,0.011936
2018-01-19,CHF,1.375914
2018-01-19,CNY,0.206139
2018-01-19,HKD,0.168848
2018-01-19,MYR,0.335226
2018-01-19,ZAR,0.108176
2018-01-22,USD,1.319634
2018-01-22,EUR,1.615100
2018-01-22,GBP,1.833570
2018-01-22,JPY,0.011905
2018-01-22,CHF,1.372917
2018-01-22,CNY,0.206076
2018-01-22,HKD,0.168786
2018-01-22,MYR,0.335361
2018-01-22,ZAR,0.109061
2018-01-23,USD,1.319455
2018-01-23,EUR,1.616200
2018-01-23,GBP,1.840146
2018-01-23,JPY,0.011941
2018-01-23,CHF,1.372103
2018-01-23,CNY,0.205975
2018-01-23,HKD,0.168776
2018-01-23,MYR,0.335638
2018-01-23,ZAR,0.108798
2018-01-24,USD,1.309990
2018-01-24,EUR,1.618100
2018-01-24,GBP,1.855981
2018-01-24,JPY,0.011974
2018-01-24,CHF,1.378867
2018-01-24,CNY,0.205554
2018-01-24,HKD,0.167582
2018-01-24,MYR,0.335087
2018-01-24,ZAR,0.109477
2018-01-25,USD,1.305876
2018-01-25,EUR,1.620200
2018-01-25,GBP,1.861486
2018-01-25,JPY,0.011991
2018-01-25,CHF,1.387158
2018-01-25,CNY,0.206266
2018-01-25,HKD,0.167038
2018-01-25,MYR,0.336092
2018-01-25,ZAR,0.109759
2018-01-26,USD,1.307414
2018-01-26,EUR,1.625900
2018-01-26,GBP,1.861682
2018-01-26,JPY,0.011960
2018-01-26,CHF,1.397782
2018-01-26,CNY,0.206613
2018-01-26,HKD,0.167236
2018-01-26,MYR,0.337471
2018-01-26,ZAR,0.109945
2018-01-29,USD,1.310284
2018-01-29,EUR,1.622000
2018-01-29,GBP,1.844439
2018-01-29,JPY,0.012037
2018-01-29,CHF,1.402750
2018-01-29,CNY,0.206933
2018-01-29,HKD,0.167591
2018-01-29,MYR,0.337102
2018-01-29,ZAR,0.109406
2018-01-30,USD,1.310684
2018-01-30,EUR,1.628000
2018-01-30,GBP,1.851473
2018-01-30,JPY,0.012061
2018-01-30,CHF,1.404780
2018-01-30,CNY,0.207214
2018-01-30,HKD,0.167633
2018-01-30,MYR,0.336030
2018-01-30,ZAR,0.110016
2018-01-31,USD,1.307538
2018-01-31,EUR,1.628800
2018-01-31,GBP,1.852804
2018-01-31,JPY,0.012012
2018-01-31,CHF,1.400395
2018-01-31,CNY,0.207914
2018-01-31,HKD,0.167206
2018-01-31,MYR,0.335296
2018-01-31,ZAR,0.110188
2018-02-01,USD,1.312465
2018-02-01,EUR,1.635200
2018-02-01,GBP,1.868373
2018-02-01,JPY,0.011969
2018-02-01,CHF,1.409291
2018-02-01,CNY,0.208436
2018-02-01,HKD,0.167835
2018-02-01,MYR,0.336184
2018-02-01,ZAR,0.110304
2018-02-02,USD,1.313561
2018-02-02,EUR,1.640900
2018-02-02,GBP,1.867843
2018-02-02,JPY,0.011958
2018-02-02,CHF,1.415057
2018-02-02,CNY,0.208899
2018-02-02,HKD,0.167967
2018-02-02,MYR,0.337940
2018-02-02,ZAR,0.109700
2018-02-05,USD,1.317283
2018-02-05,EUR,1.638700
2018-02-05,GBP,1.850217
2018-02-05,JPY,0.011990
2018-02-05,CHF,1.412794
2018-02-05,CNY,0.209424
2018-02-05,HKD,0.168438
2018-02-05,MYR,0.337480
2018-02-05,ZAR,0.109513
2018-02-06,USD,1.323222
2018-02-06,EUR,1.631400
2018-02-06,GBP,1.835405
2018-02-06,JPY,0.012087
2018-02-06,CHF,1.409904
2018-02-06,CNY,0.210650
2018-02-06,HKD,0.169227
2018-02-06,MYR,0.337988
2018-02-06,ZAR,0.109697
2018-02-07,USD,1.320392
2018-02-07,EUR,1.629100
2018-02-07,GBP,1.837158
2018-02-07,JPY,0.012082
2018-02-07,CHF,1.403187
2018-02-07,CNY,0.210435
2018-02-07,HKD,0.168883
2018-02-07,MYR,0.338303
2018-02-07,ZAR,0.110343
2018-02-08,USD,1.329416
2018-02-08,EUR,1.628800
2018-02-08,GBP,1.861209
2018-02-08,JPY,0.012127
2018-02-08,CHF,1.409606
2018-02-08,CNY,0.210035
2018-02-08,HKD,0.170030
2018-02-08,MYR,0.338045
2018-02-08,ZAR,0.110049
2018-02-09,USD,1.329830
2018-02-09,EUR,1.632100
2018-02-09,GBP,1.839193
2018-02-09,JPY,0.012217
2018-02-09,CHF,1.419217
2018-02-09,CNY,0.210969
2018-02-09,HKD,0.170037
2018-02-09,MYR,0.335823
2018-02-09,ZAR,0.109713
2018-02-12,USD,1.325614
2018-02-12,EUR,1.625600
2018-02-12,GBP,1.834763
2018-02-12,JPY,0.012201
2018-02-12,CHF,1.413197
2018-02-12,CNY,0.209474
2018-02-12,HKD,0.169524
2018-02-12,MYR,0.336090
2018-02-12,ZAR,0.110795
2018-02-13,USD,1.322793
2018-02-13,EUR,1.631400
2018-02-13,GBP,1.834373
2018-02-13,JPY,0.012283
2018-02-13,CHF,1.415900
2018-02-13,CNY,0.208502
2018-02-13,HKD,0.169115
2018-02-13,MYR,0.335141
2018-02-13,ZAR,0.110394
2018-02-14,USD,1.319242
2018-02-14,EUR,1.629000
2018-02-14,GBP,1.829515
2018-02-14,JPY,0.012304
2018-02-14,CHF,1.414185
2018-02-14,CNY,0.207937
2018-02-14,HKD,0.168660
2018-02-14,MYR,0.337981
2018-02-14,ZAR,0.111623
2018-02-15,USD,1.311534
2018-02-15,EUR,1.638500
2018-02-15,GBP,1.848071
2018-02-15,JPY,0.012309
2018-02-15,CHF,1.419229
2018-02-15,CNY,0.206722
2018-02-15,HKD,0.167668
2018-02-15,MYR,0.336766
2018-02-15,ZAR,0.112529
2018-02-16,USD,1.310655
2018-02-16,EUR,1.633600
2018-02-16,GBP,1.839577
2018-02-16,JPY,0.012344
2018-02-16,CHF,1.417932
2018-02-16,CNY,0.206583
2018-02-16,HKD,0.167585
2018-02-16,MYR,0.336540
2018-02-16,ZAR,0.112405
2018-02-19,USD,1.313054
2018-02-19,EUR,1.629500
2018-02-19,GBP,1.839372
2018-02-19,JPY,0.012322
2018-02-19,CHF,1.415357
2018-02-19,CNY,0.206963
2018-02-19,HKD,0.167860
2018-02-19,MYR,0.337503
2018-02-19,ZAR,0.112679
2018-02-20,USD,1.318639
2018-02-20,EUR,1.627200
2018-02-20,GBP,1.845568
2018-02-20,JPY,0.012304
2018-02-20,CHF,1.410419
2018-02-20,CNY,0.207843
2018-02-20,HKD,0.168536
2018-02-20,MYR,0.338288
2018-02-20,ZAR,0.112286
2018-02-21,USD,1.321231
2018-02-21,EUR,1.626700
2018-02-21,GBP,1.838848
2018-02-21,JPY,0.012285
2018-02-21,CHF,1.408276
2018-02-21,CNY,0.208252
2018-02-21,HKD,0.168848
2018-02-21,MYR,0.337672
2018-02-21,ZAR,0.113459
2018-02-22,USD,1.322255
2018-02-22,EUR,1.623200
2018-02-22,GBP,1.837384
2018-02-22,JPY,0.012347
2018-02-22,CHF,1.410497
2018-02-22,CNY,0.207876
2018-02-22,HKD,0.168979
2018-02-22,MYR,0.337379
2018-02-22,ZAR,0.112852
2018-02-23,USD,1.321571
2018-02-23,EUR,1.625400
2018-02-23,GBP,1.848306
2018-02-23,JPY,0.012381
2018-02-23,CHF,1.412777
2018-02-23,CNY,0.208615
2018-02-23,HKD,0.168927
2018-02-23,MYR,0.337675
2018-02-23,ZAR,0.114272
2018-02-26,USD,1.317127
2018-02-26,EUR,1.622700
2018-02-26,GBP,1.847757
2018-02-26,JPY,0.012331
2018-02-26,CHF,1.407372
2018-02-26,CNY,0.208780
2018-02-26,HKD,0.168353
2018-02-26,MYR,0.336904
2018-02-26,ZAR,0.113614
2018-02-27,USD,1.319811
2018-02-27,EUR,1.623500
2018-02-27,GBP,1.836538
2018-02-27,JPY,0.012321
2018-02-27,CHF,1.406968
2018-02-27,CNY,0.209039
2018-02-27,HKD,0.168637
2018-02-27,MYR,0.337723
2018-02-27,ZAR,0.113231
2018-02-28,USD,1.323236
2018-02-28,EUR,1.616200
2018-02-28,GBP,1.827970
2018-02-28,JPY,0.012364
2018-02-28,CHF,1.402951
2018-02-28,CNY,0.209122
2018-02-28,HKD,0.169067
2018-02-28,MYR,0.337200
2018-02-28,ZAR,0.112488
2018-03-01,USD,1.326925
2018-03-01,EUR,1.615000
2018-03-01,GBP,1.824446
2018-03-01,JPY,0.012425
2018-03-01,CHF,1.402031
2018-03-01,CNY,0.208953
2018-03-01,HKD,0.169531
2018-03-01,MYR,0.337767
2018-03-01,ZAR,0.111226
2018-03-02,USD,1.320744
2018-03-02,EUR,1.626100
2018-03-02,GBP,1.820533
2018-03-02,JPY,0.012531
2018-03-02,CHF,1.412526
2018-03-02,CNY,0.208151
2018-03-02,HKD,0.168688
2018-03-02,MYR,0.336897
2018-03-02,ZAR,0.110568
2018-03-05,USD,1.319412
2018-03-05,EUR,1.623800
2018-03-05,GBP,1.823061
2018-03-05,JPY,0.012489
2018-03-05,CHF,1.406009
2018-03-05,CNY,0.208099
2018-03-05,HKD,0.168447
2018-03-05,MYR,0.337876
2018-03-05,ZAR,0.111085
2018-03-06,USD,1.315365
2018-03-06,EUR,1.632500
2018-03-06,GBP,1.830875
2018-03-06,JPY,0.012382
2018-03-06,CHF,1.404180
2018-03-06,CNY,0.207861
2018-03-06,HKD,0.167922
2018-03-06,MYR,0.337838
2018-03-06,ZAR,0.112239
2018-03-07,USD,1.314569
2018-03-07,EUR,1.632300
2018-03-07,GBP,1.823534
2018-03-07,JPY,0.012421
2018-03-07,CHF,1.398355
2018-03-07,CNY,0.207979
2018-03-07,HKD,0.167768
2018-03-07,MYR,0.336751
2018-03-07,ZAR,0.110429
2018-03-08,USD,1.315434
2018-03-08,EUR,1.633900
2018-03-08,GBP,1.826301
2018-03-08,JPY,0.012394
2018-03-08,CHF,1.392805
2018-03-08,CNY,0.207622
2018-03-08,HKD,0.167827
2018-03-08,MYR,0.336727
2018-03-08,ZAR,0.110645
2018-03-09,USD,1.318363
2018-03-09,EUR,1.620400
2018-03-09,GBP,1.822866
2018-03-09,JPY,0.012340
2018-03-09,CHF,1.385549
2018-03-09,CNY,0.208024
2018-03-09,HKD,0.168144
2018-03-09,MYR,0.336846
2018-03-09,ZAR,0.110791
2018-03-12,USD,1.314583
2018-03-12,EUR,1.617200
2018-03-12,GBP,1.825488
2018-03-12,JPY,0.012341
2018-03-12,CHF,1.384471
2018-03-12,CNY,0.207637
2018-03-12,HKD,0.167678
2018-03-12,MYR,0.336685
2018-03-12,ZAR,0.110947
2018-03-13,USD,1.310713
2018-03-13,EUR,1.622400
2018-03-13,GBP,1.830118
2018-03-13,JPY,0.012262
2018-03-13,CHF,1.387853
2018-03-13,CNY,0.207296
2018-03-13,HKD,0.167204
2018-03-13,MYR,0.336653
2018-03-13,ZAR,0.111286
2018-03-14,USD,1.309160
2018-03-14,EUR,1.619300
2018-03-14,GBP,1.827034
2018-03-14,JPY,0.012289
2018-03-14,CHF,1.383544
2018-03-14,CNY,0.207366
2018-03-14,HKD,0.166976
2018-03-14,MYR,0.335940
2018-03-14,ZAR,0.111297
2018-03-15,USD,1.311239
2018-03-15,EUR,1.618200
2018-03-15,GBP,1.828888
2018-03-15,JPY,0.012362
2018-03-15,CHF,1.384378
2018-03-15,CNY,0.207552
2018-03-15,HKD,0.167216
2018-03-15,MYR,0.334885
2018-03-15,ZAR,0.110592
2018-03-16,USD,1.315503
2018-03-16,EUR,1.618200
2018-03-16,GBP,1.833592
2018-03-16,JPY,0.012428
2018-03-16,CHF,1.382841
2018-03-16,CNY,0.207968
2018-03-16,HKD,0.167731
2018-03-16,MYR,0.336571
2018-03-16,ZAR,0.110157
2018-03-19,USD,1.317979
2018-03-19,EUR,1.622300
2018-03-19,GBP,1.852089
2018-03-19,JPY,0.012417
2018-03-19,CHF,1.384569
2018-03-19,CNY,0.208137
2018-03-19,HKD,0.168050
2018-03-19,MYR,0.336689
2018-03-19,ZAR,0.108941
2018-03-20,USD,1.317530
2018-03-20,EUR,1.617400
2018-03-20,GBP,1.843926
2018-03-20,JPY,0.012373
2018-03-20,CHF,1.379916
2018-03-20,CNY,0.208042
2018-03-20,HKD,0.167963
2018-03-20,MYR,0.336321
2018-03-20,ZAR,0.110186
2018-03-21,USD,1.318330
2018-03-21,EUR,1.619700
2018-03-21,GBP,1.853140
2018-03-21,JPY,0.012411
2018-03-21,CHF,1.383295
2018-03-21,CNY,0.208268
2018-03-21,HKD,0.168024
2018-03-21,MYR,0.336365
2018-03-21,ZAR,0.109979
2018-03-22,USD,1.315930
2018-03-22,EUR,1.620700
2018-03-22,GBP,1.858601
2018-03-22,JPY,0.012491
2018-03-22,CHF,1.388656
2018-03-22,CNY,0.207739
2018-03-22,HKD,0.167703
2018-03-22,MYR,0.336315
2018-03-22,ZAR,0.111217
2018-03-23,USD,1.313462
2018-03-23,EUR,1.621600
2018-03-23,GBP,1.857822
2018-03-23,JPY,0.012499
2018-03-23,CHF,1.385628
2018-03-23,CNY,0.207964
2018-03-23,HKD,0.167367
2018-03-23,MYR,0.335284
2018-03-23,ZAR,0.111677
2018-03-26,USD,1.311256
2018-03-26,EUR,1.627400
2018-03-26,GBP,1.865258
2018-03-26,JPY,0.012473
2018-03-26,CHF,1.386319
2018-03-26,CNY,0.208845
2018-03-26,HKD,0.167112
2018-03-26,MYR,0.336066
2018-03-26,ZAR,0.112283
2018-03-27,USD,1.309632
2018-03-27,EUR,1.620800
2018-03-27,GBP,1.843075
2018-03-27,JPY,0.012369
2018-03-27,CHF,1.377763
2018-03-27,CNY,0.208517
2018-03-27,HKD,0.166898
2018-03-27,MYR,0.337871
2018-03-27,ZAR,0.112090
2018-03-28,USD,1.307792
2018-03-28,EUR,1.621400
2018-03-28,GBP,1.850808
2018-03-28,JPY,0.012321
2018-03-28,CHF,1.373951
2018-03-28,CNY,0.207949
2018-03-28,HKD,0.166648
2018-03-28,MYR,0.339063
2018-03-28,ZAR,0.111798
2018-03-29,USD,1.311420
2018-03-29,EUR,1.615800
2018-03-29,GBP,1.846840
2018-03-29,JPY,0.012320
2018-03-29,CHF,1.371763
2018-03-29,CNY,0.208576
2018-03-29,HKD,0.167101
2018-03-29,MYR,0.339041
2018-03-29,ZAR,0.110512
2018-04-03,USD,1.309230
2018-04-03,EUR,1.611400
2018-04-03,GBP,1.841116
2018-04-03,JPY,0.012323
2018-04-03,CHF,1.368493
2018-04-03,CNY,0.208323
2018-04-03,HKD,0.166808
2018-04-03,MYR,0.337806
2018-04-03,ZAR,0.110736
2018-04-04,USD,1.314435
2018-04-04,EUR,1.613600
2018-04-04,GBP,1.842577
2018-04-04,JPY,0.012371
2018-04-04,CHF,1.370245
2018-04-04,CNY,0.208451
2018-04-04,HKD,0.167464
2018-04-04,MYR,0.338928
2018-04-04,ZAR,0.110273
2018-04-05,USD,1.314274
2018-04-05,EUR,1.611300
2018-04-05,GBP,1.843698
2018-04-05,JPY,0.012276
2018-04-05,CHF,1.365972
2018-04-05,CNY,0.208442
2018-04-05,HKD,0.167439
2018-04-05,MYR,0.339715
2018-04-05,ZAR,0.110198
2018-04-06,USD,1.319111
2018-04-06,EUR,1.613800
2018-04-06,GBP,1.848674
2018-04-06,JPY,0.012289
2018-04-06,CHF,1.367859
2018-04-06,CNY,0.209209
2018-04-06,HKD,0.168080
2018-04-06,MYR,0.340730
2018-04-06,ZAR,0.109220
2018-04-09,USD,1.313231
2018-04-09,EUR,1.615800
2018-04-09,GBP,1.855365
2018-04-09,JPY,0.012273
2018-04-09,CHF,1.370483
2018-04-09,CNY,0.207991
2018-04-09,HKD,0.167309
2018-04-09,MYR,0.339162
2018-04-09,ZAR,0.108325
2018-04-10,USD,1.310735
2018-04-10,EUR,1.620200
2018-04-10,GBP,1.858390
2018-04-10,JPY,0.012248
2018-04-10,CHF,1.373982
2018-04-10,CNY,0.208410
2018-04-10,HKD,0.166979
2018-04-10,MYR,0.338734
2018-04-10,ZAR,0.108718
2018-04-11,USD,1.308463
2018-04-11,EUR,1.620400
2018-04-11,GBP,1.854853
2018-04-11,JPY,0.012252
2018-04-11,CHF,1.366849
2018-04-11,CNY,0.208237
2018-04-11,HKD,0.166687
2018-04-11,MYR,0.337710
2018-04-11,ZAR,0.108259
2018-04-12,USD,1.310963
2018-04-12,EUR,1.615500
2018-04-12,GBP,1.862355
2018-04-12,JPY,0.012235
2018-04-12,CHF,1.360307
2018-04-12,CNY,0.208581
2018-04-12,HKD,0.167004
2018-04-12,MYR,0.338183
2018-04-12,ZAR,0.109275
2018-04-13,USD,1.311845
2018-04-13,EUR,1.615800
2018-04-13,GBP,1.870139
2018-04-13,JPY,0.012182
2018-04-13,CHF,1.363084
2018-04-13,CNY,0.208860
2018-04-13,HKD,0.167117
2018-04-13,MYR,0.338643
2018-04-13,ZAR,0.108840
2018-04-16,USD,1.311318
2018-04-16,EUR,1.622100
2018-04-16,GBP,1.876019
2018-04-16,JPY,0.012217
2018-04-16,CHF,1.365634
2018-04-16,CNY,0.208695
2018-04-16,HKD,0.167048
2018-04-16,MYR,0.337537
2018-04-16,ZAR,0.108526
2018-04-17,USD,1.310350
2018-04-17,EUR,1.619200
2018-04-17,GBP,1.876681
2018-04-17,JPY,0.012234
2018-04-17,CHF,1.359758
2018-04-17,CNY,0.208555
2018-04-17,HKD,0.166926
2018-04-17,MYR,0.336926
2018-04-17,ZAR,0.109043
2018-04-18,USD,1.310623
2018-04-18,EUR,1.623600
2018-04-18,GBP,1.863957
2018-04-18,JPY,0.012224
2018-04-18,CHF,1.355372
2018-04-18,CNY,0.208619
2018-04-18,HKD,0.166960
2018-04-18,MYR,0.337049
2018-04-18,ZAR,0.109573
2018-04-19,USD,1.308997
2018-04-19,EUR,1.620800
2018-04-19,GBP,1.863524
2018-04-19,JPY,0.012197
2018-04-19,CHF,1.353373
2018-04-19,CNY,0.208552
2018-04-19,HKD,0.166780
2018-04-19,MYR,0.337070
2018-04-19,ZAR,0.109652
2018-04-20,USD,1.313835
2018-04-20,EUR,1.617200
2018-04-20,GBP,1.845950
2018-04-20,JPY,0.012214
2018-04-20,CHF,1.351044
2018-04-20,CNY,0.208808
2018-04-20,HKD,0.167467
2018-04-20,MYR,0.337451
2018-04-20,ZAR,0.109264
2018-04-23,USD,1.322765
2018-04-23,EUR,1.618800
2018-04-23,GBP,1.847102
2018-04-23,JPY,0.012228
2018-04-23,CHF,1.355665
2018-04-23,CNY,0.209667
2018-04-23,HKD,0.168671
2018-04-23,MYR,0.339827
2018-04-23,ZAR,0.108209
2018-04-24,USD,1.322689
2018-04-24,EUR,1.615400
2018-04-24,GBP,1.846847
2018-04-24,JPY,0.012153
2018-04-24,CHF,1.352478
2018-04-24,CNY,0.209760
2018-04-24,HKD,0.168571
2018-04-24,MYR,0.338672
2018-04-24,ZAR,0.107219
2018-04-25,USD,1.329421
2018-04-25,EUR,1.619900
2018-04-25,GBP,1.853857
2018-04-25,JPY,0.012177
2018-04-25,CHF,1.351493
2018-04-25,CNY,0.210246
2018-04-25,HKD,0.169401
2018-04-25,MYR,0.339516
2018-04-25,ZAR,0.106282
2018-04-26,USD,1.326512
2018-04-26,EUR,1.614100
2018-04-26,GBP,1.853157
2018-04-26,JPY,0.012148
2018-04-26,CHF,1.347779
2018-04-26,CNY,0.209727
2018-04-26,HKD,0.169028
2018-04-26,MYR,0.338727
2018-04-26,ZAR,0.107081
2018-04-27,USD,1.326015
2018-04-27,EUR,1.600500
2018-04-27,GBP,1.824971
2018-04-27,JPY,0.012130
2018-04-27,CHF,1.338211
2018-04-27,CNY,0.209169
2018-04-27,HKD,0.168952
2018-04-27,MYR,0.338866
2018-04-27,ZAR,0.106959
2018-04-30,USD,1.325938
2018-04-30,EUR,1.601600
2018-04-30,GBP,1.820828
2018-04-30,JPY,0.012122
2018-04-30,CHF,1.338235
2018-04-30,CNY,0.209157
2018-04-30,HKD,0.168943
2018-04-30,MYR,0.337826
2018-04-30,ZAR,0.106687
2018-05-02,USD,1.334638
2018-05-02,EUR,1.602500
2018-05-02,GBP,1.820195
2018-05-02,JPY,0.012155
2018-05-02,CHF,1.340219
2018-05-02,CNY,0.209880
2018-05-02,HKD,0.170027
2018-05-02,MYR,0.339347
2018-05-02,ZAR,0.105890
2018-05-03,USD,1.331054
2018-05-03,EUR,1.596200
2018-05-03,GBP,1.810161
2018-05-03,JPY,0.012182
2018-05-03,CHF,1.334839
2018-05-03,CNY,0.209654
2018-05-03,HKD,0.169572
2018-05-03,MYR,0.338939
2018-05-03,ZAR,0.105430
2018-05-04,USD,1.333612
2018-05-04,EUR,1.596200
2018-05-04,GBP,1.809033
2018-05-04,JPY,0.012244
2018-05-04,CHF,1.335732
2018-05-04,CNY,0.209715
2018-05-04,HKD,0.169895
2018-05-04,MYR,0.338652
2018-05-04,ZAR,0.105614
2018-05-07,USD,1.337338
2018-05-07,EUR,1.591700
2018-05-07,GBP,1.808544
2018-05-07,JPY,0.012230
2018-05-07,CHF,1.330408
2018-05-07,CNY,0.210048
2018-05-07,HKD,0.170366
2018-05-07,MYR,0.339042
2018-05-07,ZAR,0.106305
2018-05-08,USD,1.338079
2018-05-08,EUR,1.588300
2018-05-08,GBP,1.806323
2018-05-08,JPY,0.012270
2018-05-08,CHF,1.334033
2018-05-08,CNY,0.210132
2018-05-08,HKD,0.170459
2018-05-08,MYR,0.337176
2018-05-08,ZAR,0.106504
2018-05-09,USD,1.340264
2018-05-09,EUR,1.592100
2018-05-09,GBP,1.820687
2018-05-09,JPY,0.012224
2018-05-09,CHF,1.338462
2018-05-09,CNY,0.210517
2018-05-09,HKD,0.170738
2018-05-09,MYR,0.336369
2018-05-09,ZAR,0.106601
2018-05-10,USD,1.340714
2018-05-10,EUR,1.592500
2018-05-10,GBP,1.813575
2018-05-10,JPY,0.012229
2018-05-10,CHF,1.337336
2018-05-10,CNY,0.211154
2018-05-10,HKD,0.170794
2018-05-10,MYR,0.333857
2018-05-10,ZAR,0.108303
2018-05-11,USD,1.333752
2018-05-11,EUR,1.591700
2018-05-11,GBP,1.808750
2018-05-11,JPY,0.012203
2018-05-11,CHF,1.333864
2018-05-11,CNY,0.210620
2018-05-11,HKD,0.169906
2018-05-11,MYR,0.333599
2018-05-11,ZAR,0.108637
2018-05-14,USD,1.333000
2018-05-14,EUR,1.598000
2018-05-14,GBP,1.810970
2018-05-14,JPY,0.012173
2018-05-14,CHF,1.335562
2018-05-14,CNY,0.210338
2018-05-14,HKD,0.169814
2018-05-14,MYR,0.337423
2018-05-14,ZAR,0.108762
2018-05-15,USD,1.338719
2018-05-15,EUR,1.590800
2018-05-15,GBP,1.809784
2018-05-15,JPY,0.012165
2018-05-15,CHF,1.335684
2018-05-15,CNY,0.210407
2018-05-15,HKD,0.170540
2018-05-15,MYR,0.338403
2018-05-15,ZAR,0.107205
2018-05-16,USD,1.342838
2018-05-16,EUR,1.582400
2018-05-16,GBP,1.810154
2018-05-16,JPY,0.012188
2018-05-16,CHF,1.341927
2018-05-16,CNY,0.210602
2018-05-16,HKD,0.171063
2018-05-16,MYR,0.338757
2018-05-16,ZAR,0.107220
2018-05-17,USD,1.342228
2018-05-17,EUR,1.584500
2018-05-17,GBP,1.813967
2018-05-17,JPY,0.012127
2018-05-17,CHF,1.340638
2018-05-17,CNY,0.210778
2018-05-17,HKD,0.170990
2018-05-17,MYR,0.338178
2018-05-17,ZAR,0.107054
2018-05-18,USD,1.343519
2018-05-18,EUR,1.582800
2018-05-18,GBP,1.812539
2018-05-18,JPY,0.012111
2018-05-18,CHF,1.344432
2018-05-18,CNY,0.210627
2018-05-18,HKD,0.171151
2018-05-18,MYR,0.338248
2018-05-18,ZAR,0.105923
2018-05-21,USD,1.343907
2018-05-21,EUR,1.580300
2018-05-21,GBP,1.803172
2018-05-21,JPY,0.012078
2018-05-21,CHF,1.344593
2018-05-21,CNY,0.210435
2018-05-21,HKD,0.171213
2018-05-21,MYR,0.337664
2018-05-21,ZAR,0.104412
2018-05-22,USD,1.337290
2018-05-22,EUR,1.577200
2018-05-22,GBP,1.798650
2018-05-22,JPY,0.012067
2018-05-22,CHF,1.343670
2018-05-22,CNY,0.209980
2018-05-22,HKD,0.170388
2018-05-22,MYR,0.337081
2018-05-22,ZAR,0.106562
2018-05-23,USD,1.345576
2018-05-23,EUR,1.575400
2018-05-23,GBP,1.791184
2018-05-23,JPY,0.012249
2018-05-23,CHF,1.358338
2018-05-23,CNY,0.210623
2018-05-23,HKD,0.171418
2018-05-23,MYR,0.337873
2018-05-23,ZAR,0.106401
2018-05-24,USD,1.340894
2018-05-24,EUR,1.572600
2018-05-24,GBP,1.797771
2018-05-24,JPY,0.012242
2018-05-24,CHF,1.354872
2018-05-24,CNY,0.210050
2018-05-24,HKD,0.170855
2018-05-24,MYR,0.337121
2018-05-24,ZAR,0.107681
2018-05-25,USD,1.340642
2018-05-25,EUR,1.565200
2018-05-25,GBP,1.787983
2018-05-25,JPY,0.012255
2018-05-25,CHF,1.350125
2018-05-25,CNY,0.209781
2018-05-25,HKD,0.170894
2018-05-25,MYR,0.336841
2018-05-25,ZAR,0.107251
2018-05-28,USD,1.341034
2018-05-28,EUR,1.561500
2018-05-28,GBP,1.785286
2018-05-28,JPY,0.012263
2018-05-28,CHF,1.348795
2018-05-28,CNY,0.209575
2018-05-28,HKD,0.170928
2018-05-28,MYR,0.337141
2018-05-28,ZAR,0.107705
2018-05-29,USD,1.346686
2018-05-29,EUR,1.556500
2018-05-29,GBP,1.786145
2018-05-29,JPY,0.012365
2018-05-29,CHF,1.351480
2018-05-29,CNY,0.209844
2018-05-29,HKD,0.171646
2018-05-29,MYR,0.337929
2018-05-29,ZAR,0.106271
2018-05-30,USD,1.340096
2018-05-30,EUR,1.558800
2018-05-30,GBP,1.781486
2018-05-30,JPY,0.012297
2018-05-30,CHF,1.353948
2018-05-30,CNY,0.208750
2018-05-30,HKD,0.170794
2018-05-30,MYR,0.336245
2018-05-30,ZAR,0.106653
2018-05-31,USD,1.338234
2018-05-31,EUR,1.565600
2018-05-31,GBP,1.785584
2018-05-31,JPY,0.012296
2018-05-31,CHF,1.358320
2018-05-31,CNY,0.208883
2018-05-31,HKD,0.170511
2018-05-31,MYR,0.336240
2018-05-31,ZAR,0.106481
2018-06-01,USD,1.338332
2018-06-01,EUR,1.561700
2018-06-01,GBP,1.781136
2018-06-01,JPY,0.012226
2018-06-01,CHF,1.354349
2018-06-01,CNY,0.208552
2018-06-01,HKD,0.170590
2018-06-01,MYR,0.335590
2018-06-01,ZAR,0.105298
2018-06-04,USD,1.333816
2018-06-04,EUR,1.565500
2018-06-04,GBP,1.785612
2018-06-04,JPY,0.012189
2018-06-04,CHF,1.355881
2018-06-04,CNY,0.208272
2018-06-04,HKD,0.169995
2018-06-04,MYR,0.335548
2018-06-04,ZAR,0.106458
2018-06-05,USD,1.335589
2018-06-05,EUR,1.559300
2018-06-05,GBP,1.784300
2018-06-05,JPY,0.012174
2018-06-05,CHF,1.354147
2018-06-05,CNY,0.208546
2018-06-05,HKD,0.170209
2018-06-05,MYR,0.335160
2018-06-05,ZAR,0.105195
2018-06-06,USD,1.333192
2018-06-06,EUR,1.568500
2018-06-06,GBP,1.788830
2018-06-06,JPY,0.012105
2018-06-06,CHF,1.348783
2018-06-06,CNY,0.208494
2018-06-06,HKD,0.169883
2018-06-06,MYR,0.335838
2018-06-06,ZAR,0.104274
2018-06-07,USD,1.331277
2018-06-07,EUR,1.575700
2018-06-07,GBP,1.788069
2018-06-07,JPY,0.012097
2018-06-07,CHF,1.356841
2018-06-07,CNY,0.208261
2018-06-07,HKD,0.169671
2018-06-07,MYR,0.334999
2018-06-07,ZAR,0.104108
2018-06-08,USD,1.335886
2018-06-08,EUR,1.570200
2018-06-08,GBP,1.789748
2018-06-08,JPY,0.012206
2018-06-08,CHF,1.356896
2018-06-08,CNY,0.208435
2018-06-08,HKD,0.170263
2018-06-08,MYR,0.335033
2018-06-08,ZAR,0.102080
2018-06-11,USD,1.334775
2018-06-11,EUR,1.573700
2018-06-11,GBP,1.784645
2018-06-11,JPY,0.012141
2018-06-11,CHF,1.353022
2018-06-11,CNY,0.208387
2018-06-11,HKD,0.170115
2018-06-11,MYR,0.334694
2018-06-11,ZAR,0.101535
2018-06-12,USD,1.335087
2018-06-12,EUR,1.573800
2018-06-12,GBP,1.784860
2018-06-12,JPY,0.012103
2018-06-12,CHF,1.354972
2018-06-12,CNY,0.208461
2018-06-12,HKD,0.170142
2018-06-12,MYR,0.333991
2018-06-12,ZAR,0.101416
2018-06-13,USD,1.335515
2018-06-13,EUR,1.571100
2018-06-13,GBP,1.781091
2018-06-13,JPY,0.012083
2018-06-13,CHF,1.352531
2018-06-13,CNY,0.208665
2018-06-13,HKD,0.170171
2018-06-13,MYR,0.334383
2018-06-13,ZAR,0.100771
2018-06-14,USD,1.335465
2018-06-14,EUR,1.566500
2018-06-14,GBP,1.786549
2018-06-14,JPY,0.012129
2018-06-14,CHF,1.352180
2018-06-14,CNY,0.208842
2018-06-14,HKD,0.170164
2018-06-14,MYR,0.335080
2018-06-14,ZAR,0.101905
2018-06-15,USD,1.346930
2018-06-15,EUR,1.561900
2018-06-15,GBP,1.788708
2018-06-15,JPY,0.012173
2018-06-15,CHF,1.349374
2018-06-15,CNY,0.209755
2018-06-15,HKD,0.171600
2018-06-15,MYR,0.336747
2018-06-15,ZAR,0.100341
2018-06-18,USD,1.350211
2018-06-18,EUR,1.568000
2018-06-18,GBP,1.788831
2018-06-18,JPY,0.012224
2018-06-18,CHF,1.357106
2018-06-18,CNY,0.209682
2018-06-18,HKD,0.172013
2018-06-18,MYR,0.337764
2018-06-18,ZAR,0.100336
2018-06-19,USD,1.359892
2018-06-19,EUR,1.568500
2018-06-19,GBP,1.788626
2018-06-19,JPY,0.012372
2018-06-19,CHF,1.363794
2018-06-19,CNY,0.209791
2018-06-19,HKD,0.173250
2018-06-19,MYR,0.339679
2018-06-19,ZAR,0.098091
2018-06-20,USD,1.357575
2018-06-20,EUR,1.571800
2018-06-20,GBP,1.788616
2018-06-20,JPY,0.012338
2018-06-20,CHF,1.362399
2018-06-20,CNY,0.209705
2018-06-20,HKD,0.173016
2018-06-20,MYR,0.339350
2018-06-20,ZAR,0.099250
2018-06-21,USD,1.361934
2018-06-21,EUR,1.571400
2018-06-21,GBP,1.798558
2018-06-21,JPY,0.012316
2018-06-21,CHF,1.366910
2018-06-21,CNY,0.209584
2018-06-21,HKD,0.173582
2018-06-21,MYR,0.339168
2018-06-21,ZAR,0.099721
2018-06-22,USD,1.358345
2018-06-22,EUR,1.582200
2018-06-22,GBP,1.804866
2018-06-22,JPY,0.012332
2018-06-22,CHF,1.371770
2018-06-22,CNY,0.209040
2018-06-22,HKD,0.173120
2018-06-22,MYR,0.339375
2018-06-22,ZAR,0.100671
2018-06-25,USD,1.361538
2018-06-25,EUR,1.593000
2018-06-25,GBP,1.809405
2018-06-25,JPY,0.012425
2018-06-25,CHF,1.379340
2018-06-25,CNY,0.208322
2018-06-25,HKD,0.173511
2018-06-25,MYR,0.339232
2018-06-25,ZAR,0.100643
2018-06-26,USD,1.361549
2018-06-26,EUR,1.589200
2018-06-26,GBP,1.802632
2018-06-26,JPY,0.012420
2018-06-26,CHF,1.376765
2018-06-26,CNY,0.207065
2018-06-26,HKD,0.173478
2018-06-26,MYR,0.338445
2018-06-26,ZAR,0.100435
2018-06-27,USD,1.363120
2018-06-27,EUR,1.583400
2018-06-27,GBP,1.795788
2018-06-27,JPY,0.012363
2018-06-27,CHF,1.372573
2018-06-27,CNY,0.206578
2018-06-27,HKD,0.173698
2018-06-27,MYR,0.338369
2018-06-27,ZAR,0.099617
2018-06-28,USD,1.366744
2018-06-28,EUR,1.583100
2018-06-28,GBP,1.788409
2018-06-28,JPY,0.012404
2018-06-28,CHF,1.369938
2018-06-28,CNY,0.206326
2018-06-28,HKD,0.174147
2018-06-28,MYR,0.338096
2018-06-28,ZAR,0.098561
2018-06-29,USD,1.363527
2018-06-29,EUR,1.589600
2018-06-29,GBP,1.794030
2018-06-29,JPY,0.012319
2018-06-29,CHF,1.374017
2018-06-29,CNY,0.205987
2018-06-29,HKD,0.173788
2018-06-29,MYR,0.337638
2018-06-29,ZAR,0.099050
2018-07-02,USD,1.368245
2018-07-02,EUR,1.592500
2018-07-02,GBP,1.796390
2018-07-02,JPY,0.012358
2018-07-02,CHF,1.377238
2018-07-02,CNY,0.205256
2018-07-02,HKD,0.174377
2018-07-02,MYR,0.338161
2018-07-02,ZAR,0.099092
2018-07-03,USD,1.364852
2018-07-03,EUR,1.592100
2018-07-03,GBP,1.802037
2018-07-03,JPY,0.012333
2018-07-03,CHF,1.375702
2018-07-03,CNY,0.205483
2018-07-03,HKD,0.173989
2018-07-03,MYR,0.337252
2018-07-03,ZAR,0.099682
2018-07-04,USD,1.364972
2018-07-04,EUR,1.589100
2018-07-04,GBP,1.803582
2018-07-04,JPY,0.012353
2018-07-04,CHF,1.375011
2018-07-04,CNY,0.205823
2018-07-04,HKD,0.174039
2018-07-04,MYR,0.337360
2018-07-04,ZAR,0.099550
2018-07-05,USD,1.363481
2018-07-05,EUR,1.596500
2018-07-05,GBP,1.807836
2018-07-05,JPY,0.012325
2018-07-05,CHF,1.374752
2018-07-05,CNY,0.205544
2018-07-05,HKD,0.173746
2018-07-05,MYR,0.337248
2018-07-05,ZAR,0.100589
2018-07-06,USD,1.360287
2018-07-06,EUR,1.594800
2018-07-06,GBP,1.800102
2018-07-06,JPY,0.012301
2018-07-06,CHF,1.370810
2018-07-06,CNY,0.204627
2018-07-06,HKD,0.173323
2018-07-06,MYR,0.336285
2018-07-06,ZAR,0.100058
2018-07-09,USD,1.352871
2018-07-09,EUR,1.594900
2018-07-09,GBP,1.805309
2018-07-09,JPY,0.012249
2018-07-09,CHF,1.369483
2018-07-09,CNY,0.204561
2018-07-09,HKD,0.172373
2018-07-09,MYR,0.335740
2018-07-09,ZAR,0.101641
2018-07-10,USD,1.356868
2018-07-10,EUR,1.589300
2018-07-10,GBP,1.799112
2018-07-10,JPY,0.012197
2018-07-10,CHF,1.364323
2018-07-10,CNY,0.204367
2018-07-10,HKD,0.172889
2018-07-10,MYR,0.337438
2018-07-10,ZAR,0.101016
2018-07-11,USD,1.360716
2018-07-11,EUR,1.596800
2018-07-11,GBP,1.804661
2018-07-11,JPY,0.012233
2018-07-11,CHF,1.370291
2018-07-11,CNY,0.203780
2018-07-11,HKD,0.173356
2018-07-11,MYR,0.337063
2018-07-11,ZAR,0.100929
2018-07-12,USD,1.362927
2018-07-12,EUR,1.588900
2018-07-12,GBP,1.800188
2018-07-12,JPY,0.012117
2018-07-12,CHF,1.364800
2018-07-12,CNY,0.204281
2018-07-12,HKD,0.173662
2018-07-12,MYR,0.337425
2018-07-12,ZAR,0.101535
2018-07-13,USD,1.367259
2018-07-13,EUR,1.591900
2018-07-13,GBP,1.799001
2018-07-13,JPY,0.012148
2018-07-13,CHF,1.360133
2018-07-13,CNY,0.204058
2018-07-13,HKD,0.174193
2018-07-13,MYR,0.337940
2018-07-13,ZAR,0.102579
2018-07-16,USD,1.361263
2018-07-16,EUR,1.595400
2018-07-16,GBP,1.807409
2018-07-16,JPY,0.012118
2018-07-16,CHF,1.364056
2018-07-16,CNY,0.203825
2018-07-16,HKD,0.173434
2018-07-16,MYR,0.336710
2018-07-16,ZAR,0.103267
2018-07-17,USD,1.361664
2018-07-17,EUR,1.594100
2018-07-17,GBP,1.796675
2018-07-17,JPY,0.012094
2018-07-17,CHF,1.368561
2018-07-17,CNY,0.203526
2018-07-17,HKD,0.173483
2018-07-17,MYR,0.337254
2018-07-17,ZAR,0.102596
2018-07-18,USD,1.367927
2018-07-18,EUR,1.588300
2018-07-18,GBP,1.782244
2018-07-18,JPY,0.012132
2018-07-18,CHF,1.367927
2018-07-18,CNY,0.203519
2018-07-18,HKD,0.174268
2018-07-18,MYR,0.337426
2018-07-18,ZAR,0.102431
2018-07-19,USD,1.372886
2018-07-19,EUR,1.590900
2018-07-19,GBP,1.781563
2018-07-19,JPY,0.012146
2018-07-19,CHF,1.368869
2018-07-19,CNY,0.202526
2018-07-19,HKD,0.174895
2018-07-19,MYR,0.336834
2018-07-19,ZAR,0.101979
2018-07-20,USD,1.367609
2018-07-20,EUR,1.596000
2018-07-20,GBP,1.784337
2018-07-20,JPY,0.012189
2018-07-20,CHF,1.371959
2018-07-20,CNY,0.201490
2018-07-20,HKD,0.174242
2018-07-20,MYR,0.336333
2018-07-20,ZAR,0.101613
2018-07-23,USD,1.363861
2018-07-23,EUR,1.597900
2018-07-23,GBP,1.791970
2018-07-23,JPY,0.012275
2018-07-23,CHF,1.375840
2018-07-23,CNY,0.200973
2018-07-23,HKD,0.173783
2018-07-23,MYR,0.335679
2018-07-23,ZAR,0.101002
2018-07-24,USD,1.364001
2018-07-24,EUR,1.596700
2018-07-24,GBP,1.790464
2018-07-24,JPY,0.012277
2018-07-24,CHF,1.373387
2018-07-24,CNY,0.200689
2018-07-24,HKD,0.173845
2018-07-24,MYR,0.335794
2018-07-24,ZAR,0.102326
2018-07-25,USD,1.362789
2018-07-25,EUR,1.593100
2018-07-25,GBP,1.792921
2018-07-25,JPY,0.012273
2018-07-25,CHF,1.373599
2018-07-25,CNY,0.201538
2018-07-25,HKD,0.173703
2018-07-25,MYR,0.336033
2018-07-25,ZAR,0.103163
2018-07-26,USD,1.360789
2018-07-26,EUR,1.594300
2018-07-26,GBP,1.794171
2018-07-26,JPY,0.012272
2018-07-26,CHF,1.372503
2018-07-26,CNY,0.200632
2018-07-26,HKD,0.173390
2018-07-26,MYR,0.334937
2018-07-26,ZAR,0.103152
2018-07-27,USD,1.364301
2018-07-27,EUR,1.586000
2018-07-27,GBP,1.785574
2018-07-27,JPY,0.012271
2018-07-27,CHF,1.367595
2018-07-27,CNY,0.199612
2018-07-27,HKD,0.173825
2018-07-27,MYR,0.335661
2018-07-27,ZAR,0.103009
2018-07-30,USD,1.362034
2018-07-30,EUR,1.591400
2018-07-30,GBP,1.786685
2018-07-30,JPY,0.012261
2018-07-30,CHF,1.372133
2018-07-30,CNY,0.199644
2018-07-30,HKD,0.173552
2018-07-30,MYR,0.335682
2018-07-30,ZAR,0.103333
2018-07-31,USD,1.361282
2018-07-31,EUR,1.597600
2018-07-31,GBP,1.790630
2018-07-31,JPY,0.012210
2018-07-31,CHF,1.378192
2018-07-31,CNY,0.199257
2018-07-31,HKD,0.173437
2018-07-31,MYR,0.335412
2018-07-31,ZAR,0.103959
2018-08-01,USD,1.361320
2018-08-01,EUR,1.592200
2018-08-01,GBP,1.788185
2018-08-01,JPY,0.012172
2018-08-01,CHF,1.373889
2018-08-01,CNY,0.200229
2018-08-01,HKD,0.173429
2018-08-01,MYR,0.334805
2018-08-01,ZAR,0.102627
2018-08-02,USD,1.366704
2018-08-02,EUR,1.587700
2018-08-02,GBP,1.781031
2018-08-02,JPY,0.012267
2018-08-02,CHF,1.374632
2018-08-02,CNY,0.199665
2018-08-02,HKD,0.174119
2018-08-02,MYR,0.335304
2018-08-02,ZAR,0.101634
2018-08-03,USD,1.366759
2018-08-03,EUR,1.583800
2018-08-03,GBP,1.778551
2018-08-03,JPY,0.012249
2018-08-03,CHF,1.373872
2018-08-03,CNY,0.199987
2018-08-03,HKD,0.174130
2018-08-03,MYR,0.335807
2018-08-03,ZAR,0.102267
2018-08-06,USD,1.368708
2018-08-06,EUR,1.579900
2018-08-06,GBP,1.769601
2018-08-06,JPY,0.012278
2018-08-06,CHF,1.372275
2018-08-06,CNY,0.199820
2018-08-06,HKD,0.174372
2018-08-06,MYR,0.335506
2018-08-06,ZAR,0.101951
2018-08-07,USD,1.363730
2018-08-07,EUR,1.582200
2018-08-07,GBP,1.768157
2018-08-07,JPY,0.012277
2018-08-07,CHF,1.372246
2018-08-07,CNY,0.199846
2018-08-07,HKD,0.173744
2018-08-07,MYR,0.334531
2018-08-07,ZAR,0.102624
2018-08-08,USD,1.364570
2018-08-08,EUR,1.581400
2018-08-08,GBP,1.755453
2018-08-08,JPY,0.012286
2018-08-08,CHF,1.369889
2018-08-08,CNY,0.199594
2018-08-08,HKD,0.173836
2018-08-08,MYR,0.335128
2018-08-08,ZAR,0.101628
2018-08-09,USD,1.363323
2018-08-09,EUR,1.580500
2018-08-09,GBP,1.757283
2018-08-09,JPY,0.012267
2018-08-09,CHF,1.372915
2018-08-09,CNY,0.199929
2018-08-09,HKD,0.173676
2018-08-09,MYR,0.334519
2018-08-09,ZAR,0.101023
2018-08-10,USD,1.371159
2018-08-10,EUR,1.570800
2018-08-10,GBP,1.751659
2018-08-10,JPY,0.012362
2018-08-10,CHF,1.378983
2018-08-10,CNY,0.200184
2018-08-10,HKD,0.174673
2018-08-10,MYR,0.335576
2018-08-10,ZAR,0.098624
2018-08-13,USD,1.375866
2018-08-13,EUR,1.568900
2018-08-13,GBP,1.756297
2018-08-13,JPY,0.012441
2018-08-13,CHF,1.383754
2018-08-13,CNY,0.199766
2018-08-13,HKD,0.175275
2018-08-13,MYR,0.336190
2018-08-13,ZAR,0.095769
2018-08-14,USD,1.373751
2018-08-14,EUR,1.566900
2018-08-14,GBP,1.754647
2018-08-14,JPY,0.012394
2018-08-14,CHF,1.386883
2018-08-14,CNY,0.199636
2018-08-14,HKD,0.175000
2018-08-14,MYR,0.336072
2018-08-14,ZAR,0.096815
2018-08-15,USD,1.380355
2018-08-15,EUR,1.562700
2018-08-15,GBP,1.753282
2018-08-15,JPY,0.012435
2018-08-15,CHF,1.384268
2018-08-15,CNY,0.199584
2018-08-15,HKD,0.175843
2018-08-15,MYR,0.336383
2018-08-15,ZAR,0.094304
2018-08-16,USD,1.376253
2018-08-16,EUR,1.564800
2018-08-16,GBP,1.748419
2018-08-16,JPY,0.012417
2018-08-16,CHF,1.384901
2018-08-16,CNY,0.199602
2018-08-16,HKD,0.175328
2018-08-16,MYR,0.335866
2018-08-16,ZAR,0.094359
2018-08-17,USD,1.373979
2018-08-17,EUR,1.565100
2018-08-17,GBP,1.747251
2018-08-17,JPY,0.012446
2018-08-17,CHF,1.380402
2018-08-17,CNY,0.199579
2018-08-17,HKD,0.175044
2018-08-17,MYR,0.334344
2018-08-17,ZAR,0.092083
2018-08-20,USD,1.371716
2018-08-20,EUR,1.566500
2018-08-20,GBP,1.750710
2018-08-20,JPY,0.012408
2018-08-20,CHF,1.378233
2018-08-20,CNY,0.199934
2018-08-20,HKD,0.174745
2018-08-20,MYR,0.334522
2018-08-20,ZAR,0.094050
2018-08-21,USD,1.368110
2018-08-21,EUR,1.573600
2018-08-21,GBP,1.753510
2018-08-21,JPY,0.012390
2018-08-21,CHF,1.383750
2018-08-21,CNY,0.199827
2018-08-21,HKD,0.174283
2018-08-21,MYR,0.333644
2018-08-21,ZAR,0.094712
2018-08-22,USD,1.365358
2018-08-22,EUR,1.586000
2018-08-22,GBP,1.763633
2018-08-22,JPY,0.012383
2018-08-22,CHF,1.391106
2018-08-22,CNY,0.199572
2018-08-22,HKD,0.173934
2018-08-22,MYR,0.332809
2018-08-22,ZAR,0.095656
2018-08-23,USD,1.370066
2018-08-23,EUR,1.586400
2018-08-23,GBP,1.765059
2018-08-23,JPY,0.012364
2018-08-23,CHF,1.393657
2018-08-23,CNY,0.199189
2018-08-23,HKD,0.174531
2018-08-23,MYR,0.333754
2018-08-23,ZAR,0.096318
2018-08-24,USD,1.368916
2018-08-24,EUR,1.586300
2018-08-24,GBP,1.758647
2018-08-24,JPY,0.012300
2018-08-24,CHF,1.391735
2018-08-24,CNY,0.199972
2018-08-24,HKD,0.174386
2018-08-24,MYR,0.333958
2018-08-24,ZAR,0.096064
2018-08-27,USD,1.365426
2018-08-27,EUR,1.588400
2018-08-27,GBP,1.757760
2018-08-27,JPY,0.012298
2018-08-27,CHF,1.389919
2018-08-27,CNY,0.200060
2018-08-27,HKD,0.173942
2018-08-27,MYR,0.332461
2018-08-27,ZAR,0.095420
2018-08-28,USD,1.361657
2018-08-28,EUR,1.594500
2018-08-28,GBP,1.758381
2018-08-28,JPY,0.012263
2018-08-28,CHF,1.395379
2018-08-28,CNY,0.200211
2018-08-28,HKD,0.173462
2018-08-28,MYR,0.332395
2018-08-28,ZAR,0.096116
2018-08-29,USD,1.367153
2018-08-29,EUR,1.594100
2018-08-29,GBP,1.761436
2018-08-29,JPY,0.012288
2018-08-29,CHF,1.400176
2018-08-29,CNY,0.200198
2018-08-29,HKD,0.174173
2018-08-29,MYR,0.331579
2018-08-29,ZAR,0.094788
2018-08-30,USD,1.365720
2018-08-30,EUR,1.596800
2018-08-30,GBP,1.779006
2018-08-30,JPY,0.012253
2018-08-30,CHF,1.408237
2018-08-30,CNY,0.199882
2018-08-30,HKD,0.173995
2018-08-30,MYR,0.332334
2018-08-30,ZAR,0.093874
2018-08-31,USD,1.370269
2018-08-31,EUR,1.596500
2018-08-31,GBP,1.779028
2018-08-31,JPY,0.012371
2018-08-31,CHF,1.415211
2018-08-31,CNY,0.200404
2018-08-31,HKD,0.174571
2018-08-31,MYR,0.332833
2018-08-31,ZAR,0.092967
2018-09-03,USD,1.371781
2018-09-03,EUR,1.592500
2018-09-03,GBP,1.766344
2018-09-03,JPY,0.012342
2018-09-03,CHF,1.413294
2018-09-03,CNY,0.201025
2018-09-03,HKD,0.174752
2018-09-03,MYR,0.332408
2018-09-03,ZAR,0.092184
2018-09-04,USD,1.376146
2018-09-04,EUR,1.591100
2018-09-04,GBP,1.766750
2018-09-04,JPY,0.012372
2018-09-04,CHF,1.412930
2018-09-04,CNY,0.201204
2018-09-04,HKD,0.175312
2018-09-04,MYR,0.332442
2018-09-04,ZAR,0.090302
2018-09-05,USD,1.378432
2018-09-05,EUR,1.596500
2018-09-05,GBP,1.767448
2018-09-05,JPY,0.012360
2018-09-05,CHF,1.414334
2018-09-05,CNY,0.201762
2018-09-05,HKD,0.175607
2018-09-05,MYR,0.331996
2018-09-05,ZAR,0.088741
2018-09-06,USD,1.375279
2018-09-06,EUR,1.600000
2018-09-06,GBP,1.781261
2018-09-06,JPY,0.012350
2018-09-06,CHF,1.419069
2018-09-06,CNY,0.201382
2018-09-06,HKD,0.175200
2018-09-06,MYR,0.332502
2018-09-06,ZAR,0.089770
2018-09-07,USD,1.375463
2018-09-07,EUR,1.597600
2018-09-07,GBP,1.789527
2018-09-07,JPY,0.012410
2018-09-07,CHF,1.424267
2018-09-07,CNY,0.201017
2018-09-07,HKD,0.175223
2018-09-07,MYR,0.331693
2018-09-07,ZAR,0.091016
2018-09-10,USD,1.379829
2018-09-10,EUR,1.596600
2018-09-10,GBP,1.787105
2018-09-10,JPY,0.012421
2018-09-10,CHF,1.417059
2018-09-10,CNY,0.201050
2018-09-10,HKD,0.175777
2018-09-10,MYR,0.332480
2018-09-10,ZAR,0.090958
2018-09-11,USD,1.377657
2018-09-11,EUR,1.594500
2018-09-11,GBP,1.790205
2018-09-11,JPY,0.012378
2018-09-11,CHF,1.414065
2018-09-11,CNY,0.200569
2018-09-11,HKD,0.175509
2018-09-11,MYR,0.331883
2018-09-11,ZAR,0.091283
2018-09-12,USD,1.376349
2018-09-12,EUR,1.594500
2018-09-12,GBP,1.791010
2018-09-12,JPY,0.012348
2018-09-12,CHF,1.413940
2018-09-12,CNY,0.200344
2018-09-12,HKD,0.175347
2018-09-12,MYR,0.331932
2018-09-12,ZAR,0.091445
2018-09-13,USD,1.371601
2018-09-13,EUR,1.593800
2018-09-13,GBP,1.790787
2018-09-13,JPY,0.012290
2018-09-13,CHF,1.414825
2018-09-13,CNY,0.200372
2018-09-13,HKD,0.174751
2018-09-13,MYR,0.330945
2018-09-13,ZAR,0.092909
2018-09-14,USD,1.369835
2018-09-14,EUR,1.601200
2018-09-14,GBP,1.794504
2018-09-14,JPY,0.012246
2018-09-14,CHF,1.420259
2018-09-14,CNY,0.199850
2018-09-14,HKD,0.174565
2018-09-14,MYR,0.330997
2018-09-14,ZAR,0.092374
2018-09-17,USD,1.372376
2018-09-17,EUR,1.601700
2018-09-17,GBP,1.802194
2018-09-17,JPY,0.012246
2018-09-17,CHF,1.425507
2018-09-17,CNY,0.199865
2018-09-17,HKD,0.174898
2018-09-17,MYR,0.331615
2018-09-17,ZAR,0.091675
2018-09-18,USD,1.370522
2018-09-18,EUR,1.603100
2018-09-18,GBP,1.801985
2018-09-18,JPY,0.012218
2018-09-18,CHF,1.425611
2018-09-18,CNY,0.199597
2018-09-18,HKD,0.174715
2018-09-18,MYR,0.330843
2018-09-18,ZAR,0.091827
2018-09-19,USD,1.370789
2018-09-19,EUR,1.599300
2018-09-19,GBP,1.800750
2018-09-19,JPY,0.012214
2018-09-19,CHF,1.414809
2018-09-19,CNY,0.199955
2018-09-19,HKD,0.174758
2018-09-19,MYR,0.330871
2018-09-19,ZAR,0.093524
2018-09-20,USD,1.364942
2018-09-20,EUR,1.606400
2018-09-20,GBP,1.813297
2018-09-20,JPY,0.012172
2018-09-20,CHF,1.420085
2018-09-20,CNY,0.199407
2018-09-20,HKD,0.174017
2018-09-20,MYR,0.329897
2018-09-20,ZAR,0.094329
2018-09-21,USD,1.364232
2018-09-21,EUR,1.604200
2018-09-21,GBP,1.794407
2018-09-21,JPY,0.012113
2018-09-21,CHF,1.428750
2018-09-21,CNY,0.199272
2018-09-21,HKD,0.174673
2018-09-21,MYR,0.330320
2018-09-21,ZAR,0.094969
2018-09-24,USD,1.364223
2018-09-24,EUR,1.606100
2018-09-24,GBP,1.795368
2018-09-24,JPY,0.012116
2018-09-24,CHF,1.422586
2018-09-24,CNY,0.198950
2018-09-24,HKD,0.174688
2018-09-24,MYR,0.330398
2018-09-24,ZAR,0.095835
2018-09-25,USD,1.365628
2018-09-25,EUR,1.608300
2018-09-25,GBP,1.798490
2018-09-25,JPY,0.012113
2018-09-25,CHF,1.413766
2018-09-25,CNY,0.198659
2018-09-25,HKD,0.174865
2018-09-25,MYR,0.330436
2018-09-25,ZAR,0.095000
2018-09-26,USD,1.365511
2018-09-26,EUR,1.602700
2018-09-26,GBP,1.799169
2018-09-26,JPY,0.012086
2018-09-26,CHF,1.409711
2018-09-26,CNY,0.198637
2018-09-26,HKD,0.174822
2018-09-26,MYR,0.329753
2018-09-26,ZAR,0.095497
2018-09-27,USD,1.364654
2018-09-27,EUR,1.597600
2018-09-27,GBP,1.795601
2018-09-27,JPY,0.012089
2018-09-27,CHF,1.404978
2018-09-27,CNY,0.198336
2018-09-27,HKD,0.174643
2018-09-27,MYR,0.330096
2018-09-27,ZAR,0.096735
2018-09-28,USD,1.368262
2018-09-28,EUR,1.583900
2018-09-28,GBP,1.785078
2018-09-28,JPY,0.012070
2018-09-28,CHF,1.399700
2018-09-28,CNY,0.198828
2018-09-28,HKD,0.174864
2018-09-28,MYR,0.330737
2018-09-28,ZAR,0.096317
2018-10-01,USD,1.370240
2018-10-01,EUR,1.590300
2018-10-01,GBP,1.785289
2018-10-01,JPY,0.012025
2018-10-01,CHF,1.393289
2018-10-01,CNY,0.199486
2018-10-01,HKD,0.175051
2018-10-01,MYR,0.330975
2018-10-01,ZAR,0.096777
2018-10-02,USD,1.374166
2018-10-02,EUR,1.586200
2018-10-02,GBP,1.781387
2018-10-02,JPY,0.012066
2018-10-02,CHF,1.397041
2018-10-02,CNY,0.200058
2018-10-02,HKD,0.175383
2018-10-02,MYR,0.331806
2018-10-02,ZAR,0.095547
2018-10-03,USD,1.375996
2018-10-03,EUR,1.589000
2018-10-03,GBP,1.787502
2018-10-03,JPY,0.012086
2018-10-03,CHF,1.392394
2018-10-03,CNY,0.200325
2018-10-03,HKD,0.175584
2018-10-03,MYR,0.332364
2018-10-03,ZAR,0.095705
2018-10-04,USD,1.379760
2018-10-04,EUR,1.587000
2018-10-04,GBP,1.791601
2018-10-04,JPY,0.012086
2018-10-04,CHF,1.391007
2018-10-04,CNY,0.200871
2018-10-04,HKD,0.176110
2018-10-04,MYR,0.332711
2018-10-04,ZAR,0.094009
2018-10-05,USD,1.381019
2018-10-05,EUR,1.589000
2018-10-05,GBP,1.802303
2018-10-05,JPY,0.012127
2018-10-05,CHF,1.389836
2018-10-05,CNY,0.201055
2018-10-05,HKD,0.176287
2018-10-05,MYR,0.332775
2018-10-05,ZAR,0.093606
2018-10-08,USD,1.384736
2018-10-08,EUR,1.589400
2018-10-08,GBP,1.805931
2018-10-08,JPY,0.012216
2018-10-08,CHF,1.394700
2018-10-08,CNY,0.199919
2018-10-08,HKD,0.176848
2018-10-08,MYR,0.333312
2018-10-08,ZAR,0.093160
2018-10-09,USD,1.386882
2018-10-09,EUR,1.585900
2018-10-09,GBP,1.808736
2018-10-09,JPY,0.012251
2018-10-09,CHF,1.393463
2018-10-09,CNY,0.200278
2018-10-09,HKD,0.177018
2018-10-09,MYR,0.333586
2018-10-09,ZAR,0.092298
2018-10-10,USD,1.382957
2018-10-10,EUR,1.590400
2018-10-10,GBP,1.818681
2018-10-10,JPY,0.012212
2018-10-10,CHF,1.393621
2018-10-10,CNY,0.199746
2018-10-10,HKD,0.176464
2018-10-10,MYR,0.332998
2018-10-10,ZAR,0.094530
2018-10-11,USD,1.379611
2018-10-11,EUR,1.596900
2018-10-11,GBP,1.825237
2018-10-11,JPY,0.012284
2018-10-11,CHF,1.397113
2018-10-11,CNY,0.199657
2018-10-11,HKD,0.176019
2018-10-11,MYR,0.331720
2018-10-11,ZAR,0.094515
2018-10-12,USD,1.376534
2018-10-12,EUR,1.593200
2018-10-12,GBP,1.817891
2018-10-12,JPY,0.012256
2018-10-12,CHF,1.389015
2018-10-12,CNY,0.199043
2018-10-12,HKD,0.175664
2018-10-12,MYR,0.331337
2018-10-12,ZAR,0.095401
2018-10-15,USD,1.376824
2018-10-15,EUR,1.594500
2018-10-15,GBP,1.811006
2018-10-15,JPY,0.012310
2018-10-15,CHF,1.395257
2018-10-15,CNY,0.198977
2018-10-15,HKD,0.175670
2018-10-15,MYR,0.331283
2018-10-15,ZAR,0.095405
2018-10-16,USD,1.374385
2018-10-16,EUR,1.592500
2018-10-16,GBP,1.818068
2018-10-16,JPY,0.012258
2018-10-16,CHF,1.391559
2018-10-16,CNY,0.198826
2018-10-16,HKD,0.175374
2018-10-16,MYR,0.331198
2018-10-16,ZAR,0.096478
2018-10-17,USD,1.376149
2018-10-17,EUR,1.586700
2018-10-17,GBP,1.804196
2018-10-17,JPY,0.012259
2018-10-17,CHF,1.385401
2018-10-17,CNY,0.198618
2018-10-17,HKD,0.175572
2018-10-17,MYR,0.331384
2018-10-17,ZAR,0.096473
2018-10-18,USD,1.378792
2018-10-18,EUR,1.586300
2018-10-18,GBP,1.805835
2018-10-18,JPY,0.012255
2018-10-18,CHF,1.385294
2018-10-18,CNY,0.198697
2018-10-18,HKD,0.175880
2018-10-18,MYR,0.331716
2018-10-18,ZAR,0.096664
2018-10-19,USD,1.377507
2018-10-19,EUR,1.580000
2018-10-19,GBP,1.795047
2018-10-19,JPY,0.012243
2018-10-19,CHF,1.383417
2018-10-19,CNY,0.198770
2018-10-19,HKD,0.175722
2018-10-19,MYR,0.331369
2018-10-19,ZAR,0.096049
2018-10-22,USD,1.379415
2018-10-22,EUR,1.585500
2018-10-22,GBP,1.793045
2018-10-22,JPY,0.012231
2018-10-22,CHF,1.383991
2018-10-22,CNY,0.198682
2018-10-22,HKD,0.175957
2018-10-22,MYR,0.331715
2018-10-22,ZAR,0.096530
2018-10-23,USD,1.378463
2018-10-23,EUR,1.582200
2018-10-23,GBP,1.795853
2018-10-23,JPY,0.012288
2018-10-23,CHF,1.384979
2018-10-23,CNY,0.198736
2018-10-23,HKD,0.175820
2018-10-23,MYR,0.331157
2018-10-23,ZAR,0.096031
2018-10-24,USD,1.380630
2018-10-24,EUR,1.572400
2018-10-24,GBP,1.782100
2018-10-24,JPY,0.012249
2018-10-24,CHF,1.382573
2018-10-24,CNY,0.198811
2018-10-24,HKD,0.176065
2018-10-24,MYR,0.331366
2018-10-24,ZAR,0.096198
2018-10-25,USD,1.379117
2018-10-25,EUR,1.574400
2018-10-25,GBP,1.778320
2018-10-25,JPY,0.012274
2018-10-25,CHF,1.380205
2018-10-25,CNY,0.198597
2018-10-25,HKD,0.175907
2018-10-25,MYR,0.330763
2018-10-25,ZAR,0.095236
2018-10-26,USD,1.384310
2018-10-26,EUR,1.570500
2018-10-26,GBP,1.770974
2018-10-26,JPY,0.012353
2018-10-26,CHF,1.381631
2018-10-26,CNY,0.199300
2018-10-26,HKD,0.176560
2018-10-26,MYR,0.330646
2018-10-26,ZAR,0.094046
2018-10-29,USD,1.382743
2018-10-29,EUR,1.573700
2018-10-29,GBP,1.772424
2018-10-29,JPY,0.012302
2018-10-29,CHF,1.382379
2018-10-29,CNY,0.198712
2018-10-29,HKD,0.176285
2018-10-29,MYR,0.331040
2018-10-29,ZAR,0.095514
2018-10-30,USD,1.384013
2018-10-30,EUR,1.573900
2018-10-30,GBP,1.765491
2018-10-30,JPY,0.012269
2018-10-30,CHF,1.382312
2018-10-30,CNY,0.198717
2018-10-30,HKD,0.176389
2018-10-30,MYR,0.330943
2018-10-30,ZAR,0.094647
2018-10-31,USD,1.386817
2018-10-31,EUR,1.569600
2018-10-31,GBP,1.766116
2018-10-31,JPY,0.012248
2018-10-31,CHF,1.376963
2018-10-31,CNY,0.198847
2018-10-31,HKD,0.176783
2018-10-31,MYR,0.331419
2018-10-31,ZAR,0.093461
2018-11-01,USD,1.378127
2018-11-01,EUR,1.570100
2018-11-01,GBP,1.780704
2018-11-01,JPY,0.012217
2018-11-01,CHF,1.373666
2018-11-01,CNY,0.198631
2018-11-01,HKD,0.175837
2018-11-01,MYR,0.329341
2018-11-01,ZAR,0.094572
2018-11-02,USD,1.373916
2018-11-02,EUR,1.568600
2018-11-02,GBP,1.785137
2018-11-02,JPY,0.012170
2018-11-02,CHF,1.373315
2018-11-02,CNY,0.199283
2018-11-02,HKD,0.175476
2018-11-02,MYR,0.330350
2018-11-02,ZAR,0.095810
2018-11-05,USD,1.376517
2018-11-05,EUR,1.565100
2018-11-05,GBP,1.787971
2018-11-05,JPY,0.012150
2018-11-05,CHF,1.368453
2018-11-05,CNY,0.198667
2018-11-05,HKD,0.175761
2018-11-05,MYR,0.329668
2018-11-05,ZAR,0.095883
2018-11-06,USD,1.373206
2018-11-06,EUR,1.569300
2018-11-06,GBP,1.797327
2018-11-06,JPY,0.012136
2018-11-06,CHF,1.369372
2018-11-06,CNY,0.198608
2018-11-06,HKD,0.175321
2018-11-06,MYR,0.329657
2018-11-06,ZAR,0.096661
2018-11-07,USD,1.369287
2018-11-07,EUR,1.572900
2018-11-07,GBP,1.799595
2018-11-07,JPY,0.012097
2018-11-07,CHF,1.374432
2018-11-07,CNY,0.198033
2018-11-07,HKD,0.174893
2018-11-07,MYR,0.329514
2018-11-07,ZAR,0.098174
2018-11-08,USD,1.371061
2018-11-08,EUR,1.566300
2018-11-08,GBP,1.796978
2018-11-08,JPY,0.012058
2018-11-08,CHF,1.367231
2018-11-08,CNY,0.197785
2018-11-08,HKD,0.175174
2018-11-08,MYR,0.329311
2018-11-08,ZAR,0.098145
2018-11-09,USD,1.377314
2018-11-09,EUR,1.562700
2018-11-09,GBP,1.795113
2018-11-09,JPY,0.012090
2018-11-09,CHF,1.369108
2018-11-09,CNY,0.198181
2018-11-09,HKD,0.175895
2018-11-09,MYR,0.329690
2018-11-09,ZAR,0.096532
2018-11-12,USD,1.381269
2018-11-12,EUR,1.556000
2018-11-12,GBP,1.777006
2018-11-12,JPY,0.012137
2018-11-12,CHF,1.368754
2018-11-12,CNY,0.198350
2018-11-12,HKD,0.176333
2018-11-12,MYR,0.330130
2018-11-12,ZAR,0.096138
2018-11-13,USD,1.381671
2018-11-13,EUR,1.555900
2018-11-13,GBP,1.789522
2018-11-13,JPY,0.012125
2018-11-13,CHF,1.368666
2018-11-13,CNY,0.198573
2018-11-13,HKD,0.176484
2018-11-13,MYR,0.329437
2018-11-13,ZAR,0.095745
2018-11-14,USD,1.380046
2018-11-14,EUR,1.558900
2018-11-14,GBP,1.790851
2018-11-14,JPY,0.012118
2018-11-14,CHF,1.368056
2018-11-14,CNY,0.198477
2018-11-14,HKD,0.176201
2018-11-14,MYR,0.328404
2018-11-14,ZAR,0.096214
2018-11-15,USD,1.377267
2018-11-15,EUR,1.557000
2018-11-15,GBP,1.761910
2018-11-15,JPY,0.012149
2018-11-15,CHF,1.369996
2018-11-15,CNY,0.198475
2018-11-15,HKD,0.175817
2018-11-15,MYR,0.328772
2018-11-15,ZAR,0.096565
2018-11-16,USD,1.375992
2018-11-16,EUR,1.561200
2018-11-16,GBP,1.767063
2018-11-16,JPY,0.012162
2018-11-16,CHF,1.365760
2018-11-16,CNY,0.197974
2018-11-16,HKD,0.175676
2018-11-16,MYR,0.328245
2018-11-16,ZAR,0.096858
2018-11-19,USD,1.372539
2018-11-19,EUR,1.568400
2018-11-19,GBP,1.760605
2018-11-19,JPY,0.012169
2018-11-19,CHF,1.376876
2018-11-19,CNY,0.197658
2018-11-19,HKD,0.175258
2018-11-19,MYR,0.327788
2018-11-19,ZAR,0.097950
2018-11-20,USD,1.372472
2018-11-20,EUR,1.567500
2018-11-20,GBP,1.763058
2018-11-20,JPY,0.012214
2018-11-20,CHF,1.383739
2018-11-20,CNY,0.197670
2018-11-20,HKD,0.175247
2018-11-20,MYR,0.327908
2018-11-20,ZAR,0.097585
2018-11-21,USD,1.372864
2018-11-21,EUR,1.566300
2018-11-21,GBP,1.757755
2018-11-21,JPY,0.012138
2018-11-21,CHF,1.381095
2018-11-21,CNY,0.197963
2018-11-21,HKD,0.175278
2018-11-21,MYR,0.328124
2018-11-21,ZAR,0.098497
2018-11-22,USD,1.372621
2018-11-22,EUR,1.565200
2018-11-22,GBP,1.766631
2018-11-22,JPY,0.012152
2018-11-22,CHF,1.378909
2018-11-22,CNY,0.197996
2018-11-22,HKD,0.175276
2018-11-22,MYR,0.327441
2018-11-22,ZAR,0.099668
2018-11-23,USD,1.374648
2018-11-23,EUR,1.560500
2018-11-23,GBP,1.763675
2018-11-23,JPY,0.012185
2018-11-23,CHF,1.379021
2018-11-23,CNY,0.197867
2018-11-23,HKD,0.175659
2018-11-23,MYR,0.327595
2018-11-23,ZAR,0.099075
2018-11-26,USD,1.373229
2018-11-26,EUR,1.560400
2018-11-26,GBP,1.764360
2018-11-26,JPY,0.012124
2018-11-26,CHF,1.376986
2018-11-26,CNY,0.197847
2018-11-26,HKD,0.175511
2018-11-26,MYR,0.327898
2018-11-26,ZAR,0.099185
2018-11-27,USD,1.375530
2018-11-27,EUR,1.558200
2018-11-27,GBP,1.755758
2018-11-27,JPY,0.012111
2018-11-27,CHF,1.377841
2018-11-27,CNY,0.197972
2018-11-27,HKD,0.175712
2018-11-27,MYR,0.328056
2018-11-27,ZAR,0.099680
2018-11-28,USD,1.377880
2018-11-28,EUR,1.554800
2018-11-28,GBP,1.761913
2018-11-28,JPY,0.012102
2018-11-28,CHF,1.379225
2018-11-28,CNY,0.198155
2018-11-28,HKD,0.176026
2018-11-28,MYR,0.328238
2018-11-28,ZAR,0.098848
2018-11-29,USD,1.370247
2018-11-29,EUR,1.560300
2018-11-29,GBP,1.750491
2018-11-29,JPY,0.012096
2018-11-29,CHF,1.377870
2018-11-29,CNY,0.197349
2018-11-29,HKD,0.175161
2018-11-29,MYR,0.327966
2018-11-29,ZAR,0.100546
2018-11-30,USD,1.371688
2018-11-30,EUR,1.558100
2018-11-30,GBP,1.749338
2018-11-30,JPY,0.012079
2018-11-30,CHF,1.373986
2018-11-30,CNY,0.197485
2018-11-30,HKD,0.175361
2018-11-30,MYR,0.327800
2018-11-30,ZAR,0.099713
2018-12-03,USD,1.367014
2018-12-03,EUR,1.549100
2018-12-03,GBP,1.737633
2018-12-03,JPY,0.012037
2018-12-03,CHF,1.368100
2018-12-03,CNY,0.198414
2018-12-03,HKD,0.174812
2018-12-03,MYR,0.329085
2018-12-03,ZAR,0.099888
2018-12-04,USD,1.362959
2018-12-04,EUR,1.555000
2018-12-04,GBP,1.746053
2018-12-04,JPY,0.012084
2018-12-04,CHF,1.370286
2018-12-04,CNY,0.199395
2018-12-04,HKD,0.174580
2018-12-04,MYR,0.328621
2018-12-04,ZAR,0.100134
2018-12-05,USD,1.366919
2018-12-05,EUR,1.552000
2018-12-05,GBP,1.746076
2018-12-05,JPY,0.012096
2018-12-05,CHF,1.370056
2018-12-05,CNY,0.199363
2018-12-05,HKD,0.174982
2018-12-05,MYR,0.329058
2018-12-05,ZAR,0.099254
2018-12-06,USD,1.370804
2018-12-06,EUR,1.556000
2018-12-06,GBP,1.749691
2018-12-06,JPY,0.012152
2018-12-06,CHF,1.376504
2018-12-06,CNY,0.198878
2018-12-06,HKD,0.175484
2018-12-06,MYR,0.329166
2018-12-06,ZAR,0.097374
2018-12-07,USD,1.370416
2018-12-07,EUR,1.558300
2018-12-07,GBP,1.749228
2018-12-07,JPY,0.012140
2018-12-07,CHF,1.379149
2018-12-07,CNY,0.199159
2018-12-07,HKD,0.175354
2018-12-07,MYR,0.328950
2018-12-07,ZAR,0.096986
2018-12-10,USD,1.371291
2018-12-10,EUR,1.566700
2018-12-10,GBP,1.736052
2018-12-10,JPY,0.012165
2018-12-10,CHF,1.387074
2018-12-10,CNY,0.198399
2018-12-10,HKD,0.175476
2018-12-10,MYR,0.328648
2018-12-10,ZAR,0.095844
2018-12-11,USD,1.372440
2018-12-11,EUR,1.561700
2018-12-11,GBP,1.730837
2018-12-11,JPY,0.012130
2018-12-11,CHF,1.388425
2018-12-11,CNY,0.198948
2018-12-11,HKD,0.175602
2018-12-11,MYR,0.327985
2018-12-11,ZAR,0.095867
2018-12-12,USD,1.372907
2018-12-12,EUR,1.557700
2018-12-12,GBP,1.728185
2018-12-12,JPY,0.012106
2018-12-12,CHF,1.380206
2018-12-12,CNY,0.199309
2018-12-12,HKD,0.175628
2018-12-12,MYR,0.327675
2018-12-12,ZAR,0.096467
2018-12-13,USD,1.370768
2018-12-13,EUR,1.558700
2018-12-13,GBP,1.734819
2018-12-13,JPY,0.012077
2018-12-13,CHF,1.380969
2018-12-13,CNY,0.199205
2018-12-13,HKD,0.175523
2018-12-13,MYR,0.327933
2018-12-13,ZAR,0.096677
2018-12-14,USD,1.376518
2018-12-14,EUR,1.553400
2018-12-14,GBP,1.729170
2018-12-14,JPY,0.012124
2018-12-14,CHF,1.380309
2018-12-14,CNY,0.199461
2018-12-14,HKD,0.176186
2018-12-14,MYR,0.328811
2018-12-14,ZAR,0.095779
2018-12-17,USD,1.374482
2018-12-17,EUR,1.558800
2018-12-17,GBP,1.734119
2018-12-17,JPY,0.012136
2018-12-17,CHF,1.385108
2018-12-17,CNY,0.199279
2018-12-17,HKD,0.175889
2018-12-17,MYR,0.329612
2018-12-17,ZAR,0.095742
2018-12-18,USD,1.370309
2018-12-18,EUR,1.559000
2018-12-18,GBP,1.737725
2018-12-18,JPY,0.012193
2018-12-18,CHF,1.381970
2018-12-18,CNY,0.198713
2018-12-18,HKD,0.175216
2018-12-18,MYR,0.327666
2018-12-18,ZAR,0.095582
2018-12-19,USD,1.369838
2018-12-19,EUR,1.562300
2018-12-19,GBP,1.729777
2018-12-19,JPY,0.012195
2018-12-19,CHF,1.379149
2018-12-19,CNY,0.198556
2018-12-19,HKD,0.175065
2018-12-19,MYR,0.327794
2018-12-19,ZAR,0.096081
2018-12-20,USD,1.369138
2018-12-20,EUR,1.567800
2018-12-20,GBP,1.735540
2018-12-20,JPY,0.012254
2018-12-20,CHF,1.383638
2018-12-20,CNY,0.198798
2018-12-20,HKD,0.174923
2018-12-20,MYR,0.327450
2018-12-20,ZAR,0.096421
2018-12-21,USD,1.370335
2018-12-21,EUR,1.564100
2018-12-21,GBP,1.733747
2018-12-21,JPY,0.012318
2018-12-21,CHF,1.382691
2018-12-21,CNY,0.198427
2018-12-21,HKD,0.175018
2018-12-21,MYR,0.328537
2018-12-21,ZAR,0.094936
2018-12-24,USD,1.372283
2018-12-24,EUR,1.565500
2018-12-24,GBP,1.738710
2018-12-24,JPY,0.012378
2018-12-24,CHF,1.383929
2018-12-24,CNY,0.198844
2018-12-24,HKD,0.175192
2018-12-24,MYR,0.328811
2018-12-24,ZAR,0.093812
2018-12-27,USD,1.372682
2018-12-27,EUR,1.561700
2018-12-27,GBP,1.733816
2018-12-27,JPY,0.012381
2018-12-27,CHF,1.384609
2018-12-27,CNY,0.199939
2018-12-27,HKD,0.175257
2018-12-27,MYR,0.329341
2018-12-27,ZAR,0.094529
2018-12-28,USD,1.365636
2018-12-28,EUR,1.564200
2018-12-28,GBP,1.732744
2018-12-28,JPY,0.012375
2018-12-28,CHF,1.393248
2018-12-28,CNY,0.198558
2018-12-28,HKD,0.174350
2018-12-28,MYR,0.328917
2018-12-28,ZAR,0.095085
2018-12-31,USD,1.361659
2018-12-31,EUR,1.559100
2018-12-31,GBP,1.742926
2018-12-31,JPY,0.012389
2018-12-31,CHF,1.383530
2018-12-31,CNY,0.197978
2018-12-31,HKD,0.173861
2018-12-31,MYR,0.329501
2018-12-31,ZAR,0.094724
2019-01-02,USD,1.364833
2019-01-02,EUR,1.555500
2019-01-02,GBP,1.725171
2019-01-02,JPY,0.012516
2019-01-02,CHF,1.384020
2019-01-02,CNY,0.199002
2019-01-02,HKD,0.174200
2019-01-02,MYR,0.329590
2019-01-02,ZAR,0.094230
2019-01-03,USD,1.365968
2019-01-03,EUR,1.550100
2019-01-03,GBP,1.716383
2019-01-03,JPY,0.012684
2019-01-03,CHF,1.381674
2019-01-03,CNY,0.198682
2019-01-03,HKD,0.174396
2019-01-03,MYR,0.329668
2019-01-03,ZAR,0.094432
2019-01-04,USD,1.361484
2019-01-04,EUR,1.552500
2019-01-04,GBP,1.725230
2019-01-04,JPY,0.012601
2019-01-04,CHF,1.379264
2019-01-04,CNY,0.198327
2019-01-04,HKD,0.173804
2019-01-04,MYR,0.329576
2019-01-04,ZAR,0.096324
2019-01-07,USD,1.357012
2019-01-07,EUR,1.553100
2019-01-07,GBP,1.731052
2019-01-07,JPY,0.012535
2019-01-07,CHF,1.383362
2019-01-07,CNY,0.198046
2019-01-07,HKD,0.173188
2019-01-07,MYR,0.329570
2019-01-07,ZAR,0.097898
2019-01-08,USD,1.359178
2019-01-08,EUR,1.554900
2019-01-08,GBP,1.732614
2019-01-08,JPY,0.012493
2019-01-08,CHF,1.384348
2019-01-08,CNY,0.198316
2019-01-08,HKD,0.173401
2019-01-08,MYR,0.330457
2019-01-08,ZAR,0.096960
2019-01-09,USD,1.356002
2019-01-09,EUR,1.553300
2019-01-09,GBP,1.727559
2019-01-09,JPY,0.012456
2019-01-09,CHF,1.383170
2019-01-09,CNY,0.198566
2019-01-09,HKD,0.172994
2019-01-09,MYR,0.329564
2019-01-09,ZAR,0.096999
2019-01-10,USD,1.351019
2019-01-10,EUR,1.558400
2019-01-10,GBP,1.723455
2019-01-10,JPY,0.012497
2019-01-10,CHF,1.382050
2019-01-10,CNY,0.199251
2019-01-10,HKD,0.172363
2019-01-10,MYR,0.329715
2019-01-10,ZAR,0.097564
2019-01-11,USD,1.351253
2019-01-11,EUR,1.558400
2019-01-11,GBP,1.731267
2019-01-11,JPY,0.012476
2019-01-11,CHF,1.375828
2019-01-11,CNY,0.199995
2019-01-11,HKD,0.172338
2019-01-11,MYR,0.330379
2019-01-11,ZAR,0.097636
2019-01-14,USD,1.353972
2019-01-14,EUR,1.552600
2019-01-14,GBP,1.739354
2019-01-14,JPY,0.012528
2019-01-14,CHF,1.379108
2019-01-14,CNY,0.200090
2019-01-14,HKD,0.172638
2019-01-14,MYR,0.329996
2019-01-14,ZAR,0.097514
2019-01-15,USD,1.354517
2019-01-15,EUR,1.547400
2019-01-15,GBP,1.738163
2019-01-15,JPY,0.012477
2019-01-15,CHF,1.373513
2019-01-15,CNY,0.200363
2019-01-15,HKD,0.172712
2019-01-15,MYR,0.330888
2019-01-15,ZAR,0.098013
2019-01-16,USD,1.355606
2019-01-16,EUR,1.543900
2019-01-16,GBP,1.742747
2019-01-16,JPY,0.012460
2019-01-16,CHF,1.370042
2019-01-16,CNY,0.200460
2019-01-16,HKD,0.172816
2019-01-16,MYR,0.329872
2019-01-16,ZAR,0.098913
2019-01-17,USD,1.355914
2019-01-17,EUR,1.545200
2019-01-17,GBP,1.750736
2019-01-17,JPY,0.012466
2019-01-17,CHF,1.365983
2019-01-17,CNY,0.200241
2019-01-17,HKD,0.172851
2019-01-17,MYR,0.329629
2019-01-17,ZAR,0.098458
2019-01-18,USD,1.356166
2019-01-18,EUR,1.546300
2019-01-18,GBP,1.754667
2019-01-18,JPY,0.012392
2019-01-18,CHF,1.364663
2019-01-18,CNY,0.200062
2019-01-18,HKD,0.172885
2019-01-18,MYR,0.328832
2019-01-18,ZAR,0.098373
2019-01-21,USD,1.360412
2019-01-21,EUR,1.545700
2019-01-21,GBP,1.750450
2019-01-21,JPY,0.012405
2019-01-21,CHF,1.362691
2019-01-21,CNY,0.200122
2019-01-21,HKD,0.173413
2019-01-21,MYR,0.330327
2019-01-21,ZAR,0.098108
2019-01-22,USD,1.360930
2019-01-22,EUR,1.545200
2019-01-22,GBP,1.755909
2019-01-22,JPY,0.012436
2019-01-22,CHF,1.364295
2019-01-22,CNY,0.199899
2019-01-22,HKD,0.173443
2019-01-22,MYR,0.329032
2019-01-22,ZAR,0.097974
2019-01-23,USD,1.359110
2019-01-23,EUR,1.544900
2019-01-23,GBP,1.771410
2019-01-23,JPY,0.012389
2019-01-23,CHF,1.362947
2019-01-23,CNY,0.200254
2019-01-23,HKD,0.173228
2019-01-23,MYR,0.328485
2019-01-23,ZAR,0.097977
2019-01-24,USD,1.360550
2019-01-24,EUR,1.543000
2019-01-24,GBP,1.771832
2019-01-24,JPY,0.012401
2019-01-24,CHF,1.367544
2019-01-24,CNY,0.200283
2019-01-24,HKD,0.173394
2019-01-24,MYR,0.328396
2019-01-24,ZAR,0.098683
2019-01-25,USD,1.356601
2019-01-25,EUR,1.539200
2019-01-25,GBP,1.777778
2019-01-25,JPY,0.012341
2019-01-25,CHF,1.360920
2019-01-25,CNY,0.200681
2019-01-25,HKD,0.172903
2019-01-25,MYR,0.328272
2019-01-25,ZAR,0.099367
2019-01-28,USD,1.353565
2019-01-28,EUR,1.545500
2019-01-28,GBP,1.778727
2019-01-28,JPY,0.012370
2019-01-28,CHF,1.363957
2019-01-28,CNY,0.200722
2019-01-28,HKD,0.172516
2019-01-28,MYR,0.329264
2019-01-28,ZAR,0.099158
2019-01-29,USD,1.352127
2019-01-29,EUR,1.544400
2019-01-29,GBP,1.780596
2019-01-29,JPY,0.012352
2019-01-29,CHF,1.360465
2019-01-29,CNY,0.200762
2019-01-29,HKD,0.172328
2019-01-29,MYR,0.329079
2019-01-29,ZAR,0.099280
2019-01-30,USD,1.351037
2019-01-30,EUR,1.544100
2019-01-30,GBP,1.767898
2019-01-30,JPY,0.012345
2019-01-30,CHF,1.354117
2019-01-30,CNY,0.201141
2019-01-30,HKD,0.172213
2019-01-30,MYR,0.329057
2019-01-30,ZAR,0.099309
2019-01-31,USD,1.345665
2019-01-31,EUR,1.545900
2019-01-31,GBP,1.765169
2019-01-31,JPY,0.012386
2019-01-31,CHF,1.354983
2019-01-31,CNY,0.200740
2019-01-31,HKD,0.171506
2019-01-31,MYR,0.328999
2019-01-31,ZAR,0.101424
2019-02-01,USD,1.348793
2019-02-01,EUR,1.547200
2019-02-01,GBP,1.760422
2019-02-01,JPY,0.012387
2019-02-01,CHF,1.357669
2019-02-01,CNY,0.200254
2019-02-01,HKD,0.171888
2019-02-01,MYR,0.330323
2019-02-01,ZAR,0.101216
2019-02-04,USD,1.353342
2019-02-04,EUR,1.548900
2019-02-04,GBP,1.766578
2019-02-04,JPY,0.012315
2019-02-04,CHF,1.356186
2019-02-04,CNY,0.200650
2019-02-04,HKD,0.172483
2019-02-04,MYR,0.330877
2019-02-04,ZAR,0.100958
2019-02-05,USD,1.352097
2019-02-05,EUR,1.544500
2019-02-05,GBP,1.759052
2019-02-05,JPY,0.012298
2019-02-05,CHF,1.350560
2019-02-05,CNY,0.200746
2019-02-05,HKD,0.172333
2019-02-05,MYR,0.331239
2019-02-05,ZAR,0.101098
2019-02-06,USD,1.353256
2019-02-06,EUR,1.541900
2019-02-06,GBP,1.754751
2019-02-06,JPY,0.012330
2019-02-06,CHF,1.353256
2019-02-06,CNY,0.200638
2019-02-06,HKD,0.172476
2019-02-06,MYR,0.331221
2019-02-06,ZAR,0.100533
2019-02-07,USD,1.356104
2019-02-07,EUR,1.538500
2019-02-07,GBP,1.753276
2019-02-07,JPY,0.012366
2019-02-07,CHF,1.354671
2019-02-07,CNY,0.201059
2019-02-07,HKD,0.172828
2019-02-07,MYR,0.333009
2019-02-07,ZAR,0.099468
2019-02-08,USD,1.355191
2019-02-08,EUR,1.537600
2019-02-08,GBP,1.757458
2019-02-08,JPY,0.012343
2019-02-08,CHF,1.353879
2019-02-08,CNY,0.200923
2019-02-08,HKD,0.172725
2019-02-08,MYR,0.333008
2019-02-08,ZAR,0.099575
2019-02-11,USD,1.358564
2019-02-11,EUR,1.536400
2019-02-11,GBP,1.753581
2019-02-11,JPY,0.012328
2019-02-11,CHF,1.353537
2019-02-11,CNY,0.200102
2019-02-11,HKD,0.173115
2019-02-11,MYR,0.333594
2019-02-11,ZAR,0.098903
2019-02-12,USD,1.357472
2019-02-12,EUR,1.533400
2019-02-12,GBP,1.748361
2019-02-12,JPY,0.012297
2019-02-12,CHF,1.347333
2019-02-12,CNY,0.200505
2019-02-12,HKD,0.172961
2019-02-12,MYR,0.332928
2019-02-12,ZAR,0.098598
2019-02-13,USD,1.356833
2019-02-13,EUR,1.533900
2019-02-13,GBP,1.751967
2019-02-13,JPY,0.012253
2019-02-13,CHF,1.348958
2019-02-13,CNY,0.200578
2019-02-13,HKD,0.172877
2019-02-13,MYR,0.333623
2019-02-13,ZAR,0.097784
2019-02-14,USD,1.358715
2019-02-14,EUR,1.531000
2019-02-14,GBP,1.740861
2019-02-14,JPY,0.012236
2019-02-14,CHF,1.346526
2019-02-14,CNY,0.200532
2019-02-14,HKD,0.173139
2019-02-14,MYR,0.333348
2019-02-14,ZAR,0.095886
2019-02-15,USD,1.358171
2019-02-15,EUR,1.529300
2019-02-15,GBP,1.739066
2019-02-15,JPY,0.012288
2019-02-15,CHF,1.348589
2019-02-15,CNY,0.200601
2019-02-15,HKD,0.173056
2019-02-15,MYR,0.332478
2019-02-15,ZAR,0.096176
2019-02-18,USD,1.355667
2019-02-18,EUR,1.535700
2019-02-18,GBP,1.752682
2019-02-18,JPY,0.012263
2019-02-18,CHF,1.351730
2019-02-18,CNY,0.200386
2019-02-18,HKD,0.172747
2019-02-18,MYR,0.331821
2019-02-18,ZAR,0.096136
2019-02-19,USD,1.356827
2019-02-19,EUR,1.532400
2019-02-19,GBP,1.757642
2019-02-19,JPY,0.012250
2019-02-19,CHF,1.350013
2019-02-19,CNY,0.200529
2019-02-19,HKD,0.172871
2019-02-19,MYR,0.332019
2019-02-19,ZAR,0.095775
2019-02-20,USD,1.351261
2019-02-20,EUR,1.532600
2019-02-20,GBP,1.762724
2019-02-20,JPY,0.012201
2019-02-20,CHF,1.351261
2019-02-20,CNY,0.201013
2019-02-20,HKD,0.172152
2019-02-20,MYR,0.331854
2019-02-20,ZAR,0.095576
2019-02-21,USD,1.352123
2019-02-21,EUR,1.535200
2019-02-21,GBP,1.768562
2019-02-21,JPY,0.012213
2019-02-21,CHF,1.350576
2019-02-21,CNY,0.201272
2019-02-21,HKD,0.172305
2019-02-21,MYR,0.331434
2019-02-21,ZAR,0.096834
2019-02-22,USD,1.353113
2019-02-22,EUR,1.532400
2019-02-22,GBP,1.756071
2019-02-22,JPY,0.012205
2019-02-22,CHF,1.350608
2019-02-22,CNY,0.201343
2019-02-22,HKD,0.172404
2019-02-22,MYR,0.331875
2019-02-22,ZAR,0.096616
2019-02-25,USD,1.349273
2019-02-25,EUR,1.532100
2019-02-25,GBP,1.764523
2019-02-25,JPY,0.012184
2019-02-25,CHF,1.349749
2019-02-25,CNY,0.201720
2019-02-25,HKD,0.171910
2019-02-25,MYR,0.331724
2019-02-25,ZAR,0.097225
2019-02-26,USD,1.349529
2019-02-26,EUR,1.533200
2019-02-26,GBP,1.781651
2019-02-26,JPY,0.012175
2019-02-26,CHF,1.348342
2019-02-26,CNY,0.201533
2019-02-26,HKD,0.171926
2019-02-26,MYR,0.332171
2019-02-26,ZAR,0.097334
2019-02-27,USD,1.347796
2019-02-27,EUR,1.534600
2019-02-27,GBP,1.794791
2019-02-27,JPY,0.012189
2019-02-27,CHF,1.351594
2019-02-27,CNY,0.201727
2019-02-27,HKD,0.171702
2019-02-27,MYR,0.331333
2019-02-27,ZAR,0.097226
2019-02-28,USD,1.348108
2019-02-28,EUR,1.539000
2019-02-28,GBP,1.792975
2019-02-28,JPY,0.012172
2019-02-28,CHF,1.357742
2019-02-28,CNY,0.201680
2019-02-28,HKD,0.171738
2019-02-28,MYR,0.331353
2019-02-28,ZAR,0.096502
2019-03-01,USD,1.352543
2019-03-01,EUR,1.539600
2019-03-01,GBP,1.790899
2019-03-01,JPY,0.012090
2019-03-01,CHF,1.354924
2019-03-01,CNY,0.201698
2019-03-01,HKD,0.172323
2019-03-01,MYR,0.331996
2019-03-01,ZAR,0.095375
2019-03-04,USD,1.354944
2019-03-04,EUR,1.536100
2019-03-04,GBP,1.790848
2019-03-04,JPY,0.012104
2019-03-04,CHF,1.353154
2019-03-04,CNY,0.202158
2019-03-04,HKD,0.172623
2019-03-04,MYR,0.332460
2019-03-04,ZAR,0.095136
2019-03-05,USD,1.355636
2019-03-05,EUR,1.535800
2019-03-05,GBP,1.778411
2019-03-05,JPY,0.012112
2019-03-05,CHF,1.354202
2019-03-05,CNY,0.202241
2019-03-05,HKD,0.172700
2019-03-05,MYR,0.332770
2019-03-05,ZAR,0.095681
2019-03-06,USD,1.357718
2019-03-06,EUR,1.534900
2019-03-06,GBP,1.785390
2019-03-06,JPY,0.012143
2019-03-06,CHF,1.351144
2019-03-06,CNY,0.202341
2019-03-06,HKD,0.172960
2019-03-06,MYR,0.331591
2019-03-06,ZAR,0.095583
2019-03-07,USD,1.358176
2019-03-07,EUR,1.530800
2019-03-07,GBP,1.782487
2019-03-07,JPY,0.012152
2019-03-07,CHF,1.348129
2019-03-07,CNY,0.202428
2019-03-07,HKD,0.173019
2019-03-07,MYR,0.332313
2019-03-07,ZAR,0.094778
2019-03-08,USD,1.359562
2019-03-08,EUR,1.525700
2019-03-08,GBP,1.776032
2019-03-08,JPY,0.012233
2019-03-08,CHF,1.347315
2019-03-08,CNY,0.202211
2019-03-08,HKD,0.173194
2019-03-08,MYR,0.332281
2019-03-08,ZAR,0.093589
2019-03-11,USD,1.359214
2019-03-11,EUR,1.528300
2019-03-11,GBP,1.772147
2019-03-11,JPY,0.012235
2019-03-11,CHF,1.346638
2019-03-11,CNY,0.202124
2019-03-11,HKD,0.173151
2019-03-11,MYR,0.332369
2019-03-11,ZAR,0.094620
2019-03-12,USD,1.356275
2019-03-12,EUR,1.529200
2019-03-12,GBP,1.775147
2019-03-12,JPY,0.012207
2019-03-12,CHF,1.345061
2019-03-12,CNY,0.202160
2019-03-12,HKD,0.172775
2019-03-12,MYR,0.332095
2019-03-12,ZAR,0.094872
2019-03-13,USD,1.355835
2019-03-13,EUR,1.532500
2019-03-13,GBP,1.784467
2019-03-13,JPY,0.012173
2019-03-13,CHF,1.347490
2019-03-13,CNY,0.202129
2019-03-13,HKD,0.172719
2019-03-13,MYR,0.331538
2019-03-13,ZAR,0.094606
2019-03-14,USD,1.356795
2019-03-14,EUR,1.532500
2019-03-14,GBP,1.798118
2019-03-14,JPY,0.012154
2019-03-14,CHF,1.350101
2019-03-14,CNY,0.201687
2019-03-14,HKD,0.172842
2019-03-14,MYR,0.331854
2019-03-14,ZAR,0.093548
2019-03-15,USD,1.354174
2019-03-15,EUR,1.531300
2019-03-15,GBP,1.792776
2019-03-15,JPY,0.012138
2019-03-15,CHF,1.347975
2019-03-15,CNY,0.201694
2019-03-15,HKD,0.172510
2019-03-15,MYR,0.331658
2019-03-15,ZAR,0.093496
2019-03-18,USD,1.351220
2019-03-18,EUR,1.533500
2019-03-18,GBP,1.790217
2019-03-18,JPY,0.012119
2019-03-18,CHF,1.349912
2019-03-18,CNY,0.201284
2019-03-18,HKD,0.172131
2019-03-18,MYR,0.331474
2019-03-18,ZAR,0.093979
2019-03-19,USD,1.350766
2019-03-19,EUR,1.534200
2019-03-19,GBP,1.793379
2019-03-19,JPY,0.012119
2019-03-19,CHF,1.351361
2019-03-19,CNY,0.201241
2019-03-19,HKD,0.172071
2019-03-19,MYR,0.331848
2019-03-19,ZAR,0.093705
2019-03-20,USD,1.350625
2019-03-20,EUR,1.533500
2019-03-20,GBP,1.777353
2019-03-20,JPY,0.012110
2019-03-20,CHF,1.352531
2019-03-20,CNY,0.201739
2019-03-20,HKD,0.172056
2019-03-20,MYR,0.332581
2019-03-20,ZAR,0.093630
2019-03-21,USD,1.348028
2019-03-21,EUR,1.535000
2019-03-21,GBP,1.771495
2019-03-21,JPY,0.012190
2019-03-21,CHF,1.357326
2019-03-21,CNY,0.201449
2019-03-21,HKD,0.171779
2019-03-21,MYR,0.333109
2019-03-21,ZAR,0.094966
2019-03-22,USD,1.350734
2019-03-22,EUR,1.526600
2019-03-22,GBP,1.777390
2019-03-22,JPY,0.012252
2019-03-22,CHF,1.357823
2019-03-22,CNY,0.201218
2019-03-22,HKD,0.172141
2019-03-22,MYR,0.332325
2019-03-22,ZAR,0.093963
2019-03-25,USD,1.349757
2019-03-25,EUR,1.528600
2019-03-25,GBP,1.784955
2019-03-25,JPY,0.012263
2019-03-25,CHF,1.360327
2019-03-25,CNY,0.201092
2019-03-25,HKD,0.171969
2019-03-25,MYR,0.331720
2019-03-25,ZAR,0.093781
2019-03-26,USD,1.350988
2019-03-26,EUR,1.525400
2019-03-26,GBP,1.787648
2019-03-26,JPY,0.012231
2019-03-26,CHF,1.359294
2019-03-26,CNY,0.201192
2019-03-26,HKD,0.172124
2019-03-26,MYR,0.331818
2019-03-26,ZAR,0.094034
2019-03-27,USD,1.355031
2019-03-27,EUR,1.525900
2019-03-27,GBP,1.792688
2019-03-27,JPY,0.012264
2019-03-27,CHF,1.362897
2019-03-27,CNY,0.201495
2019-03-27,HKD,0.172635
2019-03-27,MYR,0.331833
2019-03-27,ZAR,0.092899
2019-03-28,USD,1.357372
2019-03-28,EUR,1.522700
2019-03-28,GBP,1.779791
2019-03-28,JPY,0.012264
2019-03-28,CHF,1.361377
2019-03-28,CNY,0.201429
2019-03-28,HKD,0.172914
2019-03-28,MYR,0.332489
2019-03-28,ZAR,0.092317
2019-03-29,USD,1.354161
2019-03-29,EUR,1.521400
2019-03-29,GBP,1.772574
2019-03-29,JPY,0.012225
2019-03-29,CHF,1.360701
2019-03-29,CNY,0.201785
2019-03-29,HKD,0.172504
2019-03-29,MYR,0.331908
2019-03-29,ZAR,0.093543
2019-04-01,USD,1.353952
2019-04-01,EUR,1.521300
2019-04-01,GBP,1.776016
2019-04-01,JPY,0.012202
2019-04-01,CHF,1.360733
2019-04-01,CNY,0.201737
2019-04-01,HKD,0.172481
2019-04-01,MYR,0.331814
2019-04-01,ZAR,0.095574
2019-04-02,USD,1.355179
2019-04-02,EUR,1.517800
2019-04-02,GBP,1.764884
2019-04-02,JPY,0.012169
2019-04-02,CHF,1.355784
2019-04-02,CNY,0.201661
2019-04-02,HKD,0.172638
2019-04-02,MYR,0.332014
2019-04-02,ZAR,0.095908
2019-04-03,USD,1.352753
2019-04-03,EUR,1.520900
2019-04-03,GBP,1.781122
2019-04-03,JPY,0.012138
2019-04-03,CHF,1.357219
2019-04-03,CNY,0.201649
2019-04-03,HKD,0.172348
2019-04-03,MYR,0.331351
2019-04-03,ZAR,0.095582
2019-04-04,USD,1.353686
2019-04-04,EUR,1.518700
2019-04-04,GBP,1.777962
2019-04-04,JPY,0.012149
2019-04-04,CHF,1.355135
2019-04-04,CNY,0.201545
2019-04-04,HKD,0.172458
2019-04-04,MYR,0.331826
2019-04-04,ZAR,0.095661
2019-04-05,USD,1.354491
2019-04-05,EUR,1.521500
2019-04-05,GBP,1.770462
2019-04-05,JPY,0.012129
2019-04-05,CHF,1.354250
2019-04-05,CNY,0.201638
2019-04-05,HKD,0.172558
2019-04-05,MYR,0.330869
2019-04-05,ZAR,0.096250
2019-04-08,USD,1.355415
2019-04-08,EUR,1.524300
2019-04-08,GBP,1.768678
2019-04-08,JPY,0.012159
2019-04-08,CHF,1.355536
2019-04-08,CNY,0.201731
2019-04-08,HKD,0.172731
2019-04-08,MYR,0.330486
2019-04-08,ZAR,0.096133
2019-04-09,USD,1.352753
2019-04-09,EUR,1.525500
2019-04-09,GBP,1.766954
2019-04-09,JPY,0.012154
2019-04-09,CHF,1.353594
2019-04-09,CNY,0.201551
2019-04-09,HKD,0.172490
2019-04-09,MYR,0.330052
2019-04-09,ZAR,0.096419
2019-04-10,USD,1.352780
2019-04-10,EUR,1.525800
2019-04-10,GBP,1.772475
2019-04-10,JPY,0.012169
2019-04-10,CHF,1.352660
2019-04-10,CNY,0.201404
2019-04-10,HKD,0.172592
2019-04-10,MYR,0.329347
2019-04-10,ZAR,0.096943
2019-04-11,USD,1.354226
2019-04-11,EUR,1.525400
2019-04-11,GBP,1.770263
2019-04-11,JPY,0.012174
2019-04-11,CHF,1.349434
2019-04-11,CNY,0.201581
2019-04-11,HKD,0.172646
2019-04-11,MYR,0.328870
2019-04-11,ZAR,0.096696
2019-04-12,USD,1.353061
2019-04-12,EUR,1.531800
2019-04-12,GBP,1.775177
2019-04-12,JPY,0.012084
2019-04-12,CHF,1.352463
2019-04-12,CNY,0.201715
2019-04-12,HKD,0.172523
2019-04-12,MYR,0.328854
2019-04-12,ZAR,0.097176
2019-04-15,USD,1.352338
2019-04-15,EUR,1.529900
2019-04-15,GBP,1.772667
2019-04-15,JPY,0.012079
2019-04-15,CHF,1.348524
2019-04-15,CNY,0.201656
2019-04-15,HKD,0.172509
2019-04-15,MYR,0.328495
2019-04-15,ZAR,0.096712
2019-04-16,USD,1.353560
2019-04-16,EUR,1.530200
2019-04-16,GBP,1.771270
2019-04-16,JPY,0.012088
2019-04-16,CHF,1.345704
2019-04-16,CNY,0.201751
2019-04-16,HKD,0.172582
2019-04-16,MYR,0.327414
2019-04-16,ZAR,0.096362
2019-04-17,USD,1.352624
2019-04-17,EUR,1.528600
2019-04-17,GBP,1.765270
2019-04-17,JPY,0.012083
2019-04-17,CHF,1.340877
2019-04-17,CNY,0.202212
2019-04-17,HKD,0.172419
2019-04-17,MYR,0.327155
2019-04-17,ZAR,0.096825
2019-04-18,USD,1.355644
2019-04-18,EUR,1.525100
2019-04-18,GBP,1.763733
2019-04-18,JPY,0.012117
2019-04-18,CHF,1.339805
2019-04-18,CNY,0.202147
2019-04-18,HKD,0.172786
2019-04-18,MYR,0.327211
2019-04-18,ZAR,0.096232
2019-04-23,USD,1.356959
2019-04-23,EUR,1.525900
2019-04-23,GBP,1.765067
2019-04-23,JPY,0.012128
2019-04-23,CHF,1.330340
2019-04-23,CNY,0.201953
2019-04-23,HKD,0.172983
2019-04-23,MYR,0.328638
2019-04-23,ZAR,0.095556
2019-04-24,USD,1.359176
2019-04-24,EUR,1.523500
2019-04-24,GBP,1.760356
2019-04-24,JPY,0.012155
2019-04-24,CHF,1.334530
2019-04-24,CNY,0.202313
2019-04-24,HKD,0.173302
2019-04-24,MYR,0.329099
2019-04-24,ZAR,0.094670
2019-04-25,USD,1.365549
2019-04-25,EUR,1.518900
2019-04-25,GBP,1.757274
2019-04-25,JPY,0.012205
2019-04-25,CHF,1.336119
2019-04-25,CNY,0.202393
2019-04-25,HKD,0.174100
2019-04-25,MYR,0.329844
2019-04-25,ZAR,0.093975
2019-04-26,USD,1.363065
2019-04-26,EUR,1.517500
2019-04-26,GBP,1.757586
2019-04-26,JPY,0.012194
2019-04-26,CHF,1.334418
2019-04-26,CNY,0.202358
2019-04-26,HKD,0.173752
2019-04-26,MYR,0.329326
2019-04-26,ZAR,0.094559
2019-04-29,USD,1.362422
2019-04-29,EUR,1.519100
2019-04-29,GBP,1.759439
2019-04-29,JPY,0.012188
2019-04-29,CHF,1.335003
2019-04-29,CNY,0.202366
2019-04-29,HKD,0.173691
2019-04-29,MYR,0.329601
2019-04-29,ZAR,0.094975
2019-04-30,USD,1.360581
2019-04-30,EUR,1.526300
2019-04-30,GBP,1.769664
2019-04-30,JPY,0.012217
2019-04-30,CHF,1.334528
2019-04-30,CNY,0.202049
2019-04-30,HKD,0.173429
2019-04-30,MYR,0.329555
2019-04-30,ZAR,0.095260
2019-05-02,USD,1.360953
2019-05-02,EUR,1.525900
2019-05-02,GBP,1.775748
2019-05-02,JPY,0.012206
2019-05-02,CHF,1.336282
2019-05-02,CNY,0.202085
2019-05-02,HKD,0.173481
2019-05-02,MYR,0.328971
2019-05-02,ZAR,0.094088
2019-05-03,USD,1.363424
2019-05-03,EUR,1.520900
2019-05-03,GBP,1.772921
2019-05-03,JPY,0.012226
2019-05-03,CHF,1.336115
2019-05-03,CNY,0.202452
2019-05-03,HKD,0.173793
2019-05-03,MYR,0.329292
2019-05-03,ZAR,0.093841
2019-05-06,USD,1.363157
2019-05-06,EUR,1.526600
2019-05-06,GBP,1.786124
2019-05-06,JPY,0.012298
2019-05-06,CHF,1.338770
2019-05-06,CNY,0.201475
2019-05-06,HKD,0.173732
2019-05-06,MYR,0.328669
2019-05-06,ZAR,0.093916
2019-05-07,USD,1.362718
2019-05-07,EUR,1.524200
2019-05-07,GBP,1.779672
2019-05-07,JPY,0.012319
2019-05-07,CHF,1.335261
2019-05-07,CNY,0.201321
2019-05-07,HKD,0.173637
2019-05-07,MYR,0.328484
2019-05-07,ZAR,0.094542
2019-05-08,USD,1.361989
2019-05-08,EUR,1.525700
2019-05-08,GBP,1.772112
2019-05-08,JPY,0.012373
2019-05-08,CHF,1.337512
2019-05-08,CNY,0.200882
2019-05-08,HKD,0.173529
2019-05-08,MYR,0.328312
2019-05-08,ZAR,0.094946
2019-05-09,USD,1.363888
2019-05-09,EUR,1.526600
2019-05-09,GBP,1.772643
2019-05-09,JPY,0.012420
2019-05-09,CHF,1.340299
2019-05-09,CNY,0.199885
2019-05-09,HKD,0.173785
2019-05-09,MYR,0.328442
2019-05-09,ZAR,0.095156
2019-05-10,USD,1.362867
2019-05-10,EUR,1.530500
2019-05-10,GBP,1.774493
2019-05-10,JPY,0.012418
2019-05-10,CHF,1.345140
2019-05-10,CNY,0.199731
2019-05-10,HKD,0.173654
2019-05-10,MYR,0.327163
2019-05-10,ZAR,0.095799
2019-05-13,USD,1.368519
2019-05-13,EUR,1.538900
2019-05-13,GBP,1.782166
2019-05-13,JPY,0.012505
2019-05-13,CHF,1.359572
2019-05-13,CNY,0.198991
2019-05-13,HKD,0.174360
2019-05-13,MYR,0.328614
2019-05-13,ZAR,0.095662
2019-05-14,USD,1.368787
2019-05-14,EUR,1.536600
2019-05-14,GBP,1.771848
2019-05-14,JPY,0.012493
2019-05-14,CHF,1.358981
2019-05-14,CNY,0.198907
2019-05-14,HKD,0.174392
2019-05-14,MYR,0.328207
2019-05-14,ZAR,0.096190
2019-05-15,USD,1.369668
2019-05-15,EUR,1.531700
2019-05-15,GBP,1.764225
2019-05-15,JPY,0.012530
2019-05-15,CHF,1.358372
2019-05-15,CNY,0.199116
2019-05-15,HKD,0.174485
2019-05-15,MYR,0.327791
2019-05-15,ZAR,0.095959
2019-05-16,USD,1.369276
2019-05-16,EUR,1.534000
2019-05-16,GBP,1.753884
2019-05-16,JPY,0.012491
2019-05-16,CHF,1.356802
2019-05-16,CNY,0.199048
2019-05-16,HKD,0.174449
2019-05-16,MYR,0.328796
2019-05-16,ZAR,0.096749
2019-05-17,USD,1.375313
2019-05-17,EUR,1.536500
2019-05-17,GBP,1.754096
2019-05-17,JPY,0.012559
2019-05-17,CHF,1.361783
2019-05-17,CNY,0.198913
2019-05-17,HKD,0.175212
2019-05-17,MYR,0.328867
2019-05-17,ZAR,0.095633
2019-05-20,USD,1.376019
2019-05-20,EUR,1.536600
2019-05-20,GBP,1.753709
2019-05-20,JPY,0.012526
2019-05-20,CHF,1.364290
2019-05-20,CNY,0.198969
2019-05-20,HKD,0.175299
2019-05-20,MYR,0.328952
2019-05-20,ZAR,0.095803
2019-05-21,USD,1.378192
2019-05-21,EUR,1.538200
2019-05-21,GBP,1.755736
2019-05-21,JPY,0.012478
2019-05-21,CHF,1.364378
2019-05-21,CNY,0.199556
2019-05-21,HKD,0.175576
2019-05-21,MYR,0.329238
2019-05-21,ZAR,0.095594
2019-05-22,USD,1.378480
2019-05-22,EUR,1.539900
2019-05-22,GBP,1.744336
2019-05-22,JPY,0.012492
2019-05-22,CHF,1.368557
2019-05-22,CNY,0.199707
2019-05-22,HKD,0.175603
2019-05-22,MYR,0.329348
2019-05-22,ZAR,0.095942
2019-05-23,USD,1.381722
2019-05-23,EUR,1.539100
2019-05-23,GBP,1.746992
2019-05-23,JPY,0.012558
2019-05-23,CHF,1.371258
2019-05-23,CNY,0.199733
2019-05-23,HKD,0.176050
2019-05-23,MYR,0.329374
2019-05-23,ZAR,0.095635
2019-05-24,USD,1.376866
2019-05-24,EUR,1.540300
2019-05-24,GBP,1.744039
2019-05-24,JPY,0.012563
2019-05-24,CHF,1.373428
2019-05-24,CNY,0.199505
2019-05-24,HKD,0.175421
2019-05-24,MYR,0.328724
2019-05-24,ZAR,0.095343
2019-05-27,USD,1.374620
2019-05-27,EUR,1.539300
2019-05-27,GBP,1.744744
2019-05-27,JPY,0.012560
2019-05-27,CHF,1.367416
2019-05-27,CNY,0.199252
2019-05-27,HKD,0.175121
2019-05-27,MYR,0.328349
2019-05-27,ZAR,0.095084
2019-05-28,USD,1.377770
2019-05-28,EUR,1.542000
2019-05-28,GBP,1.744877
2019-05-28,JPY,0.012593
2019-05-28,CHF,1.370179
2019-05-28,CNY,0.199366
2019-05-28,HKD,0.175548
2019-05-28,MYR,0.328939
2019-05-28,ZAR,0.094315
2019-05-29,USD,1.381588
2019-05-29,EUR,1.541300
2019-05-29,GBP,1.747010
2019-05-29,JPY,0.012643
2019-05-29,CHF,1.374075
2019-05-29,CNY,0.199958
2019-05-29,HKD,0.176008
2019-05-29,MYR,0.329422
2019-05-29,ZAR,0.093256
2019-05-30,USD,1.379648
2019-05-30,EUR,1.536100
2019-05-30,GBP,1.742045
2019-05-30,JPY,0.012581
2019-05-30,CHF,1.368098
2019-05-30,CNY,0.199745
2019-05-30,HKD,0.175783
2019-05-30,MYR,0.329247
2019-05-30,ZAR,0.094227
2019-05-31,USD,1.379069
2019-05-31,EUR,1.537800
2019-05-31,GBP,1.733846
2019-05-31,JPY,0.012681
2019-05-31,CHF,1.371322
2019-05-31,CNY,0.199598
2019-05-31,HKD,0.175835
2019-05-31,MYR,0.328962
2019-05-31,ZAR,0.093863
2019-06-03,USD,1.370407
2019-06-03,EUR,1.532800
2019-06-03,GBP,1.729671
2019-06-03,JPY,0.012650
2019-06-03,CHF,1.373231
2019-06-03,CNY,0.198413
2019-06-03,HKD,0.174887
2019-06-03,MYR,0.327928
2019-06-03,ZAR,0.094089
2019-06-04,USD,1.369264
2019-06-04,EUR,1.539600
2019-06-04,GBP,1.734995
2019-06-04,JPY,0.012659
2019-06-04,CHF,1.377348
2019-06-04,CNY,0.198182
2019-06-04,HKD,0.174671
2019-06-04,MYR,0.328371
2019-06-04,ZAR,0.093427
2019-06-05,USD,1.364840
2019-06-05,EUR,1.536400
2019-06-05,GBP,1.733479
2019-06-05,JPY,0.012598
2019-06-05,CHF,1.376333
2019-06-05,CNY,0.197598
2019-06-05,HKD,0.174083
2019-06-05,MYR,0.328916
2019-06-05,ZAR,0.092616
2019-06-06,USD,1.363661
2019-06-06,EUR,1.536300
2019-06-06,GBP,1.734795
2019-06-06,JPY,0.012611
2019-06-06,CHF,1.374888
2019-06-06,CNY,0.197265
2019-06-06,HKD,0.173921
2019-06-06,MYR,0.327765
2019-06-06,ZAR,0.091707
2019-06-07,USD,1.366717
2019-06-07,EUR,1.540700
2019-06-07,GBP,1.737468
2019-06-07,JPY,0.012601
2019-06-07,CHF,1.376731
2019-06-07,CNY,0.197797
2019-06-07,HKD,0.174295
2019-06-07,MYR,0.328627
2019-06-07,ZAR,0.090800
2019-06-10,USD,1.367401
2019-06-10,EUR,1.545300
2019-06-10,GBP,1.731467
2019-06-10,JPY,0.012586
2019-06-10,CHF,1.379732
2019-06-10,CNY,0.197193
2019-06-10,HKD,0.174346
2019-06-10,MYR,0.328424
2019-06-10,ZAR,0.091986
2019-06-11,USD,1.364488
2019-06-11,EUR,1.544600
2019-06-11,GBP,1.733850
2019-06-11,JPY,0.012549
2019-06-11,CHF,1.375056
2019-06-11,CNY,0.197411
2019-06-11,HKD,0.174138
2019-06-11,MYR,0.327780
2019-06-11,ZAR,0.092414
2019-06-12,USD,1.364038
2019-06-12,EUR,1.544500
2019-06-12,GBP,1.739204
2019-06-12,JPY,0.012586
2019-06-12,CHF,1.372645
2019-06-12,CNY,0.197138
2019-06-12,HKD,0.174382
2019-06-12,MYR,0.328093
2019-06-12,ZAR,0.092414
2019-06-13,USD,1.366197
2019-06-13,EUR,1.542300
2019-06-13,GBP,1.733934
2019-06-13,JPY,0.012596
2019-06-13,CHF,1.376193
2019-06-13,CNY,0.197366
2019-06-13,HKD,0.174518
2019-06-13,MYR,0.327675
2019-06-13,ZAR,0.091871
2019-06-14,USD,1.367332
2019-06-14,EUR,1.540300
2019-06-14,GBP,1.728868
2019-06-14,JPY,0.012636
2019-06-14,CHF,1.373918
2019-06-14,CNY,0.197482
2019-06-14,HKD,0.174697
2019-06-14,MYR,0.327856
2019-06-14,ZAR,0.092494
2019-06-17,USD,1.370839
2019-06-17,EUR,1.540000
2019-06-17,GBP,1.726303
2019-06-17,JPY,0.012617
2019-06-17,CHF,1.373283
2019-06-17,CNY,0.197959
2019-06-17,HKD,0.175074
2019-06-17,MYR,0.328267
2019-06-17,ZAR,0.092513
2019-06-18,USD,1.371056
2019-06-18,EUR,1.533800
2019-06-18,GBP,1.715602
2019-06-18,JPY,0.012668
2019-06-18,CHF,1.372528
2019-06-18,CNY,0.197945
2019-06-18,HKD,0.175005
2019-06-18,MYR,0.327889
2019-06-18,ZAR,0.093649
2019-06-19,USD,1.367270
2019-06-19,EUR,1.532300
2019-06-19,GBP,1.721299
2019-06-19,JPY,0.012613
2019-06-19,CHF,1.371063
2019-06-19,CNY,0.198028
2019-06-19,HKD,0.174755
2019-06-19,MYR,0.327695
2019-06-19,ZAR,0.094184
2019-06-20,USD,1.356328
2019-06-20,EUR,1.533600
2019-06-20,GBP,1.720150
2019-06-20,JPY,0.012600
2019-06-20,CHF,1.376414
2019-06-20,CNY,0.197879
2019-06-20,HKD,0.173525
2019-06-20,MYR,0.326987
2019-06-20,ZAR,0.095072
2019-06-21,USD,1.357547
2019-06-21,EUR,1.536200
2019-06-21,GBP,1.717864
2019-06-21,JPY,0.012629
2019-06-21,CHF,1.383092
2019-06-21,CNY,0.197475
2019-06-21,HKD,0.173731
2019-06-21,MYR,0.326837
2019-06-21,ZAR,0.094723
2019-06-24,USD,1.354134
2019-06-24,EUR,1.542900
2019-06-24,GBP,1.726515
2019-06-24,JPY,0.012621
2019-06-24,CHF,1.388874
2019-06-24,CNY,0.196914
2019-06-24,HKD,0.173360
2019-06-24,MYR,0.327087
2019-06-24,ZAR,0.094485
2019-06-25,USD,1.353267
2019-06-25,EUR,1.541100
2019-06-25,GBP,1.722188
2019-06-25,JPY,0.012635
2019-06-25,CHF,1.387378
2019-06-25,CNY,0.196702
2019-06-25,HKD,0.173323
2019-06-25,MYR,0.327066
2019-06-25,ZAR,0.094615
2019-06-26,USD,1.354251
2019-06-26,EUR,1.538700
2019-06-26,GBP,1.717242
2019-06-26,JPY,0.012571
2019-06-26,CHF,1.384595
2019-06-26,CNY,0.196918
2019-06-26,HKD,0.173425
2019-06-26,MYR,0.326522
2019-06-26,ZAR,0.094514
2019-06-27,USD,1.353826
2019-06-27,EUR,1.539300
2019-06-27,GBP,1.721273
2019-06-27,JPY,0.012551
2019-06-27,CHF,1.384138
2019-06-27,CNY,0.196844
2019-06-27,HKD,0.173274
2019-06-27,MYR,0.326697
2019-06-27,ZAR,0.095672
2019-06-28,USD,1.352812
2019-06-28,EUR,1.539500
2019-06-28,GBP,1.717138
2019-06-28,JPY,0.012557
2019-06-28,CHF,1.386312
2019-06-28,CNY,0.196905
2019-06-28,HKD,0.173238
2019-06-28,MYR,0.326983
2019-06-28,ZAR,0.095492
2019-07-01,USD,1.353335
2019-07-01,EUR,1.535900
2019-07-01,GBP,1.711920
2019-07-01,JPY,0.012494
2019-07-01,CHF,1.378602
2019-07-01,CNY,0.197788
2019-07-01,HKD,0.173276
2019-07-01,MYR,0.327456
2019-07-01,ZAR,0.095864
2019-07-02,USD,1.355367
2019-07-02,EUR,1.531700
2019-07-02,GBP,1.712487
2019-07-02,JPY,0.012518
2019-07-02,CHF,1.371385
2019-07-02,CNY,0.197115
2019-07-02,HKD,0.173674
2019-07-02,MYR,0.327503
2019-07-02,ZAR,0.095975
2019-07-03,USD,1.356415
2019-07-03,EUR,1.531800
2019-07-03,GBP,1.706741
2019-07-03,JPY,0.012596
2019-07-03,CHF,1.378014
2019-07-03,CNY,0.197135
2019-07-03,HKD,0.173961
2019-07-03,MYR,0.327490
2019-07-03,ZAR,0.096106
2019-07-04,USD,1.356042
2019-07-04,EUR,1.530700
2019-07-04,GBP,1.705895
2019-07-04,JPY,0.012583
2019-07-04,CHF,1.376529
2019-07-04,CNY,0.197339
2019-07-04,HKD,0.174143
2019-07-04,MYR,0.328103
2019-07-04,ZAR,0.096960
2019-07-05,USD,1.357194
2019-07-05,EUR,1.528200
2019-07-05,GBP,1.703622
2019-07-05,JPY,0.012550
2019-07-05,CHF,1.373539
2019-07-05,CNY,0.197378
2019-07-05,HKD,0.174138
2019-07-05,MYR,0.328179
2019-07-05,ZAR,0.096195
2019-07-08,USD,1.359519
2019-07-08,EUR,1.524700
2019-07-08,GBP,1.701199
2019-07-08,JPY,0.012518
2019-07-08,CHF,1.370271
2019-07-08,CNY,0.197569
2019-07-08,HKD,0.174287
2019-07-08,MYR,0.328344
2019-07-08,ZAR,0.096006
2019-07-09,USD,1.361000
2019-07-09,EUR,1.525000
2019-07-09,GBP,1.694915
2019-07-09,JPY,0.012507
2019-07-09,CHF,1.369310
2019-07-09,CNY,0.197654
2019-07-09,HKD,0.174270
2019-07-09,MYR,0.328593
2019-07-09,ZAR,0.096086
2019-07-10,USD,1.360963
2019-07-10,EUR,1.527000
2019-07-10,GBP,1.698025
2019-07-10,JPY,0.012496
2019-07-10,CHF,1.371598
2019-07-10,CNY,0.197729
2019-07-10,HKD,0.174132
2019-07-10,MYR,0.328854
2019-07-10,ZAR,0.096113
2019-07-11,USD,1.354719
2019-07-11,EUR,1.528800
2019-07-11,GBP,1.702639
2019-07-11,JPY,0.012537
2019-07-11,CHF,1.375562
2019-07-11,CNY,0.197323
2019-07-11,HKD,0.173208
2019-07-11,MYR,0.329178
2019-07-11,ZAR,0.097687
2019-07-12,USD,1.360348
2019-07-12,EUR,1.530800
2019-07-12,GBP,1.704905
2019-07-12,JPY,0.012565
2019-07-12,CHF,1.380716
2019-07-12,CNY,0.197696
2019-07-12,HKD,0.173889
2019-07-12,MYR,0.330741
2019-07-12,ZAR,0.097458
2019-07-15,USD,1.356198
2019-07-15,EUR,1.528300
2019-07-15,GBP,1.700511
2019-07-15,JPY,0.012566
2019-07-15,CHF,1.380453
2019-07-15,CNY,0.197241
2019-07-15,HKD,0.173275
2019-07-15,MYR,0.330094
2019-07-15,ZAR,0.097833
2019-07-16,USD,1.357391
2019-07-16,EUR,1.523400
2019-07-16,GBP,1.687791
2019-07-16,JPY,0.012577
2019-07-16,CHF,1.375530
2019-07-16,CNY,0.197365
2019-07-16,HKD,0.173635
2019-07-16,MYR,0.330678
2019-07-16,ZAR,0.097836
2019-07-17,USD,1.361837
2019-07-17,EUR,1.527300
2019-07-17,GBP,1.690613
2019-07-17,JPY,0.012579
2019-07-17,CHF,1.376566
2019-07-17,CNY,0.198014
2019-07-17,HKD,0.174278
2019-07-17,MYR,0.330986
2019-07-17,ZAR,0.097522
2019-07-18,USD,1.360646
2019-07-18,EUR,1.526100
2019-07-18,GBP,1.698441
2019-07-18,JPY,0.012624
2019-07-18,CHF,1.379338
2019-07-18,CNY,0.197763
2019-07-18,HKD,0.174105
2019-07-18,MYR,0.330733
2019-07-18,ZAR,0.097246
2019-07-19,USD,1.359255
2019-07-19,EUR,1.525900
2019-07-19,GBP,1.702348
2019-07-19,JPY,0.012618
2019-07-19,CHF,1.383033
2019-07-19,CNY,0.197612
2019-07-19,HKD,0.174148
2019-07-19,MYR,0.330948
2019-07-19,ZAR,0.097583
2019-07-22,USD,1.360678
2019-07-22,EUR,1.526000
2019-07-22,GBP,1.696159
2019-07-22,JPY,0.012608
2019-07-22,CHF,1.386390
2019-07-22,CNY,0.197750
2019-07-22,HKD,0.174231
2019-07-22,MYR,0.330826
2019-07-22,ZAR,0.097945
2019-07-23,USD,1.363824
2019-07-23,EUR,1.523800
2019-07-23,GBP,1.696315
2019-07-23,JPY,0.012612
2019-07-23,CHF,1.387164
2019-07-23,CNY,0.198267
2019-07-23,HKD,0.174616
2019-07-23,MYR,0.331146
2019-07-23,ZAR,0.098315
2019-07-24,USD,1.364093
2019-07-24,EUR,1.519600
2019-07-24,GBP,1.704677
2019-07-24,JPY,0.012620
2019-07-24,CHF,1.383719
2019-07-24,CNY,0.198412
2019-07-24,HKD,0.174590
2019-07-24,MYR,0.331566
2019-07-24,ZAR,0.098036
2019-07-25,USD,1.365632
2019-07-25,EUR,1.517900
2019-07-25,GBP,1.706215
2019-07-25,JPY,0.012633
2019-07-25,CHF,1.381290
2019-07-25,CNY,0.198696
2019-07-25,HKD,0.174771
2019-07-25,MYR,0.331905
2019-07-25,ZAR,0.098132
2019-07-26,USD,1.368468
2019-07-26,EUR,1.524200
2019-07-26,GBP,1.700490
2019-07-26,JPY,0.012590
2019-07-26,CHF,1.378992
2019-07-26,CNY,0.198958
2019-07-26,HKD,0.175038
2019-07-26,MYR,0.332041
2019-07-26,ZAR,0.096679
2019-07-29,USD,1.371526
2019-07-29,EUR,1.525000
2019-07-29,GBP,1.686145
2019-07-29,JPY,0.012623
2019-07-29,CHF,1.381716
2019-07-29,CNY,0.198961
2019-07-29,HKD,0.175414
2019-07-29,MYR,0.332490
2019-07-29,ZAR,0.096423
2019-07-30,USD,1.370181
2019-07-30,EUR,1.528300
2019-07-30,GBP,1.667485
2019-07-30,JPY,0.012631
2019-07-30,CHF,1.384581
2019-07-30,CNY,0.199099
2019-07-30,HKD,0.175145
2019-07-30,MYR,0.332167
2019-07-30,ZAR,0.096850
2019-07-31,USD,1.368577
2019-07-31,EUR,1.526100
2019-07-31,GBP,1.665630
2019-07-31,JPY,0.012608
2019-07-31,CHF,1.382212
2019-07-31,CNY,0.198859
2019-07-31,HKD,0.174833
2019-07-31,MYR,0.331653
2019-07-31,ZAR,0.096203
2019-08-01,USD,1.375193
2019-08-01,EUR,1.517800
2019-08-01,GBP,1.665167
2019-08-01,JPY,0.012629
2019-08-01,CHF,1.381325
2019-08-01,CNY,0.199246
2019-08-01,HKD,0.175738
2019-08-01,MYR,0.331876
2019-08-01,ZAR,0.094887
2019-08-02,USD,1.376733
2019-08-02,EUR,1.529000
2019-08-02,GBP,1.670947
2019-08-02,JPY,0.012895
2019-08-02,CHF,1.398774
2019-08-02,CNY,0.198422
2019-08-02,HKD,0.175901
2019-08-02,MYR,0.331146
2019-08-02,ZAR,0.093648
2019-08-05,USD,1.381953
2019-08-05,EUR,1.545300
2019-08-05,GBP,1.681868
2019-08-05,JPY,0.013028
2019-08-05,CHF,1.418617
2019-08-05,CNY,0.196341
2019-08-05,HKD,0.176328
2019-08-05,MYR,0.330729
2019-08-05,ZAR,0.092647
2019-08-06,USD,1.380263
2019-08-06,EUR,1.544100
2019-08-06,GBP,1.681477
2019-08-06,JPY,0.012965
2019-08-06,CHF,1.414140
2019-08-06,CNY,0.196648
2019-08-06,HKD,0.176126
2019-08-06,MYR,0.329654
2019-08-06,ZAR,0.093223
2019-08-07,USD,1.382789
2019-08-07,EUR,1.549000
2019-08-07,GBP,1.677260
2019-08-07,JPY,0.013074
2019-08-07,CHF,1.418368
2019-08-07,CNY,0.196183
2019-08-07,HKD,0.176355
2019-08-07,MYR,0.330101
2019-08-07,ZAR,0.092452
2019-08-08,USD,1.383275
2019-08-08,EUR,1.548300
2019-08-08,GBP,1.680834
2019-08-08,JPY,0.013050
2019-08-08,CHF,1.417468
2019-08-08,CNY,0.196303
2019-08-08,HKD,0.176396
2019-08-08,MYR,0.330530
2019-08-08,ZAR,0.091337
2019-08-09,USD,1.382479
2019-08-09,EUR,1.548100
2019-08-09,GBP,1.667852
2019-08-09,JPY,0.013063
2019-08-09,CHF,1.420666
2019-08-09,CNY,0.195865
2019-08-09,HKD,0.176341
2019-08-09,MYR,0.330381
2019-08-09,ZAR,0.091033
2019-08-12,USD,1.386457
2019-08-12,EUR,1.552000
2019-08-12,GBP,1.675754
2019-08-12,JPY,0.013187
2019-08-12,CHF,1.426995
2019-08-12,CNY,0.196421
2019-08-12,HKD,0.176715
2019-08-12,MYR,0.330058
2019-08-12,ZAR,0.090147
2019-08-13,USD,1.387988
2019-08-13,EUR,1.557600
2019-08-13,GBP,1.677906
2019-08-13,JPY,0.013199
2019-08-13,CHF,1.435179
2019-08-13,CNY,0.196411
2019-08-13,HKD,0.176885
2019-08-13,MYR,0.330673
2019-08-13,ZAR,0.090406
2019-08-14,USD,1.388094
2019-08-14,EUR,1.553000
2019-08-14,GBP,1.675785
2019-08-14,JPY,0.013108
2019-08-14,CHF,1.429755
2019-08-14,CNY,0.197769
2019-08-14,HKD,0.176932
2019-08-14,MYR,0.331406
2019-08-14,ZAR,0.090676
2019-08-15,USD,1.388610
2019-08-15,EUR,1.548300
2019-08-15,GBP,1.685445
2019-08-15,JPY,0.013080
2019-08-15,CHF,1.425297
2019-08-15,CNY,0.197329
2019-08-15,HKD,0.177070
2019-08-15,MYR,0.331131
2019-08-15,ZAR,0.090841
2019-08-16,USD,1.386421
2019-08-16,EUR,1.535600
2019-08-16,GBP,1.686861
2019-08-16,JPY,0.013039
2019-08-16,CHF,1.414778
2019-08-16,CNY,0.196927
2019-08-16,HKD,0.176784
2019-08-16,MYR,0.331799
2019-08-16,ZAR,0.091361
2019-08-19,USD,1.384851
2019-08-19,EUR,1.537600
2019-08-19,GBP,1.678914
2019-08-19,JPY,0.012993
2019-08-19,CHF,1.412716
2019-08-19,CNY,0.196416
2019-08-19,HKD,0.176543
2019-08-19,MYR,0.331544
2019-08-19,ZAR,0.090169
2019-08-20,USD,1.385970
2019-08-20,EUR,1.535100
2019-08-20,GBP,1.675453
2019-08-20,JPY,0.013033
2019-08-20,CHF,1.413536
2019-08-20,CNY,0.196355
2019-08-20,HKD,0.176716
2019-08-20,MYR,0.331820
2019-08-20,ZAR,0.090238
2019-08-21,USD,1.382745
2019-08-21,EUR,1.535400
2019-08-21,GBP,1.677208
2019-08-21,JPY,0.012985
2019-08-21,CHF,1.411862
2019-08-21,CNY,0.195747
2019-08-21,HKD,0.176337
2019-08-21,MYR,0.330998
2019-08-21,ZAR,0.091082
2019-08-22,USD,1.385997
2019-08-22,EUR,1.536100
2019-08-22,GBP,1.685244
2019-08-22,JPY,0.013003
2019-08-22,CHF,1.408620
2019-08-22,CNY,0.195624
2019-08-22,HKD,0.176789
2019-08-22,MYR,0.330906
2019-08-22,ZAR,0.091338
2019-08-23,USD,1.388161
2019-08-23,EUR,1.536000
2019-08-23,GBP,1.698119
2019-08-23,JPY,0.013040
2019-08-23,CHF,1.410080
2019-08-23,CNY,0.195821
2019-08-23,HKD,0.177007
2019-08-23,MYR,0.331306
2019-08-23,ZAR,0.091190
2019-08-26,USD,1.388269
2019-08-26,EUR,1.543200
2019-08-26,GBP,1.699410
2019-08-26,JPY,0.013115
2019-08-26,CHF,1.417731
2019-08-26,CNY,0.194287
2019-08-26,HKD,0.176983
2019-08-26,MYR,0.330110
2019-08-26,ZAR,0.090966
2019-08-27,USD,1.387878
2019-08-27,EUR,1.541100
2019-08-27,GBP,1.704097
2019-08-27,JPY,0.013124
2019-08-27,CHF,1.415932
2019-08-27,CNY,0.193803
2019-08-27,HKD,0.176914
2019-08-27,MYR,0.330212
2019-08-27,ZAR,0.090736
2019-08-28,USD,1.388884
2019-08-28,EUR,1.539300
2019-08-28,GBP,1.694835
2019-08-28,JPY,0.013136
2019-08-28,CHF,1.415839
2019-08-28,CNY,0.193972
2019-08-28,HKD,0.177014
2019-08-28,MYR,0.329530
2019-08-28,ZAR,0.090377
2019-08-29,USD,1.386741
2019-08-29,EUR,1.535400
2019-08-29,GBP,1.695994
2019-08-29,JPY,0.013047
2019-08-29,CHF,1.411213
2019-08-29,CNY,0.194155
2019-08-29,HKD,0.176735
2019-08-29,MYR,0.328808
2019-08-29,ZAR,0.090879
2019-08-30,USD,1.387459
2019-08-30,EUR,1.531200
2019-08-30,GBP,1.690719
2019-08-30,JPY,0.013056
2019-08-30,CHF,1.403612
2019-08-30,CNY,0.194049
2019-08-30,HKD,0.176917
2019-08-30,MYR,0.329915
2019-08-30,ZAR,0.090981
2019-09-02,USD,1.390682
2019-09-02,EUR,1.525300
2019-09-02,GBP,1.679476
2019-09-02,JPY,0.013075
2019-09-02,CHF,1.402575
2019-09-02,CNY,0.193918
2019-09-02,HKD,0.177317
2019-09-02,MYR,0.329659
2019-09-02,ZAR,0.091430
2019-09-03,USD,1.393161
2019-09-03,EUR,1.523700
2019-09-03,GBP,1.676514
2019-09-03,JPY,0.013130
2019-09-03,CHF,1.407055
2019-09-03,CNY,0.194070
2019-09-03,HKD,0.177612
2019-09-03,MYR,0.330077
2019-09-03,ZAR,0.092053
2019-09-04,USD,1.385914
2019-09-04,EUR,1.527000
2019-09-04,GBP,1.691873
2019-09-04,JPY,0.013048
2019-09-04,CHF,1.407633
2019-09-04,CNY,0.193762
2019-09-04,HKD,0.176759
2019-09-04,MYR,0.329998
2019-09-04,ZAR,0.093264
2019-09-05,USD,1.383162
2019-09-05,EUR,1.529500
2019-09-05,GBP,1.707412
2019-09-05,JPY,0.012965
2019-09-05,CHF,1.407990
2019-09-05,CNY,0.193617
2019-09-05,HKD,0.176441
2019-09-05,MYR,0.330153
2019-09-05,ZAR,0.093396
2019-09-06,USD,1.381065
2019-09-06,EUR,1.522900
2019-09-06,GBP,1.699002
2019-09-06,JPY,0.012905
2019-09-06,CHF,1.393576
2019-09-06,CNY,0.194143
2019-09-06,HKD,0.176168
2019-09-06,MYR,0.330361
2019-09-06,ZAR,0.093540
2019-09-09,USD,1.379770
2019-09-09,EUR,1.522300
2019-09-09,GBP,1.705181
2019-09-09,JPY,0.012900
2019-09-09,CHF,1.393665
2019-09-09,CNY,0.193652
2019-09-09,HKD,0.175982
2019-09-09,MYR,0.330827
2019-09-09,ZAR,0.094009
2019-09-10,USD,1.379257
2019-09-10,EUR,1.522700
2019-09-10,GBP,1.705151
2019-09-10,JPY,0.012848
2019-09-10,CHF,1.391483
2019-09-10,CNY,0.194111
2019-09-10,HKD,0.175915
2019-09-10,MYR,0.330641
2019-09-10,ZAR,0.093998
2019-09-11,USD,1.379624
2019-09-11,EUR,1.518000
2019-09-11,GBP,1.703073
2019-09-11,JPY,0.012809
2019-09-11,CHF,1.388330
2019-09-11,CNY,0.193847
2019-09-11,HKD,0.175978
2019-09-11,MYR,0.330093
2019-09-11,ZAR,0.094061
2019-09-12,USD,1.376539
2019-09-12,EUR,1.509100
2019-09-12,GBP,1.697143
2019-09-12,JPY,0.012774
2019-09-12,CHF,1.385512
2019-09-12,CNY,0.194216
2019-09-12,HKD,0.175832
2019-09-12,MYR,0.330479
2019-09-12,ZAR,0.094356
2019-09-13,USD,1.372206
2019-09-13,EUR,1.522600
2019-09-13,GBP,1.709001
2019-09-13,JPY,0.012706
2019-09-13,CHF,1.391773
2019-09-13,CNY,0.193742
2019-09-13,HKD,0.175350
2019-09-13,MYR,0.329503
2019-09-13,ZAR,0.094581
2019-09-16,USD,1.374127
2019-09-16,EUR,1.515800
2019-09-16,GBP,1.712575
2019-09-16,JPY,0.012742
2019-09-16,CHF,1.386572
2019-09-16,CNY,0.194441
2019-09-16,HKD,0.175712
2019-09-16,MYR,0.328893
2019-09-16,ZAR,0.093859
2019-09-17,USD,1.376292
2019-09-17,EUR,1.517500
2019-09-17,GBP,1.708646
2019-09-17,JPY,0.012728
2019-09-17,CHF,1.383823
2019-09-17,CNY,0.193932
2019-09-17,HKD,0.175909
2019-09-17,MYR,0.328826
2019-09-17,ZAR,0.093224
2019-09-18,USD,1.373564
2019-09-18,EUR,1.518200
2019-09-18,GBP,1.711226
2019-09-18,JPY,0.012700
2019-09-18,CHF,1.380307
2019-09-18,CNY,0.193774
2019-09-18,HKD,0.175448
2019-09-18,MYR,0.328288
2019-09-18,ZAR,0.093962
2019-09-19,USD,1.377338
2019-09-19,EUR,1.524300
2019-09-19,GBP,1.717811
2019-09-19,JPY,0.012760
2019-09-19,CHF,1.389517
2019-09-19,CNY,0.194134
2019-09-19,HKD,0.175917
2019-09-19,MYR,0.328619
2019-09-19,ZAR,0.093889
2019-09-20,USD,1.375884
2019-09-20,EUR,1.517600
2019-09-20,GBP,1.720050
2019-09-20,JPY,0.012741
2019-09-20,CHF,1.386949
2019-09-20,CNY,0.194049
2019-09-20,HKD,0.175622
2019-09-20,MYR,0.329949
2019-09-20,ZAR,0.092542
2019-09-23,USD,1.378243
2019-09-23,EUR,1.514000
2019-09-23,GBP,1.713775
2019-09-23,JPY,0.012823
2019-09-23,CHF,1.390139
2019-09-23,CNY,0.193411
2019-09-23,HKD,0.175809
2019-09-23,MYR,0.329302
2019-09-23,ZAR,0.092619
2019-09-24,USD,1.376443
2019-09-24,EUR,1.514500
2019-09-24,GBP,1.718036
2019-09-24,JPY,0.012786
2019-09-24,CHF,1.392260
2019-09-24,CNY,0.193673
2019-09-24,HKD,0.175564
2019-09-24,MYR,0.329175
2019-09-24,ZAR,0.092574
2019-09-25,USD,1.377982
2019-09-25,EUR,1.513300
2019-09-25,GBP,1.706704
2019-09-25,JPY,0.012825
2019-09-25,CHF,1.395904
2019-09-25,CNY,0.193420
2019-09-25,HKD,0.175844
2019-09-25,MYR,0.328871
2019-09-25,ZAR,0.091668
2019-09-26,USD,1.380874
2019-09-26,EUR,1.510400
2019-09-26,GBP,1.706570
2019-09-26,JPY,0.012829
2019-09-26,CHF,1.390280
2019-09-26,CNY,0.193701
2019-09-26,HKD,0.176163
2019-09-26,MYR,0.329343
2019-09-26,ZAR,0.092253
2019-09-27,USD,1.380887
2019-09-27,EUR,1.510000
2019-09-27,GBP,1.700872
2019-09-27,JPY,0.012774
2019-09-27,CHF,1.390424
2019-09-27,CNY,0.193721
2019-09-27,HKD,0.176141
2019-09-27,MYR,0.329723
2019-09-27,ZAR,0.091609
2019-09-30,USD,1.383047
2019-09-30,EUR,1.506000
2019-09-30,GBP,1.700292
2019-09-30,JPY,0.012807
2019-09-30,CHF,1.388402
2019-09-30,CNY,0.193613
2019-09-30,HKD,0.176413
2019-09-30,MYR,0.330321
2019-09-30,ZAR,0.090955
2019-10-01,USD,1.386309
2019-10-01,EUR,1.510800
2019-10-01,GBP,1.698387
2019-10-01,JPY,0.012803
2019-10-01,CHF,1.385292
2019-10-01,CNY,0.193933
2019-10-01,HKD,0.176807
2019-10-01,MYR,0.330504
2019-10-01,ZAR,0.090630
2019-10-02,USD,1.385538
2019-10-02,EUR,1.513700
2019-10-02,GBP,1.701360
2019-10-02,JPY,0.012886
2019-10-02,CHF,1.383638
2019-10-02,CNY,0.193826
2019-10-02,HKD,0.176698
2019-10-02,MYR,0.330322
2019-10-02,ZAR,0.090844
2019-10-03,USD,1.381426
2019-10-03,EUR,1.512800
2019-10-03,GBP,1.703795
2019-10-03,JPY,0.012911
2019-10-03,CHF,1.380670
2019-10-03,CNY,0.193250
2019-10-03,HKD,0.176149
2019-10-03,MYR,0.329895
2019-10-03,ZAR,0.091090
2019-10-04,USD,1.378905
2019-10-04,EUR,1.513900
2019-10-04,GBP,1.700152
2019-10-04,JPY,0.012914
2019-10-04,CHF,1.387245
2019-10-04,CNY,0.192861
2019-10-04,HKD,0.175832
2019-10-04,MYR,0.329445
2019-10-04,ZAR,0.090954
2019-10-07,USD,1.380424
2019-10-07,EUR,1.517500
2019-10-07,GBP,1.702092
2019-10-07,JPY,0.012921
2019-10-07,CHF,1.389143
2019-10-07,CNY,0.193110
2019-10-07,HKD,0.175969
2019-10-07,MYR,0.329219
2019-10-07,ZAR,0.091233
2019-10-08,USD,1.380666
2019-10-08,EUR,1.516800
2019-10-08,GBP,1.689181
2019-10-08,JPY,0.012917
2019-10-08,CHF,1.391815
2019-10-08,CNY,0.193287
2019-10-08,HKD,0.176008
2019-10-08,MYR,0.329238
2019-10-08,ZAR,0.090430
2019-10-09,USD,1.379929
2019-10-09,EUR,1.515300
2019-10-09,GBP,1.686477
2019-10-09,JPY,0.012851
2019-10-09,CHF,1.386748
2019-10-09,CNY,0.193611
2019-10-09,HKD,0.175905
2019-10-09,MYR,0.328791
2019-10-09,ZAR,0.091147
2019-10-10,USD,1.376881
2019-10-10,EUR,1.518700
2019-10-10,GBP,1.684543
2019-10-10,JPY,0.012814
2019-10-10,CHF,1.387194
2019-10-10,CNY,0.193300
2019-10-10,HKD,0.175528
2019-10-10,MYR,0.328687
2019-10-10,ZAR,0.090996
2019-10-11,USD,1.374355
2019-10-11,EUR,1.517700
2019-10-11,GBP,1.734158
2019-10-11,JPY,0.012674
2019-10-11,CHF,1.376599
2019-10-11,CNY,0.193542
2019-10-11,HKD,0.175226
2019-10-11,MYR,0.328364
2019-10-11,ZAR,0.092555
2019-10-14,USD,1.369142
2019-10-14,EUR,1.510300
2019-10-14,GBP,1.716582
2019-10-14,JPY,0.012649
2019-10-14,CHF,1.375125
2019-10-14,CNY,0.193658
2019-10-14,HKD,0.174543
2019-10-14,MYR,0.326919
2019-10-14,ZAR,0.092496
2019-10-15,USD,1.370764
2019-10-15,EUR,1.508800
2019-10-15,GBP,1.733097
2019-10-15,JPY,0.012655
2019-10-15,CHF,1.374510
2019-10-15,CNY,0.193577
2019-10-15,HKD,0.174729
2019-10-15,MYR,0.327111
2019-10-15,ZAR,0.092231
2019-10-16,USD,1.373061
2019-10-16,EUR,1.513800
2019-10-16,GBP,1.748845
2019-10-16,JPY,0.012626
2019-10-16,CHF,1.376557
2019-10-16,CNY,0.193407
2019-10-16,HKD,0.175006
2019-10-16,MYR,0.327308
2019-10-16,ZAR,0.091674
2019-10-17,USD,1.365158
2019-10-17,EUR,1.517100
2019-10-17,GBP,1.747006
2019-10-17,JPY,0.012558
2019-10-17,CHF,1.380311
2019-10-17,CNY,0.192875
2019-10-17,HKD,0.174037
2019-10-17,MYR,0.326658
2019-10-17,ZAR,0.091787
2019-10-18,USD,1.365219
2019-10-18,EUR,1.521400
2019-10-18,GBP,1.760167
2019-10-18,JPY,0.012577
2019-10-18,CHF,1.383594
2019-10-18,CNY,0.192726
2019-10-18,HKD,0.174081
2019-10-18,MYR,0.326103
2019-10-18,ZAR,0.092449
2019-10-21,USD,1.360691
2019-10-21,EUR,1.520300
2019-10-21,GBP,1.769231
2019-10-21,JPY,0.012534
2019-10-21,CHF,1.381840
2019-10-21,CNY,0.192382
2019-10-21,HKD,0.173481
2019-10-21,MYR,0.325483
2019-10-21,ZAR,0.092234
2019-10-22,USD,1.362444
2019-10-22,EUR,1.516400
2019-10-22,GBP,1.761924
2019-10-22,JPY,0.012546
2019-10-22,CHF,1.378044
2019-10-22,CNY,0.192449
2019-10-22,HKD,0.173710
2019-10-22,MYR,0.325282
2019-10-22,ZAR,0.092839
2019-10-23,USD,1.363032
2019-10-23,EUR,1.516100
2019-10-23,GBP,1.754583
2019-10-23,JPY,0.012568
2019-10-23,CHF,1.377772
2019-10-23,CNY,0.192682
2019-10-23,HKD,0.173795
2019-10-23,MYR,0.325497
2019-10-23,ZAR,0.092889
2019-10-24,USD,1.362509
2019-10-24,EUR,1.516200
2019-10-24,GBP,1.757139
2019-10-24,JPY,0.012545
2019-10-24,CHF,1.375987
2019-10-24,CNY,0.192646
2019-10-24,HKD,0.173806
2019-10-24,MYR,0.325567
2019-10-24,ZAR,0.093160
2019-10-25,USD,1.363104
2019-10-25,EUR,1.514000
2019-10-25,GBP,1.748308
2019-10-25,JPY,0.012555
2019-10-25,CHF,1.373990
2019-10-25,CNY,0.192807
2019-10-25,HKD,0.173927
2019-10-25,MYR,0.325633
2019-10-25,ZAR,0.093234
2019-10-28,USD,1.362316
2019-10-28,EUR,1.510400
2019-10-28,GBP,1.749606
2019-10-28,JPY,0.012515
2019-10-28,CHF,1.367249
2019-10-28,CNY,0.192737
2019-10-28,HKD,0.173763
2019-10-28,MYR,0.325447
2019-10-28,ZAR,0.093696
2019-10-29,USD,1.362866
2019-10-29,EUR,1.512100
2019-10-29,GBP,1.751575
2019-10-29,JPY,0.012509
2019-10-29,CHF,1.369532
2019-10-29,CNY,0.192890
2019-10-29,HKD,0.173817
2019-10-29,MYR,0.325813
2019-10-29,ZAR,0.093201
2019-10-30,USD,1.363317
2019-10-30,EUR,1.514100
2019-10-30,GBP,1.756497
2019-10-30,JPY,0.012514
2019-10-30,CHF,1.372462
2019-10-30,CNY,0.193196
2019-10-30,HKD,0.173875
2019-10-30,MYR,0.326153
2019-10-30,ZAR,0.091426
2019-10-31,USD,1.360409
2019-10-31,EUR,1.517400
2019-10-31,GBP,1.761694
2019-10-31,JPY,0.012569
2019-10-31,CHF,1.378577
2019-10-31,CNY,0.193201
2019-10-31,HKD,0.173614
2019-10-31,MYR,0.325573
2019-10-31,ZAR,0.089723
2019-11-01,USD,1.358201
2019-11-01,EUR,1.512900
2019-11-01,GBP,1.759022
2019-11-01,JPY,0.012562
2019-11-01,CHF,1.373740
2019-11-01,CNY,0.192874
2019-11-01,HKD,0.173303
2019-11-01,MYR,0.326056
2019-11-01,ZAR,0.089904
2019-11-04,USD,1.357412
2019-11-04,EUR,1.514600
2019-11-04,GBP,1.753659
2019-11-04,JPY,0.012525
2019-11-04,CHF,1.374285
2019-11-04,CNY,0.193127
2019-11-04,HKD,0.173174
2019-11-04,MYR,0.327050
2019-11-04,ZAR,0.091630
2019-11-05,USD,1.357278
2019-11-05,EUR,1.507800
2019-11-05,GBP,1.750955
2019-11-05,JPY,0.012468
2019-11-05,CHF,1.369607
2019-11-05,CNY,0.193969
2019-11-05,HKD,0.173231
2019-11-05,MYR,0.328597
2019-11-05,ZAR,0.092009
2019-11-06,USD,1.358431
2019-11-06,EUR,1.506500
2019-11-06,GBP,1.751072
2019-11-06,JPY,0.012463
2019-11-06,CHF,1.368302
2019-11-06,CNY,0.194127
2019-11-06,HKD,0.173588
2019-11-06,MYR,0.328400
2019-11-06,ZAR,0.091774
2019-11-07,USD,1.357317
2019-11-07,EUR,1.503500
2019-11-07,GBP,1.739317
2019-11-07,JPY,0.012436
2019-11-07,CHF,1.367067
2019-11-07,CNY,0.194575
2019-11-07,HKD,0.173436
2019-11-07,MYR,0.329123
2019-11-07,ZAR,0.092108
2019-11-08,USD,1.359616
2019-11-08,EUR,1.500200
2019-11-08,GBP,1.741220
2019-11-08,JPY,0.012427
2019-11-08,CHF,1.364935
2019-11-08,CNY,0.194541
2019-11-08,HKD,0.173691
2019-11-08,MYR,0.328926
2019-11-08,ZAR,0.091969
2019-11-11,USD,1.360837
2019-11-11,EUR,1.502500
2019-11-11,GBP,1.752330
2019-11-11,JPY,0.012491
2019-11-11,CHF,1.369395
2019-11-11,CNY,0.194111
2019-11-11,HKD,0.173856
2019-11-11,MYR,0.328422
2019-11-11,ZAR,0.091532
2019-11-12,USD,1.361235
2019-11-12,EUR,1.499400
2019-11-12,GBP,1.747145
2019-11-12,JPY,0.012470
2019-11-12,CHF,1.367691
2019-11-12,CNY,0.194256
2019-11-12,HKD,0.173940
2019-11-12,MYR,0.328600
2019-11-12,ZAR,0.091800
2019-11-13,USD,1.362893
2019-11-13,EUR,1.500000
2019-11-13,GBP,1.749067
2019-11-13,JPY,0.012522
2019-11-13,CHF,1.376905
2019-11-13,CNY,0.194097
2019-11-13,HKD,0.174006
2019-11-13,MYR,0.328134
2019-11-13,ZAR,0.091218
2019-11-14,USD,1.363008
2019-11-14,EUR,1.498900
2019-11-14,GBP,1.750172
2019-11-14,JPY,0.012544
2019-11-14,CHF,1.378552
2019-11-14,CNY,0.194133
2019-11-14,HKD,0.174092
2019-11-14,MYR,0.327843
2019-11-14,ZAR,0.091842
2019-11-15,USD,1.361338
2019-11-15,EUR,1.502100
2019-11-15,GBP,1.753561
2019-11-15,JPY,0.012523
2019-11-15,CHF,1.375046
2019-11-15,CNY,0.194213
2019-11-15,HKD,0.173933
2019-11-15,MYR,0.327848
2019-11-15,ZAR,0.092440
2019-11-18,USD,1.360365
2019-11-18,EUR,1.504700
2019-11-18,GBP,1.763389
2019-11-18,JPY,0.012482
2019-11-18,CHF,1.372901
2019-11-18,CNY,0.193832
2019-11-18,HKD,0.173767
2019-11-18,MYR,0.327365
2019-11-18,ZAR,0.092051
2019-11-19,USD,1.360477
2019-11-19,EUR,1.507000
2019-11-19,GBP,1.761069
2019-11-19,JPY,0.012510
2019-11-19,CHF,1.372620
2019-11-19,CNY,0.193630
2019-11-19,HKD,0.173800
2019-11-19,MYR,0.327232
2019-11-19,ZAR,0.092334
2019-11-20,USD,1.361696
2019-11-20,EUR,1.505900
2019-11-20,GBP,1.756869
2019-11-20,JPY,0.012553
2019-11-20,CHF,1.371868
2019-11-20,CNY,0.193595
2019-11-20,HKD,0.173994
2019-11-20,MYR,0.326901
2019-11-20,ZAR,0.092008
2019-11-21,USD,1.361284
2019-11-21,EUR,1.509800
2019-11-21,GBP,1.764857
2019-11-21,JPY,0.012534
2019-11-21,CHF,1.372795
2019-11-21,CNY,0.193731
2019-11-21,HKD,0.174062
2019-11-21,MYR,0.326486
2019-11-21,ZAR,0.092828
2019-11-22,USD,1.362995
2019-11-22,EUR,1.507200
2019-11-22,GBP,1.752966
2019-11-22,JPY,0.012557
2019-11-22,CHF,1.370930
2019-11-22,CNY,0.193643
2019-11-22,HKD,0.174192
2019-11-22,MYR,0.326778
2019-11-22,ZAR,0.092627
2019-11-25,USD,1.365371
2019-11-25,EUR,1.503000
2019-11-25,GBP,1.757586
2019-11-25,JPY,0.012538
2019-11-25,CHF,1.368105
2019-11-25,CNY,0.194051
2019-11-25,HKD,0.174435
2019-11-25,MYR,0.326760
2019-11-25,ZAR,0.092628
2019-11-26,USD,1.366334
2019-11-26,EUR,1.505700
2019-11-26,GBP,1.756635
2019-11-26,JPY,0.012538
2019-11-26,CHF,1.369690
2019-11-26,CNY,0.194094
2019-11-26,HKD,0.174562
2019-11-26,MYR,0.326637
2019-11-26,ZAR,0.092157
2019-11-27,USD,1.365065
2019-11-27,EUR,1.502800
2019-11-27,GBP,1.758689
2019-11-27,JPY,0.012505
2019-11-27,CHF,1.367923
2019-11-27,CNY,0.194278
2019-11-27,HKD,0.174387
2019-11-27,MYR,0.327194
2019-11-27,ZAR,0.092831
2019-11-28,USD,1.365925
2019-11-28,EUR,1.503200
2019-11-28,GBP,1.764734
2019-11-28,JPY,0.012475
2019-11-28,CHF,1.367664
2019-11-28,CNY,0.194172
2019-11-28,HKD,0.174515
2019-11-28,MYR,0.327288
2019-11-28,ZAR,0.092620
2019-11-29,USD,1.367419
2019-11-29,EUR,1.501700
2019-11-29,GBP,1.762042
2019-11-29,JPY,0.012469
2019-11-29,CHF,1.365430
2019-11-29,CNY,0.194591
2019-11-29,HKD,0.174710
2019-11-29,MYR,0.327296
2019-11-29,ZAR,0.093159
2019-12-02,USD,1.368502
2019-12-02,EUR,1.508500
2019-12-02,GBP,1.770166
2019-12-02,JPY,0.012493
2019-12-02,CHF,1.371987
2019-12-02,CNY,0.194332
2019-12-02,HKD,0.174803
2019-12-02,MYR,0.327429
2019-12-02,ZAR,0.093250
2019-12-03,USD,1.365459
2019-12-03,EUR,1.511700
2019-12-03,GBP,1.774296
2019-12-03,JPY,0.012557
2019-12-03,CHF,1.380926
2019-12-03,CNY,0.193460
2019-12-03,HKD,0.174410
2019-12-03,MYR,0.327095
2019-12-03,ZAR,0.093169
2019-12-04,USD,1.362964
2019-12-04,EUR,1.510300
2019-12-04,GBP,1.785014
2019-12-04,JPY,0.012539
2019-12-04,CHF,1.378514
2019-12-04,CNY,0.193259
2019-12-04,HKD,0.174092
2019-12-04,MYR,0.326340
2019-12-04,ZAR,0.093677
2019-12-05,USD,1.361367
2019-12-05,EUR,1.510300
2019-12-05,GBP,1.787972
2019-12-05,JPY,0.012514
2019-12-05,CHF,1.377508
2019-12-05,CNY,0.193318
2019-12-05,HKD,0.173892
2019-12-05,MYR,0.326509
2019-12-05,ZAR,0.092785
2019-12-06,USD,1.359654
2019-12-06,EUR,1.508400
2019-12-06,GBP,1.786082
2019-12-06,JPY,0.012524
2019-12-06,CHF,1.375274
2019-12-06,CNY,0.193402
2019-12-06,HKD,0.173675
2019-12-06,MYR,0.326883
2019-12-06,ZAR,0.092978
2019-12-09,USD,1.359819
2019-12-09,EUR,1.506000
2019-12-09,GBP,1.788705
2019-12-09,JPY,0.012534
2019-12-09,CHF,1.374213
2019-12-09,CNY,0.193176
2019-12-09,HKD,0.173718
2019-12-09,MYR,0.326865
2019-12-09,ZAR,0.093089
2019-12-10,USD,1.359754
2019-12-10,EUR,1.506200
2019-12-10,GBP,1.791538
2019-12-10,JPY,0.012523
2019-12-10,CHF,1.379051
2019-12-10,CNY,0.193182
2019-12-10,HKD,0.173744
2019-12-10,MYR,0.326512
2019-12-10,ZAR,0.091774
2019-12-11,USD,1.359819
2019-12-11,EUR,1.506000
2019-12-11,GBP,1.787643
2019-12-11,JPY,0.012504
2019-12-11,CHF,1.379626
2019-12-11,CNY,0.193176
2019-12-11,HKD,0.174028
2019-12-11,MYR,0.326525
2019-12-11,ZAR,0.092103
2019-12-12,USD,1.357367
2019-12-12,EUR,1.511700
2019-12-12,GBP,1.787725
2019-12-12,JPY,0.012499
2019-12-12,CHF,1.381936
2019-12-12,CNY,0.192883
2019-12-12,HKD,0.173913
2019-12-12,MYR,0.326332
2019-12-12,ZAR,0.092601
2019-12-13,USD,1.351888
2019-12-13,EUR,1.510600
2019-12-13,GBP,1.808928
2019-12-13,JPY,0.012338
2019-12-13,CHF,1.375524
2019-12-13,CNY,0.193915
2019-12-13,HKD,0.173509
2019-12-13,MYR,0.326977
2019-12-13,ZAR,0.093598
2019-12-16,USD,1.354387
2019-12-16,EUR,1.509600
2019-12-16,GBP,1.809746
2019-12-16,JPY,0.012377
2019-12-16,CHF,1.378253
2019-12-16,CNY,0.193476
2019-12-16,HKD,0.173805
2019-12-16,MYR,0.326987
2019-12-16,ZAR,0.093587
2019-12-17,USD,1.355671
2019-12-17,EUR,1.513200
2019-12-17,GBP,1.785529
2019-12-17,JPY,0.012372
2019-12-17,CHF,1.382423
2019-12-17,CNY,0.193776
2019-12-17,HKD,0.174025
2019-12-17,MYR,0.327256
2019-12-17,ZAR,0.094031
2019-12-18,USD,1.356275
2019-12-18,EUR,1.507500
2019-12-18,GBP,1.772383
2019-12-18,JPY,0.012376
2019-12-18,CHF,1.381380
2019-12-18,CNY,0.193808
2019-12-18,HKD,0.174145
2019-12-18,MYR,0.327725
2019-12-18,ZAR,0.094396
2019-12-19,USD,1.355941
2019-12-19,EUR,1.507400
2019-12-19,GBP,1.771890
2019-12-19,JPY,0.012383
2019-12-19,CHF,1.383063
2019-12-19,CNY,0.193428
2019-12-19,HKD,0.173890
2019-12-19,MYR,0.327361
2019-12-19,ZAR,0.094698
2019-12-20,USD,1.354961
2019-12-20,EUR,1.503600
2019-12-20,GBP,1.766178
2019-12-20,JPY,0.012395
2019-12-20,CHF,1.381604
2019-12-20,CNY,0.193354
2019-12-20,HKD,0.173804
2019-12-20,MYR,0.327282
2019-12-20,ZAR,0.095203
2019-12-23,USD,1.356027
2019-12-23,EUR,1.501800
2019-12-23,GBP,1.752228
2019-12-23,JPY,0.012393
2019-12-23,CHF,1.381601
2019-12-23,CNY,0.193401
2019-12-23,HKD,0.174158
2019-12-23,MYR,0.327346
2019-12-23,ZAR,0.095289
2019-12-24,USD,1.355325
2019-12-24,EUR,1.501700
2019-12-24,GBP,1.755697
2019-12-24,JPY,0.012391
2019-12-24,CHF,1.380493
2019-12-24,CNY,0.193411
2019-12-24,HKD,0.174029
2019-12-24,MYR,0.327653
2019-12-24,ZAR,0.095489
2019-12-27,USD,1.352372
2019-12-27,EUR,1.508300
2019-12-27,GBP,1.771761
2019-12-27,JPY,0.012340
2019-12-27,CHF,1.385032
2019-12-27,CNY,0.193310
2019-12-27,HKD,0.173677
2019-12-27,MYR,0.327649
2019-12-27,ZAR,0.096285
2019-12-30,USD,1.348467
2019-12-30,EUR,1.508800
2019-12-30,GBP,1.770726
2019-12-30,JPY,0.012348
2019-12-30,CHF,1.387913
2019-12-30,CNY,0.193003
2019-12-30,HKD,0.173161
2019-12-30,MYR,0.328371
2019-12-30,ZAR,0.095859
2019-12-31,USD,1.345113
2019-12-31,EUR,1.511100
2019-12-31,GBP,1.776093
2019-12-31,JPY,0.012392
2019-12-31,CHF,1.392206
2019-12-31,CNY,0.193223
2019-12-31,HKD,0.172750
2019-12-31,MYR,0.328836
2019-12-31,ZAR,0.095777
2020-01-02,USD,1.347628
2020-01-02,EUR,1.508400
2020-01-02,GBP,1.778186
2020-01-02,JPY,0.012389
2020-01-02,CHF,1.388311
2020-01-02,CNY,0.193519
2020-01-02,HKD,0.172976
2020-01-02,MYR,0.329604
2020-01-02,ZAR,0.095774
2020-01-03,USD,1.349870
2020-01-03,EUR,1.504700
2020-01-03,GBP,1.767844
2020-01-03,JPY,0.012483
2020-01-03,CHF,1.388100
2020-01-03,CNY,0.193625
2020-01-03,HKD,0.173526
2020-01-03,MYR,0.329076
2020-01-03,ZAR,0.094503
2020-01-06,USD,1.349830
2020-01-06,EUR,1.511000
2020-01-06,GBP,1.773162
2020-01-06,JPY,0.012486
2020-01-06,CHF,1.392627
2020-01-06,CNY,0.193596
2020-01-06,HKD,0.173722
2020-01-06,MYR,0.328907
2020-01-06,ZAR,0.094754
2020-01-07,USD,1.349893
2020-01-07,EUR,1.508100
2020-01-07,GBP,1.770424
2020-01-07,JPY,0.012448
2020-01-07,CHF,1.389954
2020-01-07,CNY,0.194438
2020-01-07,HKD,0.173672
2020-01-07,MYR,0.329805
2020-01-07,ZAR,0.094419
2020-01-08,USD,1.350787
2020-01-08,EUR,1.501400
2020-01-08,GBP,1.769100
2020-01-08,JPY,0.012423
2020-01-08,CHF,1.391216
2020-01-08,CNY,0.194522
2020-01-08,HKD,0.173725
2020-01-08,MYR,0.329341
2020-01-08,ZAR,0.094926
2020-01-09,USD,1.351755
2020-01-09,EUR,1.501800
2020-01-09,GBP,1.760919
2020-01-09,JPY,0.012356
2020-01-09,CHF,1.389526
2020-01-09,CNY,0.195011
2020-01-09,HKD,0.173987
2020-01-09,MYR,0.330465
2020-01-09,ZAR,0.095148
2020-01-10,USD,1.349653
2020-01-10,EUR,1.496900
2020-01-10,GBP,1.765004
2020-01-10,JPY,0.012310
2020-01-10,CHF,1.383201
2020-01-10,CNY,0.194977
2020-01-10,HKD,0.173781
2020-01-10,MYR,0.331085
2020-01-10,ZAR,0.094692
2020-01-13,USD,1.347205
2020-01-13,EUR,1.498900
2020-01-13,GBP,1.747785
2020-01-13,JPY,0.012261
2020-01-13,CHF,1.386458
2020-01-13,CNY,0.195431
2020-01-13,HKD,0.173275
2020-01-13,MYR,0.331622
2020-01-13,ZAR,0.093712
2020-01-14,USD,1.347818
2020-01-14,EUR,1.498100
2020-01-14,GBP,1.749749
2020-01-14,JPY,0.012247
2020-01-14,CHF,1.391381
2020-01-14,CNY,0.195738
2020-01-14,HKD,0.173297
2020-01-14,MYR,0.330794
2020-01-14,ZAR,0.093471
2020-01-15,USD,1.347245
2020-01-15,EUR,1.501100
2020-01-15,GBP,1.751923
2020-01-15,JPY,0.012261
2020-01-15,CHF,1.396242
2020-01-15,CNY,0.195593
2020-01-15,HKD,0.173355
2020-01-15,MYR,0.330573
2020-01-15,ZAR,0.093691
2020-01-16,USD,1.345241
2020-01-16,EUR,1.502500
2020-01-16,GBP,1.757927
2020-01-16,JPY,0.012235
2020-01-16,CHF,1.399106
2020-01-16,CNY,0.195544
2020-01-16,HKD,0.173075
2020-01-16,MYR,0.331115
2020-01-16,ZAR,0.093190
2020-01-17,USD,1.346777
2020-01-17,EUR,1.496000
2020-01-17,GBP,1.757829
2020-01-17,JPY,0.012231
2020-01-17,CHF,1.393443
2020-01-17,CNY,0.196362
2020-01-17,HKD,0.173365
2020-01-17,MYR,0.332142
2020-01-17,ZAR,0.093161
2020-01-20,USD,1.348038
2020-01-20,EUR,1.494300
2020-01-20,GBP,1.752331
2020-01-20,JPY,0.012234
2020-01-20,CHF,1.391730
2020-01-20,CNY,0.196329
2020-01-20,HKD,0.173530
2020-01-20,MYR,0.331904
2020-01-20,ZAR,0.092788
2020-01-21,USD,1.348988
2020-01-21,EUR,1.499400
2020-01-21,GBP,1.763378
2020-01-21,JPY,0.012259
2020-01-21,CHF,1.395700
2020-01-21,CNY,0.195407
2020-01-21,HKD,0.173618
2020-01-21,MYR,0.331323
2020-01-21,ZAR,0.093189
2020-01-22,USD,1.348665
2020-01-22,EUR,1.495400
2020-01-22,GBP,1.770857
2020-01-22,JPY,0.012264
2020-01-22,CHF,1.390165
2020-01-22,CNY,0.195400
2020-01-22,HKD,0.173541
2020-01-22,MYR,0.331736
2020-01-22,ZAR,0.093609
2020-01-23,USD,1.349833
2020-01-23,EUR,1.497100
2020-01-23,GBP,1.771758
2020-01-23,JPY,0.012322
2020-01-23,CHF,1.394727
2020-01-23,CNY,0.194689
2020-01-23,HKD,0.173675
2020-01-23,MYR,0.331657
2020-01-23,ZAR,0.093860
2020-01-24,USD,1.351155
2020-01-24,EUR,1.491000
2020-01-24,GBP,1.768411
2020-01-24,JPY,0.012326
2020-01-24,CHF,1.391897
2020-01-24,CNY,0.194879
2020-01-24,HKD,0.173837
2020-01-24,MYR,0.332390
2020-01-24,ZAR,0.094019
2020-01-27,USD,1.357370
2020-01-27,EUR,1.496500
2020-01-27,GBP,1.773987
2020-01-27,JPY,0.012459
2020-01-27,CHF,1.400037
2020-01-27,CNY,0.195680
2020-01-27,HKD,0.174529
2020-01-27,MYR,0.333876
2020-01-27,ZAR,0.093280
2020-01-28,USD,1.358383
2020-01-28,EUR,1.494900
2020-01-28,GBP,1.766959
2020-01-28,JPY,0.012455
2020-01-28,CHF,1.396711
2020-01-28,CNY,0.195826
2020-01-28,HKD,0.174683
2020-01-28,MYR,0.332407
2020-01-28,ZAR,0.092708
2020-01-29,USD,1.360876
2020-01-29,EUR,1.497100
2020-01-29,GBP,1.770040
2020-01-29,JPY,0.012470
2020-01-29,CHF,1.395377
2020-01-29,CNY,0.196187
2020-01-29,HKD,0.175093
2020-01-29,MYR,0.333549
2020-01-29,ZAR,0.093150
2020-01-30,USD,1.362771
2020-01-30,EUR,1.503000
2020-01-30,GBP,1.785396
2020-01-30,JPY,0.012522
2020-01-30,CHF,1.405987
2020-01-30,CNY,0.196460
2020-01-30,HKD,0.175424
2020-01-30,MYR,0.333356
2020-01-30,ZAR,0.092394
2020-01-31,USD,1.365545
2020-01-31,EUR,1.509200
2020-01-31,GBP,1.792931
2020-01-31,JPY,0.012540
2020-01-31,CHF,1.411259
2020-01-31,CNY,0.196859
2020-01-31,HKD,0.175809
2020-01-31,MYR,0.333179
2020-01-31,ZAR,0.091522
2020-02-03,USD,1.367974
2020-02-03,EUR,1.513800
2020-02-03,GBP,1.785668
2020-02-03,JPY,0.012604
2020-02-03,CHF,1.418478
2020-02-03,CNY,0.194874
2020-02-03,HKD,0.176156
2020-02-03,MYR,0.332513
2020-02-03,ZAR,0.091853
2020-02-04,USD,1.370293
2020-02-04,EUR,1.513900
2020-02-04,GBP,1.783577
2020-02-04,JPY,0.012561
2020-02-04,CHF,1.414595
2020-02-04,CNY,0.195852
2020-02-04,HKD,0.176435
2020-02-04,MYR,0.333282
2020-02-04,ZAR,0.092728
2020-02-05,USD,1.379116
2020-02-05,EUR,1.520200
2020-02-05,GBP,1.800246
2020-02-05,JPY,0.012570
2020-02-05,CHF,1.418494
2020-02-05,CNY,0.197793
2020-02-05,HKD,0.177652
2020-02-05,MYR,0.334979
2020-02-05,ZAR,0.093697
2020-02-06,USD,1.384441
2020-02-06,EUR,1.523300
2020-02-06,GBP,1.795603
2020-02-06,JPY,0.012603
2020-02-06,CHF,1.421652
2020-02-06,CNY,0.198667
2020-02-06,HKD,0.178331
2020-02-06,MYR,0.335906
2020-02-06,ZAR,0.093438
2020-02-07,USD,1.390738
2020-02-07,EUR,1.525500
2020-02-07,GBP,1.800637
2020-02-07,JPY,0.012659
2020-02-07,CHF,1.425035
2020-02-07,CNY,0.198863
2020-02-07,HKD,0.179117
2020-02-07,MYR,0.335924
2020-02-07,ZAR,0.092903
2020-02-10,USD,1.388823
2020-02-10,EUR,1.520900
2020-02-10,GBP,1.797159
2020-02-10,JPY,0.012655
2020-02-10,CHF,1.421402
2020-02-10,CNY,0.198886
2020-02-10,HKD,0.178847
2020-02-10,MYR,0.334816
2020-02-10,ZAR,0.092295
2020-02-11,USD,1.387671
2020-02-11,EUR,1.512700
2020-02-11,GBP,1.793893
2020-02-11,JPY,0.012634
2020-02-11,CHF,1.418112
2020-02-11,CNY,0.198974
2020-02-11,HKD,0.178684
2020-02-11,MYR,0.335715
2020-02-11,ZAR,0.093186
2020-02-12,USD,1.385560
2020-02-12,EUR,1.512200
2020-02-12,GBP,1.798996
2020-02-12,JPY,0.012599
2020-02-12,CHF,1.420573
2020-02-12,CNY,0.198783
2020-02-12,HKD,0.178351
2020-02-12,MYR,0.335002
2020-02-12,ZAR,0.093771
2020-02-13,USD,1.389160
2020-02-13,EUR,1.509600
2020-02-13,GBP,1.810615
2020-02-13,JPY,0.012663
2020-02-13,CHF,1.419731
2020-02-13,CNY,0.198919
2020-02-13,HKD,0.178867
2020-02-13,MYR,0.335422
2020-02-13,ZAR,0.093582
2020-02-14,USD,1.391810
2020-02-14,EUR,1.509000
2020-02-14,GBP,1.813528
2020-02-14,JPY,0.012669
2020-02-14,CHF,1.418100
2020-02-14,CNY,0.199190
2020-02-14,HKD,0.179186
2020-02-14,MYR,0.336185
2020-02-14,ZAR,0.093646
2020-02-17,USD,1.388740
2020-02-17,EUR,1.504700
2020-02-17,GBP,1.807708
2020-02-17,JPY,0.012639
2020-02-17,CHF,1.414059
2020-02-17,CNY,0.198916
2020-02-17,HKD,0.178790
2020-02-17,MYR,0.335040
2020-02-17,ZAR,0.092828
2020-02-18,USD,1.392197
2020-02-18,EUR,1.505800
2020-02-18,GBP,1.814545
2020-02-18,JPY,0.012686
2020-02-18,CHF,1.418024
2020-02-18,CNY,0.198833
2020-02-18,HKD,0.179211
2020-02-18,MYR,0.335226
2020-02-18,ZAR,0.092498
2020-02-19,USD,1.391944
2020-02-19,EUR,1.503300
2020-02-19,GBP,1.807981
2020-02-19,JPY,0.012596
2020-02-19,CHF,1.415403
2020-02-19,CNY,0.199012
2020-02-19,HKD,0.179124
2020-02-19,MYR,0.334401
2020-02-19,ZAR,0.093127
2020-02-20,USD,1.400463
2020-02-20,EUR,1.511100
2020-02-20,GBP,1.802362
2020-02-20,JPY,0.012503
2020-02-20,CHF,1.423417
2020-02-20,CNY,0.199388
2020-02-20,HKD,0.179979
2020-02-20,MYR,0.334721
2020-02-20,ZAR,0.092725
2020-02-21,USD,1.400889
2020-02-21,EUR,1.513100
2020-02-21,GBP,1.811879
2020-02-21,JPY,0.012509
2020-02-21,CHF,1.426107
2020-02-21,CNY,0.199236
2020-02-21,HKD,0.179880
2020-02-21,MYR,0.334062
2020-02-21,ZAR,0.092848
2020-02-24,USD,1.401738
2020-02-24,EUR,1.516400
2020-02-24,GBP,1.808834
2020-02-24,JPY,0.012582
2020-02-24,CHF,1.430566
2020-02-24,CNY,0.199259
2020-02-24,HKD,0.179830
2020-02-24,MYR,0.331613
2020-02-24,ZAR,0.092694
2020-02-25,USD,1.399077
2020-02-25,EUR,1.516600
2020-02-25,GBP,1.813464
2020-02-25,JPY,0.012647
2020-02-25,CHF,1.430080
2020-02-25,CNY,0.199435
2020-02-25,HKD,0.179596
2020-02-25,MYR,0.330515
2020-02-25,ZAR,0.092111
2020-02-26,USD,1.398069
2020-02-26,EUR,1.520400
2020-02-26,GBP,1.806774
2020-02-26,JPY,0.012656
2020-02-26,CHF,1.433528
2020-02-26,CNY,0.199190
2020-02-26,HKD,0.179415
2020-02-26,MYR,0.330867
2020-02-26,ZAR,0.092395
2020-02-27,USD,1.394929
2020-02-27,EUR,1.529400
2020-02-27,GBP,1.799400
2020-02-27,JPY,0.012696
2020-02-27,CHF,1.439164
2020-02-27,CNY,0.199107
2020-02-27,HKD,0.178969
2020-02-27,MYR,0.331297
2020-02-27,ZAR,0.090809
2020-02-28,USD,1.395372
2020-02-28,EUR,1.531700
2020-02-28,GBP,1.795347
2020-02-28,JPY,0.012833
2020-02-28,CHF,1.443094
2020-02-28,CNY,0.199799
2020-02-28,HKD,0.179041
2020-02-28,MYR,0.331085
2020-02-28,ZAR,0.089594
2020-03-02,USD,1.389049
2020-03-02,EUR,1.544900
2020-03-02,GBP,1.773444
2020-03-02,JPY,0.012894
2020-03-02,CHF,1.449930
2020-03-02,CNY,0.199422
2020-03-02,HKD,0.178550
2020-03-02,MYR,0.330453
2020-03-02,ZAR,0.088684
2020-03-03,USD,1.392372
2020-03-03,EUR,1.547900
2020-03-03,GBP,1.778991
2020-03-03,JPY,0.012924
2020-03-03,CHF,1.453973
2020-03-03,CNY,0.199544
2020-03-03,HKD,0.179008
2020-03-03,MYR,0.331045
2020-03-03,ZAR,0.089347
2020-03-04,USD,1.384270
2020-03-04,EUR,1.540000
2020-03-04,GBP,1.773172
2020-03-04,JPY,0.012878
2020-03-04,CHF,1.446417
2020-03-04,CNY,0.199964
2020-03-04,HKD,0.178164
2020-03-04,MYR,0.331247
2020-03-04,ZAR,0.090703
2020-03-05,USD,1.385090
2020-03-05,EUR,1.549500
2020-03-05,GBP,1.787816
2020-03-05,JPY,0.012952
2020-03-05,CHF,1.453156
2020-03-05,CNY,0.199732
2020-03-05,HKD,0.178235
2020-03-05,MYR,0.332997
2020-03-05,ZAR,0.089698
2020-03-06,USD,1.378793
2020-03-06,EUR,1.563000
2020-03-06,GBP,1.793151
2020-03-06,JPY,0.013126
2020-03-06,CHF,1.476060
2020-03-06,CNY,0.199080
2020-03-06,HKD,0.177434
2020-03-06,MYR,0.330486
2020-03-06,ZAR,0.087556
2020-03-09,USD,1.382769
2020-03-09,EUR,1.584100
2020-03-09,GBP,1.812824
2020-03-09,JPY,0.013525
2020-03-09,CHF,1.495280
2020-03-09,CNY,0.199008
2020-03-09,HKD,0.177907
2020-03-09,MYR,0.327944
2020-03-09,ZAR,0.086611
2020-03-10,USD,1.388674
2020-03-10,EUR,1.581700
2020-03-10,GBP,1.810036
2020-03-10,JPY,0.013331
2020-03-10,CHF,1.493015
2020-03-10,CNY,0.199609
2020-03-10,HKD,0.178731
2020-03-10,MYR,0.327712
2020-03-10,ZAR,0.087100
2020-03-11,USD,1.388585
2020-03-11,EUR,1.574100
2020-03-11,GBP,1.795074
2020-03-11,JPY,0.013278
2020-03-11,CHF,1.486262
2020-03-11,CNY,0.199756
2020-03-11,HKD,0.178731
2020-03-11,MYR,0.327924
2020-03-11,ZAR,0.086442
2020-03-12,USD,1.403826
2020-03-12,EUR,1.577900
2020-03-12,GBP,1.780463
2020-03-12,JPY,0.013505
2020-03-12,CHF,1.495782
2020-03-12,CNY,0.200046
2020-03-12,HKD,0.180402
2020-03-12,MYR,0.329113
2020-03-12,ZAR,0.085548
2020-03-13,USD,1.412464
2020-03-13,EUR,1.568400
2020-03-13,GBP,1.760862
2020-03-13,JPY,0.013168
2020-03-13,CHF,1.478507
2020-03-13,CNY,0.202147
2020-03-13,HKD,0.181833
2020-03-13,MYR,0.330134
2020-03-13,ZAR,0.087505
2020-03-16,USD,1.422246
2020-03-16,EUR,1.586800
2020-03-16,GBP,1.745309
2020-03-16,JPY,0.013475
2020-03-16,CHF,1.504646
2020-03-16,CNY,0.202525
2020-03-16,HKD,0.183060
2020-03-16,MYR,0.329951
2020-03-16,ZAR,0.085495
2020-03-17,USD,1.428793
2020-03-17,EUR,1.569100
2020-03-17,GBP,1.727646
2020-03-17,JPY,0.013354
2020-03-17,CHF,1.485749
2020-03-17,CNY,0.203528
2020-03-17,HKD,0.184007
2020-03-17,MYR,0.328422
2020-03-17,ZAR,0.086078
2020-03-18,USD,1.441376
2020-03-18,EUR,1.576000
2020-03-18,GBP,1.709513
2020-03-18,JPY,0.013381
2020-03-18,CHF,1.494405
2020-03-18,CNY,0.204875
2020-03-18,HKD,0.185593
2020-03-18,MYR,0.329755
2020-03-18,ZAR,0.084903
2020-03-19,USD,1.448292
2020-03-19,EUR,1.564300
2020-03-19,GBP,1.682314
2020-03-19,JPY,0.013186
2020-03-19,CHF,1.484860
2020-03-19,CNY,0.203555
2020-03-19,HKD,0.186562
2020-03-19,MYR,0.328042
2020-03-19,ZAR,0.083742
2020-03-20,USD,1.449052
2020-03-20,EUR,1.551500
2020-03-20,GBP,1.704421
2020-03-20,JPY,0.013107
2020-03-20,CHF,1.471174
2020-03-20,CNY,0.204363
2020-03-20,HKD,0.186802
2020-03-20,MYR,0.329742
2020-03-20,ZAR,0.083807
2020-03-23,USD,1.460169
2020-03-23,EUR,1.574500
2020-03-23,GBP,1.693557
2020-03-23,JPY,0.013219
2020-03-23,CHF,1.486780
2020-03-23,CNY,0.206127
2020-03-23,HKD,0.188268
2020-03-23,MYR,0.328500
2020-03-23,ZAR,0.082807
2020-03-24,USD,1.447201
2020-03-24,EUR,1.569200
2020-03-24,GBP,1.703800
2020-03-24,JPY,0.013078
2020-03-24,CHF,1.484298
2020-03-24,CNY,0.204993
2020-03-24,HKD,0.186614
2020-03-24,MYR,0.326644
2020-03-24,ZAR,0.082263
2020-03-25,USD,1.445553
2020-03-25,EUR,1.565100
2020-03-25,GBP,1.710436
2020-03-25,JPY,0.012970
2020-03-25,CHF,1.476231
2020-03-25,CNY,0.203672
2020-03-25,HKD,0.186452
2020-03-25,MYR,0.329543
2020-03-25,ZAR,0.083039
2020-03-26,USD,1.435115
2020-03-26,EUR,1.575900
2020-03-26,GBP,1.725161
2020-03-26,JPY,0.013113
2020-03-26,CHF,1.481945
2020-03-26,CNY,0.202884
2020-03-26,HKD,0.185104
2020-03-26,MYR,0.331051
2020-03-26,ZAR,0.082299
2020-03-27,USD,1.435911
2020-03-27,EUR,1.576200
2020-03-27,GBP,1.756349
2020-03-27,JPY,0.013205
2020-03-27,CHF,1.489651
2020-03-27,CNY,0.202352
2020-03-27,HKD,0.185228
2020-03-27,MYR,0.331002
2020-03-27,ZAR,0.081493
2020-03-30,USD,1.425775
2020-03-30,EUR,1.573200
2020-03-30,GBP,1.769629
2020-03-30,JPY,0.013183
2020-03-30,CHF,1.488222
2020-03-30,CNY,0.200825
2020-03-30,HKD,0.183873
2020-03-30,MYR,0.329080
2020-03-30,ZAR,0.079742
2020-03-31,USD,1.426889
2020-03-31,EUR,1.563300
2020-03-31,GBP,1.763591
2020-03-31,JPY,0.013148
2020-03-31,CHF,1.476901
2020-03-31,CNY,0.200980
2020-03-31,HKD,0.184037
2020-03-31,MYR,0.330298
2020-03-31,ZAR,0.079722
2020-04-01,USD,1.434620
2020-04-01,EUR,1.568900
2020-04-01,GBP,1.773570
2020-04-01,JPY,0.013347
2020-04-01,CHF,1.485138
2020-04-01,CNY,0.202040
2020-04-01,HKD,0.185053
2020-04-01,MYR,0.329227
2020-04-01,ZAR,0.079794
2020-04-02,USD,1.431964
2020-04-02,EUR,1.561700
2020-04-02,GBP,1.779959
2020-04-02,JPY,0.013341
2020-04-02,CHF,1.480144
2020-04-02,CNY,0.201804
2020-04-02,HKD,0.184718
2020-04-02,MYR,0.328613
2020-04-02,ZAR,0.077400
2020-04-03,USD,1.436161
2020-04-03,EUR,1.548900
2020-04-03,GBP,1.763119
2020-04-03,JPY,0.013227
2020-04-03,CHF,1.468569
2020-04-03,CNY,0.202534
2020-04-03,HKD,0.185220
2020-04-03,MYR,0.329511
2020-04-03,ZAR,0.076435
2020-04-06,USD,1.434529
2020-04-06,EUR,1.548000
2020-04-06,GBP,1.763098
2020-04-06,JPY,0.013170
2020-04-06,CHF,1.465909
2020-04-06,CNY,0.202303
2020-04-06,HKD,0.185055
2020-04-06,MYR,0.328683
2020-04-06,ZAR,0.076056
2020-04-07,USD,1.424070
2020-04-07,EUR,1.550100
2020-04-07,GBP,1.759618
2020-04-07,JPY,0.013075
2020-04-07,CHF,1.464846
2020-04-07,CNY,0.201831
2020-04-07,HKD,0.183702
2020-04-07,MYR,0.327939
2020-04-07,ZAR,0.077568
2020-04-08,USD,1.427376
2020-04-08,EUR,1.551700
2020-04-08,GBP,1.764338
2020-04-08,JPY,0.013110
2020-04-08,CHF,1.469830
2020-04-08,CNY,0.201997
2020-04-08,HKD,0.184119
2020-04-08,MYR,0.328235
2020-04-08,ZAR,0.078518
2020-04-09,USD,1.424404
2020-04-09,EUR,1.547900
2020-04-09,GBP,1.767715
2020-04-09,JPY,0.013081
2020-04-09,CHF,1.466092
2020-04-09,CNY,0.201789
2020-04-09,HKD,0.183707
2020-04-09,MYR,0.328390
2020-04-09,ZAR,0.078820
2020-04-14,USD,1.415762
2020-04-14,EUR,1.552100
2020-04-14,GBP,1.778850
2020-04-14,JPY,0.013191
2020-04-14,CHF,1.472162
2020-04-14,CNY,0.200618
2020-04-14,HKD,0.182654
2020-04-14,MYR,0.326703
2020-04-14,ZAR,0.077506
2020-04-15,USD,1.424654
2020-04-15,EUR,1.553300
2020-04-15,GBP,1.777536
2020-04-15,JPY,0.013262
2020-04-15,CHF,1.474559
2020-04-15,CNY,0.201733
2020-04-15,HKD,0.183794
2020-04-15,MYR,0.328296
2020-04-15,ZAR,0.076091
2020-04-16,USD,1.427168
2020-04-16,EUR,1.553900
2020-04-16,GBP,1.782752
2020-04-16,JPY,0.013268
2020-04-16,CHF,1.477653
2020-04-16,CNY,0.201829
2020-04-16,HKD,0.184131
2020-04-16,MYR,0.326073
2020-04-16,ZAR,0.076784
2020-04-17,USD,1.422376
2020-04-17,EUR,1.544700
2020-04-17,GBP,1.775966
2020-04-17,JPY,0.013218
2020-04-17,CHF,1.469044
2020-04-17,CNY,0.201078
2020-04-17,HKD,0.183519
2020-04-17,MYR,0.325488
2020-04-17,ZAR,0.075860
2020-04-20,USD,1.423112
2020-04-20,EUR,1.545500
2020-04-20,GBP,1.769461
2020-04-20,JPY,0.013197
2020-04-20,CHF,1.469386
2020-04-20,CNY,0.201187
2020-04-20,HKD,0.183621
2020-04-20,MYR,0.325320
2020-04-20,ZAR,0.075951
2020-04-21,USD,1.431208
2020-04-21,EUR,1.551000
2020-04-21,GBP,1.760100
2020-04-21,JPY,0.013326
2020-04-21,CHF,1.474755
2020-04-21,CNY,0.201722
2020-04-21,HKD,0.184671
2020-04-21,MYR,0.325608
2020-04-21,ZAR,0.075345
2020-04-22,USD,1.427073
2020-04-22,EUR,1.550800
2020-04-22,GBP,1.763876
2020-04-22,JPY,0.013254
2020-04-22,CHF,1.473724
2020-04-22,CNY,0.201497
2020-04-22,HKD,0.184137
2020-04-22,MYR,0.326918
2020-04-22,ZAR,0.075866
2020-04-23,USD,1.423227
2020-04-23,EUR,1.533100
2020-04-23,GBP,1.758142
2020-04-23,JPY,0.013245
2020-04-23,CHF,1.458567
2020-04-23,CNY,0.201039
2020-04-23,HKD,0.183629
2020-04-23,MYR,0.326428
2020-04-23,ZAR,0.074628
2020-04-24,USD,1.425556
2020-04-24,EUR,1.539600
2020-04-24,GBP,1.759583
2020-04-24,JPY,0.013247
2020-04-24,CHF,1.462803
2020-04-24,CNY,0.201373
2020-04-24,HKD,0.183929
2020-04-24,MYR,0.326928
2020-04-24,ZAR,0.075095
2020-04-27,USD,1.418264
2020-04-27,EUR,1.539100
2020-04-27,GBP,1.763749
2020-04-27,JPY,0.013243
2020-04-27,CHF,1.457895
2020-04-27,CNY,0.200247
2020-04-27,HKD,0.183000
2020-04-27,MYR,0.325735
2020-04-27,ZAR,0.075406
2020-04-28,USD,1.416475
2020-04-28,EUR,1.540700
2020-04-28,GBP,1.769333
2020-04-28,JPY,0.013275
2020-04-28,CHF,1.455413
2020-04-28,CNY,0.200151
2020-04-28,HKD,0.182762
2020-04-28,MYR,0.324693
2020-04-28,ZAR,0.075929
2020-04-29,USD,1.415237
2020-04-29,EUR,1.534400
2020-04-29,GBP,1.756048
2020-04-29,JPY,0.013283
2020-04-29,CHF,1.451518
2020-04-29,CNY,0.199992
2020-04-29,HKD,0.182604
2020-04-29,MYR,0.325526
2020-04-29,ZAR,0.076783
2020-04-30,USD,1.408974
2020-04-30,EUR,1.532400
2020-04-30,GBP,1.763305
2020-04-30,JPY,0.013225
2020-04-30,CHF,1.451411
2020-04-30,CNY,0.199883
2020-04-30,HKD,0.181779
2020-04-30,MYR,0.327667
2020-04-30,ZAR,0.077956
2020-05-04,USD,1.416103
2020-05-04,EUR,1.549500
2020-05-04,GBP,1.762839
2020-05-04,JPY,0.013262
2020-05-04,CHF,1.468999
2020-05-04,CNY,0.200518
2020-05-04,HKD,0.182642
2020-05-04,MYR,0.328103
2020-05-04,ZAR,0.075984
2020-05-05,USD,1.416490
2020-05-05,EUR,1.535900
2020-05-05,GBP,1.764186
2020-05-05,JPY,0.013274
2020-05-05,CHF,1.459287
2020-05-05,CNY,0.200575
2020-05-05,HKD,0.182721
2020-05-05,MYR,0.329070
2020-05-05,ZAR,0.077174
2020-05-06,USD,1.418988
2020-05-06,EUR,1.533500
2020-05-06,GBP,1.757533
2020-05-06,JPY,0.013375
2020-05-06,CHF,1.456315
2020-05-06,CNY,0.199917
2020-05-06,HKD,0.183076
2020-05-06,MYR,0.328281
2020-05-06,ZAR,0.076445
2020-05-07,USD,1.419178
2020-05-07,EUR,1.530300
2020-05-07,GBP,1.749354
2020-05-07,JPY,0.013317
2020-05-07,CHF,1.453276
2020-05-07,CNY,0.200230
2020-05-07,HKD,0.183094
2020-05-07,MYR,0.328172
2020-05-07,ZAR,0.076249
2020-05-08,USD,1.413446
2020-05-08,EUR,1.532600
2020-05-08,GBP,1.750843
2020-05-08,JPY,0.013288
2020-05-08,CHF,1.455599
2020-05-08,CNY,0.199768
2020-05-08,HKD,0.182340
2020-05-08,MYR,0.326127
2020-05-08,ZAR,0.076641
2020-05-11,USD,1.416759
2020-05-11,EUR,1.533500
2020-05-11,GBP,1.745092
2020-05-11,JPY,0.013202
2020-05-11,CHF,1.457838
2020-05-11,CNY,0.199719
2020-05-11,HKD,0.182792
2020-05-11,MYR,0.326896
2020-05-11,ZAR,0.076829
2020-05-12,USD,1.414349
2020-05-12,EUR,1.535700
2020-05-12,GBP,1.749627
2020-05-12,JPY,0.013175
2020-05-12,CHF,1.459791
2020-05-12,CNY,0.199615
2020-05-12,HKD,0.182487
2020-05-12,MYR,0.326905
2020-05-12,ZAR,0.077803
2020-05-13,USD,1.414253
2020-05-13,EUR,1.538000
2020-05-13,GBP,1.742875
2020-05-13,JPY,0.013227
2020-05-13,CHF,1.460866
2020-05-13,CNY,0.199476
2020-05-13,HKD,0.182474
2020-05-13,MYR,0.326956
2020-05-13,ZAR,0.077213
2020-05-14,USD,1.424574
2020-05-14,EUR,1.537400
2020-05-14,GBP,1.737273
2020-05-14,JPY,0.013313
2020-05-14,CHF,1.462519
2020-05-14,CNY,0.200561
2020-05-14,HKD,0.183796
2020-05-14,MYR,0.328203
2020-05-14,ZAR,0.076246
2020-05-15,USD,1.425912
2020-05-15,EUR,1.539700
2020-05-15,GBP,1.735108
2020-05-15,JPY,0.013327
2020-05-15,CHF,1.464568
2020-05-15,CNY,0.200589
2020-05-15,HKD,0.183970
2020-05-15,MYR,0.327721
2020-05-15,ZAR,0.076693
2020-05-18,USD,1.424114
2020-05-18,EUR,1.542600
2020-05-18,GBP,1.730284
2020-05-18,JPY,0.013263
2020-05-18,CHF,1.466210
2020-05-18,CNY,0.200161
2020-05-18,HKD,0.183722
2020-05-18,MYR,0.325993
2020-05-18,ZAR,0.077551
2020-05-19,USD,1.416712
2020-05-19,EUR,1.551300
2020-05-19,GBP,1.732619
2020-05-19,JPY,0.013147
2020-05-19,CHF,1.458949
2020-05-19,CNY,0.199355
2020-05-19,HKD,0.182785
2020-05-19,MYR,0.326020
2020-05-19,ZAR,0.077701
2020-05-20,USD,1.414765
2020-05-20,EUR,1.550300
2020-05-20,GBP,1.734931
2020-05-20,JPY,0.013144
2020-05-20,CHF,1.464758
2020-05-20,CNY,0.199252
2020-05-20,HKD,0.182547
2020-05-20,MYR,0.325120
2020-05-20,ZAR,0.078495
2020-05-21,USD,1.414636
2020-05-21,EUR,1.556100
2020-05-21,GBP,1.730096
2020-05-21,JPY,0.013141
2020-05-21,CHF,1.464151
2020-05-21,CNY,0.199109
2020-05-21,HKD,0.182431
2020-05-21,MYR,0.325537
2020-05-21,ZAR,0.079160
2020-05-22,USD,1.423423
2020-05-22,EUR,1.552100
2020-05-22,GBP,1.732970
2020-05-22,JPY,0.013236
2020-05-22,CHF,1.465490
2020-05-22,CNY,0.199506
2020-05-22,HKD,0.183526
2020-05-22,MYR,0.326284
2020-05-22,ZAR,0.080639
2020-05-25,USD,1.424840
2020-05-25,EUR,1.554500
2020-05-25,GBP,1.736580
2020-05-25,JPY,0.013233
2020-05-25,CHF,1.466925
2020-05-25,CNY,0.199663
2020-05-25,HKD,0.183749
2020-05-25,MYR,0.326534
2020-05-25,ZAR,0.080625
2020-05-26,USD,1.417768
2020-05-26,EUR,1.556000
2020-05-26,GBP,1.750714
2020-05-26,JPY,0.013195
2020-05-26,CHF,1.467925
2020-05-26,CNY,0.198802
2020-05-26,HKD,0.182891
2020-05-26,MYR,0.324918
2020-05-26,ZAR,0.081616
2020-05-27,USD,1.418251
2020-05-27,EUR,1.558800
2020-05-27,GBP,1.739829
2020-05-27,JPY,0.013146
2020-05-27,CHF,1.460234
2020-05-27,CNY,0.198114
2020-05-27,HKD,0.182949
2020-05-27,MYR,0.326225
2020-05-27,ZAR,0.081409
2020-05-28,USD,1.418028
2020-05-28,EUR,1.562100
2020-05-28,GBP,1.740928
2020-05-28,JPY,0.013162
2020-05-28,CHF,1.462230
2020-05-28,CNY,0.198226
2020-05-28,HKD,0.182901
2020-05-28,MYR,0.325573
2020-05-28,ZAR,0.081367
2020-05-29,USD,1.410920
2020-05-29,EUR,1.571200
2020-05-29,GBP,1.744072
2020-05-29,JPY,0.013171
2020-05-29,CHF,1.465672
2020-05-29,CNY,0.197745
2020-05-29,HKD,0.181963
2020-05-29,MYR,0.324534
2020-05-29,ZAR,0.080890
2020-06-01,USD,1.409590
2020-06-01,EUR,1.566900
2020-06-01,GBP,1.747349
2020-06-01,JPY,0.013085
2020-06-01,CHF,1.466311
2020-06-01,CNY,0.197524
2020-06-01,HKD,0.181849
2020-06-01,MYR,0.326410
2020-06-01,ZAR,0.080771
2020-06-02,USD,1.402184
2020-06-02,EUR,1.566800
2020-06-02,GBP,1.758809
2020-06-02,JPY,0.012967
2020-06-02,CHF,1.458710
2020-06-02,CNY,0.197298
2020-06-02,HKD,0.180905
2020-06-02,MYR,0.327803
2020-06-02,ZAR,0.081285
2020-06-03,USD,1.398606
2020-06-03,EUR,1.565600
2020-06-03,GBP,1.757817
2020-06-03,JPY,0.012881
2020-06-03,CHF,1.450570
2020-06-03,CNY,0.196686
2020-06-03,HKD,0.180458
2020-06-03,MYR,0.328197
2020-06-03,ZAR,0.082036
2020-06-04,USD,1.400711
2020-06-04,EUR,1.575800
2020-06-04,GBP,1.757039
2020-06-04,JPY,0.012866
2020-06-04,CHF,1.460968
2020-06-04,CNY,0.196813
2020-06-04,HKD,0.180734
2020-06-04,MYR,0.327766
2020-06-04,ZAR,0.082911
2020-06-05,USD,1.392321
2020-06-05,EUR,1.577500
2020-06-05,GBP,1.763594
2020-06-05,JPY,0.012745
2020-06-05,CHF,1.451776
2020-06-05,CNY,0.196331
2020-06-05,HKD,0.179651
2020-06-05,MYR,0.326301
2020-06-05,ZAR,0.082668
2020-06-08,USD,1.391227
2020-06-08,EUR,1.570000
2020-06-08,GBP,1.760623
2020-06-08,JPY,0.012722
2020-06-08,CHF,1.445539
2020-06-08,CNY,0.196653
2020-06-08,HKD,0.179511
2020-06-08,MYR,0.326003
2020-06-08,ZAR,0.082719
2020-06-09,USD,1.390827
2020-06-09,EUR,1.570800
2020-06-09,GBP,1.762567
2020-06-09,JPY,0.012861
2020-06-09,CHF,1.458496
2020-06-09,CNY,0.196289
2020-06-09,HKD,0.179458
2020-06-09,MYR,0.325305
2020-06-09,ZAR,0.083140
2020-06-10,USD,1.384264
2020-06-10,EUR,1.574600
2020-06-10,GBP,1.769949
2020-06-10,JPY,0.012890
2020-06-10,CHF,1.463111
2020-06-10,CNY,0.196077
2020-06-10,HKD,0.178613
2020-06-10,MYR,0.325593
2020-06-10,ZAR,0.083588
2020-06-11,USD,1.388615
2020-06-11,EUR,1.575800
2020-06-11,GBP,1.757430
2020-06-11,JPY,0.012967
2020-06-11,CHF,1.473123
2020-06-11,CNY,0.196361
2020-06-11,HKD,0.179170
2020-06-11,MYR,0.326774
2020-06-11,ZAR,0.082342
2020-06-12,USD,1.390481
2020-06-12,EUR,1.571800
2020-06-12,GBP,1.753204
2020-06-12,JPY,0.012962
2020-06-12,CHF,1.469384
2020-06-12,CNY,0.196500
2020-06-12,HKD,0.179415
2020-06-12,MYR,0.325829
2020-06-12,ZAR,0.081527
2020-06-15,USD,1.394473
2020-06-15,EUR,1.569200
2020-06-15,GBP,1.750402
2020-06-15,JPY,0.012987
2020-06-15,CHF,1.469426
2020-06-15,CNY,0.196543
2020-06-15,HKD,0.179931
2020-06-15,MYR,0.325966
2020-06-15,ZAR,0.081213
2020-06-16,USD,1.389547
2020-06-16,EUR,1.571300
2020-06-16,GBP,1.758196
2020-06-16,JPY,0.012944
2020-06-16,CHF,1.466175
2020-06-16,CNY,0.196312
2020-06-16,HKD,0.179303
2020-06-16,MYR,0.325038
2020-06-16,ZAR,0.081618
2020-06-17,USD,1.393340
2020-06-17,EUR,1.565000
2020-06-17,GBP,1.749620
2020-06-17,JPY,0.012971
2020-06-17,CHF,1.466867
2020-06-17,CNY,0.196603
2020-06-17,HKD,0.179784
2020-06-17,MYR,0.325398
2020-06-17,ZAR,0.081388
2020-06-18,USD,1.393869
2020-06-18,EUR,1.564200
2020-06-18,GBP,1.737459
2020-06-18,JPY,0.013035
2020-06-18,CHF,1.466392
2020-06-18,CNY,0.196643
2020-06-18,HKD,0.179851
2020-06-18,MYR,0.325821
2020-06-18,ZAR,0.080078
2020-06-19,USD,1.393666
2020-06-19,EUR,1.562300
2020-06-19,GBP,1.726203
2020-06-19,JPY,0.013044
2020-06-19,CHF,1.466122
2020-06-19,CNY,0.196932
2020-06-19,HKD,0.179804
2020-06-19,MYR,0.326472
2020-06-19,ZAR,0.080349
2020-06-22,USD,1.394720
2020-06-22,EUR,1.563900
2020-06-22,GBP,1.731357
2020-06-22,JPY,0.013044
2020-06-22,CHF,1.467899
2020-06-22,CNY,0.197094
2020-06-22,HKD,0.179961
2020-06-22,MYR,0.325833
2020-06-22,ZAR,0.080168
2020-06-23,USD,1.390970
2020-06-23,EUR,1.574300
2020-06-23,GBP,1.737063
2020-06-23,JPY,0.013005
2020-06-23,CHF,1.470621
2020-06-23,CNY,0.196925
2020-06-23,HKD,0.179477
2020-06-23,MYR,0.325336
2020-06-23,ZAR,0.080850
2020-06-24,USD,1.389007
2020-06-24,EUR,1.566800
2020-06-24,GBP,1.734279
2020-06-24,JPY,0.013024
2020-06-24,CHF,1.467179
2020-06-24,CNY,0.196410
2020-06-24,HKD,0.179225
2020-06-24,MYR,0.325103
2020-06-24,ZAR,0.080240
2020-06-25,USD,1.392857
2020-06-25,EUR,1.560000
2020-06-25,GBP,1.730776
2020-06-25,JPY,0.012973
2020-06-25,CHF,1.466579
2020-06-25,CNY,0.196955
2020-06-25,HKD,0.179713
2020-06-25,MYR,0.325583
2020-06-25,ZAR,0.080048
2020-06-26,USD,1.391956
2020-06-26,EUR,1.560800
2020-06-26,GBP,1.723213
2020-06-26,JPY,0.013014
2020-06-26,CHF,1.468159
2020-06-26,CNY,0.196827
2020-06-26,HKD,0.179600
2020-06-26,MYR,0.324389
2020-06-26,ZAR,0.080537
2020-06-29,USD,1.392060
2020-06-29,EUR,1.570800
2020-06-29,GBP,1.715971
2020-06-29,JPY,0.012974
2020-06-29,CHF,1.472303
2020-06-29,CNY,0.196741
2020-06-29,HKD,0.179610
2020-06-29,MYR,0.324868
2020-06-29,ZAR,0.080860
2020-06-30,USD,1.397392
2020-06-30,EUR,1.564800
2020-06-30,GBP,1.714981
2020-06-30,JPY,0.012969
2020-06-30,CHF,1.469158
2020-06-30,CNY,0.197528
2020-06-30,HKD,0.180301
2020-06-30,MYR,0.326075
2020-06-30,ZAR,0.080483
2020-07-01,USD,1.395536
2020-07-01,EUR,1.563000
2020-07-01,GBP,1.728409
2020-07-01,JPY,0.012991
2020-07-01,CHF,1.471751
2020-07-01,CNY,0.197471
2020-07-01,HKD,0.180053
2020-07-01,MYR,0.325564
2020-07-01,ZAR,0.081012
2020-07-02,USD,1.393408
2020-07-02,EUR,1.572600
2020-07-02,GBP,1.742976
2020-07-02,JPY,0.012971
2020-07-02,CHF,1.476897
2020-07-02,CNY,0.197169
2020-07-02,HKD,0.179789
2020-07-02,MYR,0.325146
2020-07-02,ZAR,0.082356
2020-07-03,USD,1.394690
2020-07-03,EUR,1.565400
2020-07-03,GBP,1.737017
2020-07-03,JPY,0.012971
2020-07-03,CHF,1.473595
2020-07-03,CNY,0.197377
2020-07-03,HKD,0.179958
2020-07-03,MYR,0.325291
2020-07-03,ZAR,0.081633
2020-07-06,USD,1.390993
2020-07-06,EUR,1.575300
2020-07-06,GBP,1.740567
2020-07-06,JPY,0.012936
2020-07-06,CHF,1.480267
2020-07-06,CNY,0.198156
2020-07-06,HKD,0.179483
2020-07-06,MYR,0.325200
2020-07-06,ZAR,0.081723
2020-07-07,USD,1.395128
2020-07-07,EUR,1.575100
2020-07-07,GBP,1.747199
2020-07-07,JPY,0.012952
2020-07-07,CHF,1.479940
2020-07-07,CNY,0.198658
2020-07-07,HKD,0.180013
2020-07-07,MYR,0.326385
2020-07-07,ZAR,0.081650
2020-07-08,USD,1.395091
2020-07-08,EUR,1.574500
2020-07-08,GBP,1.750942
2020-07-08,JPY,0.012971
2020-07-08,CHF,1.482022
2020-07-08,CNY,0.198893
2020-07-08,HKD,0.180009
2020-07-08,MYR,0.326531
2020-07-08,ZAR,0.082164
2020-07-09,USD,1.390760
2020-07-09,EUR,1.577400
2020-07-09,GBP,1.759411
2020-07-09,JPY,0.012965
2020-07-09,CHF,1.483355
2020-07-09,CNY,0.199091
2020-07-09,HKD,0.179452
2020-07-09,MYR,0.326280
2020-07-09,ZAR,0.082720
2020-07-10,USD,1.392604
2020-07-10,EUR,1.570300
2020-07-10,GBP,1.753154
2020-07-10,JPY,0.013034
2020-07-10,CHF,1.477929
2020-07-10,CNY,0.198893
2020-07-10,HKD,0.179676
2020-07-10,MYR,0.326405
2020-07-10,ZAR,0.082262
2020-07-13,USD,1.389620
2020-07-13,EUR,1.574300
2020-07-13,GBP,1.750428
2020-07-13,JPY,0.012968
2020-07-13,CHF,1.473374
2020-07-13,CNY,0.198502
2020-07-13,HKD,0.179287
2020-07-13,MYR,0.325902
2020-07-13,ZAR,0.082978
2020-07-14,USD,1.393055
2020-07-14,EUR,1.584600
2020-07-14,GBP,1.745577
2020-07-14,JPY,0.012970
2020-07-14,CHF,1.482181
2020-07-14,CNY,0.198559
2020-07-14,HKD,0.179719
2020-07-14,MYR,0.326130
2020-07-14,ZAR,0.083080
2020-07-15,USD,1.387976
2020-07-15,EUR,1.588400
2020-07-15,GBP,1.754363
2020-07-15,JPY,0.012993
2020-07-15,CHF,1.473059
2020-07-15,CNY,0.198612
2020-07-15,HKD,0.179039
2020-07-15,MYR,0.325625
2020-07-15,ZAR,0.084015
2020-07-16,USD,1.391975
2020-07-16,EUR,1.588800
2020-07-16,GBP,1.748336
2020-07-16,JPY,0.012997
2020-07-16,CHF,1.472884
2020-07-16,CNY,0.198946
2020-07-16,HKD,0.179505
2020-07-16,MYR,0.325874
2020-07-16,ZAR,0.083541
2020-07-17,USD,1.390182
2020-07-17,EUR,1.588700
2020-07-17,GBP,1.744329
2020-07-17,JPY,0.012966
2020-07-17,CHF,1.477448
2020-07-17,CNY,0.198650
2020-07-17,HKD,0.179277
2020-07-17,MYR,0.326068
2020-07-17,ZAR,0.083398
2020-07-20,USD,1.389675
2020-07-20,EUR,1.590900
2020-07-20,GBP,1.756445
2020-07-20,JPY,0.012973
2020-07-20,CHF,1.481837
2020-07-20,CNY,0.198882
2020-07-20,HKD,0.179268
2020-07-20,MYR,0.326024
2020-07-20,ZAR,0.083115
2020-07-21,USD,1.388709
2020-07-21,EUR,1.589100
2020-07-21,GBP,1.764588
2020-07-21,JPY,0.012951
2020-07-21,CHF,1.479609
2020-07-21,CNY,0.198682
2020-07-21,HKD,0.179146
2020-07-21,MYR,0.325876
2020-07-21,ZAR,0.084166
2020-07-22,USD,1.383227
2020-07-22,EUR,1.601500
2020-07-22,GBP,1.757515
2020-07-22,JPY,0.012922
2020-07-22,CHF,1.484933
2020-07-22,CNY,0.197718
2020-07-22,HKD,0.178458
2020-07-22,MYR,0.325277
2020-07-22,ZAR,0.084503
2020-07-23,USD,1.385859
2020-07-23,EUR,1.603300
2020-07-23,GBP,1.758101
2020-07-23,JPY,0.012932
2020-07-23,CHF,1.494083
2020-07-23,CNY,0.197799
2020-07-23,HKD,0.178788
2020-07-23,MYR,0.325431
2020-07-23,ZAR,0.083417
2020-07-24,USD,1.385510
2020-07-24,EUR,1.608300
2020-07-24,GBP,1.767654
2020-07-24,JPY,0.013037
2020-07-24,CHF,1.498882
2020-07-24,CNY,0.197451
2020-07-24,HKD,0.178744
2020-07-24,MYR,0.324896
2020-07-24,ZAR,0.082753
2020-07-27,USD,1.378912
2020-07-27,EUR,1.621600
2020-07-27,GBP,1.775345
2020-07-27,JPY,0.013090
2020-07-27,CHF,1.496217
2020-07-27,CNY,0.196930
2020-07-27,HKD,0.177897
2020-07-27,MYR,0.324262
2020-07-27,ZAR,0.083856
2020-07-28,USD,1.379875
2020-07-28,EUR,1.616800
2020-07-28,GBP,1.777328
2020-07-28,JPY,0.013108
2020-07-28,CHF,1.502882
2020-07-28,CNY,0.197072
2020-07-28,HKD,0.178042
2020-07-28,MYR,0.324483
2020-07-28,ZAR,0.083205
2020-07-29,USD,1.376716
2020-07-29,EUR,1.614200
2020-07-29,GBP,1.785916
2020-07-29,JPY,0.013094
2020-07-29,CHF,1.499350
2020-07-29,CNY,0.196693
2020-07-29,HKD,0.177640
2020-07-29,MYR,0.324430
2020-07-29,ZAR,0.083521
2020-07-30,USD,1.376224
2020-07-30,EUR,1.616100
2020-07-30,GBP,1.790335
2020-07-30,JPY,0.013077
2020-07-30,CHF,1.504188
2020-07-30,CNY,0.196510
2020-07-30,HKD,0.177572
2020-07-30,MYR,0.324622
2020-07-30,ZAR,0.082006
2020-07-31,USD,1.371117
2020-07-31,EUR,1.624500
2020-07-31,GBP,1.803938
2020-07-31,JPY,0.013068
2020-07-31,CHF,1.508497
2020-07-31,CNY,0.196583
2020-07-31,HKD,0.176913
2020-07-31,MYR,0.323412
2020-07-31,ZAR,0.080837
2020-08-03,USD,1.377025
2020-08-03,EUR,1.614700
2020-08-03,GBP,1.793852
2020-08-03,JPY,0.012968
2020-08-03,CHF,1.497311
2020-08-03,CNY,0.197155
2020-08-03,HKD,0.177670
2020-08-03,MYR,0.326195
2020-08-03,ZAR,0.079629
2020-08-04,USD,1.376541
2020-08-04,EUR,1.619500
2020-08-04,GBP,1.792771
2020-08-04,JPY,0.012979
2020-08-04,CHF,1.504972
2020-08-04,CNY,0.197123
2020-08-04,HKD,0.177618
2020-08-04,MYR,0.326157
2020-08-04,ZAR,0.079047
2020-08-05,USD,1.368989
2020-08-05,EUR,1.622800
2020-08-05,GBP,1.797818
2020-08-05,JPY,0.012944
2020-08-05,CHF,1.506778
2020-08-05,CNY,0.197236
2020-08-05,HKD,0.176639
2020-08-05,MYR,0.326532
2020-08-05,ZAR,0.079463
2020-08-06,USD,1.370936
2020-08-06,EUR,1.623600
2020-08-06,GBP,1.803339
2020-08-06,JPY,0.012993
2020-08-06,CHF,1.509062
2020-08-06,CNY,0.197218
2020-08-06,HKD,0.176890
2020-08-06,MYR,0.327312
2020-08-06,ZAR,0.078187
2020-08-07,USD,1.371160
2020-08-07,EUR,1.620300
2020-08-07,GBP,1.792903
2020-08-07,JPY,0.012972
2020-08-07,CHF,1.499722
2020-08-07,CNY,0.197026
2020-08-07,HKD,0.176918
2020-08-07,MYR,0.327439
2020-08-07,ZAR,0.078243
2020-08-10,USD,1.373629
2020-08-10,EUR,1.615800
2020-08-10,GBP,1.792247
2020-08-10,JPY,0.012953
2020-08-10,CHF,1.497498
2020-08-10,CNY,0.197042
2020-08-10,HKD,0.177237
2020-08-10,MYR,0.327403
2020-08-10,ZAR,0.077514
2020-08-11,USD,1.370958
2020-08-11,EUR,1.615400
2020-08-11,GBP,1.798025
2020-08-11,JPY,0.012926
2020-08-11,CHF,1.503677
2020-08-11,CNY,0.197344
2020-08-11,HKD,0.176894
2020-08-11,MYR,0.327004
2020-08-11,ZAR,0.078317
2020-08-12,USD,1.373375
2020-08-12,EUR,1.616600
2020-08-12,GBP,1.786792
2020-08-12,JPY,0.012838
2020-08-12,CHF,1.503115
2020-08-12,CNY,0.197730
2020-08-12,HKD,0.177189
2020-08-12,MYR,0.327499
2020-08-12,ZAR,0.078821
2020-08-13,USD,1.371672
2020-08-13,EUR,1.623100
2020-08-13,GBP,1.796001
2020-08-13,JPY,0.012823
2020-08-13,CHF,1.505100
2020-08-13,CNY,0.197489
2020-08-13,HKD,0.176984
2020-08-13,MYR,0.327172
2020-08-13,ZAR,0.078637
2020-08-14,USD,1.372132
2020-08-14,EUR,1.620900
2020-08-14,GBP,1.797545
2020-08-14,JPY,0.012863
2020-08-14,CHF,1.507253
2020-08-14,CNY,0.197430
2020-08-14,HKD,0.177041
2020-08-14,MYR,0.327203
2020-08-14,ZAR,0.078638
2020-08-17,USD,1.369864
2020-08-17,EUR,1.623700
2020-08-17,GBP,1.791669
2020-08-17,JPY,0.012888
2020-08-17,CHF,1.508314
2020-08-17,CNY,0.197382
2020-08-17,HKD,0.176750
2020-08-17,MYR,0.326779
2020-08-17,ZAR,0.078529
2020-08-18,USD,1.364858
2020-08-18,EUR,1.625000
2020-08-18,GBP,1.798064
2020-08-18,JPY,0.012944
2020-08-18,CHF,1.508401
2020-08-18,CNY,0.197192
2020-08-18,HKD,0.176106
2020-08-18,MYR,0.326325
2020-08-18,ZAR,0.078446
2020-08-19,USD,1.364116
2020-08-19,EUR,1.627800
2020-08-19,GBP,1.801760
2020-08-19,JPY,0.012946
2020-08-19,CHF,1.505689
2020-08-19,CNY,0.197376
2020-08-19,HKD,0.176011
2020-08-19,MYR,0.326933
2020-08-19,ZAR,0.079334
2020-08-20,USD,1.368776
2020-08-20,EUR,1.622000
2020-08-20,GBP,1.798765
2020-08-20,JPY,0.012928
2020-08-20,CHF,1.503801
2020-08-20,CNY,0.197841
2020-08-20,HKD,0.176611
2020-08-20,MYR,0.328048
2020-08-20,ZAR,0.079457
2020-08-21,USD,1.370635
2020-08-21,EUR,1.613100
2020-08-21,GBP,1.797226
2020-08-21,JPY,0.012954
2020-08-21,CHF,1.501396
2020-08-21,CNY,0.197968
2020-08-21,HKD,0.176852
2020-08-21,MYR,0.327906
2020-08-21,ZAR,0.079472
2020-08-24,USD,1.367688
2020-08-24,EUR,1.620300
2020-08-24,GBP,1.796839
2020-08-24,JPY,0.012935
2020-08-24,CHF,1.505715
2020-08-24,CNY,0.197846
2020-08-24,HKD,0.176471
2020-08-24,MYR,0.327552
2020-08-24,ZAR,0.080769
2020-08-25,USD,1.368715
2020-08-25,EUR,1.617000
2020-08-25,GBP,1.797765
2020-08-25,JPY,0.012867
2020-08-25,CHF,1.503906
2020-08-25,CNY,0.197989
2020-08-25,HKD,0.176600
2020-08-25,MYR,0.328345
2020-08-25,ZAR,0.081632
2020-08-26,USD,1.368225
2020-08-26,EUR,1.613000
2020-08-26,GBP,1.798417
2020-08-26,JPY,0.012869
2020-08-26,CHF,1.502142
2020-08-26,CNY,0.198494
2020-08-26,HKD,0.176539
2020-08-26,MYR,0.328112
2020-08-26,ZAR,0.081466
2020-08-27,USD,1.366085
2020-08-27,EUR,1.612800
2020-08-27,GBP,1.801911
2020-08-27,JPY,0.012867
2020-08-27,CHF,1.500279
2020-08-27,CNY,0.198320
2020-08-27,HKD,0.176268
2020-08-27,MYR,0.327399
2020-08-27,ZAR,0.080529
2020-08-28,USD,1.359211
2020-08-28,EUR,1.619500
2020-08-28,GBP,1.810144
2020-08-28,JPY,0.012916
2020-08-28,CHF,1.505391
2020-08-28,CNY,0.198106
2020-08-28,HKD,0.175375
2020-08-28,MYR,0.326302
2020-08-28,ZAR,0.081452
2020-08-31,USD,1.359715
2020-08-31,EUR,1.623500
2020-08-31,GBP,1.811841
2020-08-31,JPY,0.012837
2020-08-31,CHF,1.506868
2020-08-31,CNY,0.198688
2020-08-31,HKD,0.175445
2020-08-31,MYR,0.326424
2020-08-31,ZAR,0.081342
2020-09-01,USD,1.357637
2020-09-01,EUR,1.627400
2020-09-01,GBP,1.829053
2020-09-01,JPY,0.012822
2020-09-01,CHF,1.497837
2020-09-01,CNY,0.199097
2020-09-01,HKD,0.175178
2020-09-01,MYR,0.327735
2020-09-01,ZAR,0.081591
2020-09-02,USD,1.361858
2020-09-02,EUR,1.615300
2020-09-02,GBP,1.818213
2020-09-02,JPY,0.012820
2020-09-02,CHF,1.495787
2020-09-02,CNY,0.199479
2020-09-02,HKD,0.175719
2020-09-02,MYR,0.328473
2020-09-02,ZAR,0.081108
2020-09-03,USD,1.365530
2020-09-03,EUR,1.613100
2020-09-03,GBP,1.809727
2020-09-03,JPY,0.012818
2020-09-03,CHF,1.496938
2020-09-03,CNY,0.199636
2020-09-03,HKD,0.176189
2020-09-03,MYR,0.329244
2020-09-03,ZAR,0.081446
2020-09-04,USD,1.364465
2020-09-04,EUR,1.615800
2020-09-04,GBP,1.808900
2020-09-04,JPY,0.012845
2020-09-04,CHF,1.497081
2020-09-04,CNY,0.199467
2020-09-04,HKD,0.176051
2020-09-04,MYR,0.328829
2020-09-04,ZAR,0.082322
2020-09-07,USD,1.366712
2020-09-07,EUR,1.616000
2020-09-07,GBP,1.798853
2020-09-07,JPY,0.012867
2020-09-07,CHF,1.495050
2020-09-07,CNY,0.200027
2020-09-07,HKD,0.176340
2020-09-07,MYR,0.328736
2020-09-07,ZAR,0.081759
2020-09-08,USD,1.370301
2020-09-08,EUR,1.614900
2020-09-08,GBP,1.785347
2020-09-08,JPY,0.012899
2020-09-08,CHF,1.492514
2020-09-08,CNY,0.200216
2020-09-08,HKD,0.176805
2020-09-08,MYR,0.328726
2020-09-08,ZAR,0.080732
2020-09-09,USD,1.369065
2020-09-09,EUR,1.611800
2020-09-09,GBP,1.767073
2020-09-09,JPY,0.012889
2020-09-09,CHF,1.491579
2020-09-09,CNY,0.200015
2020-09-09,HKD,0.176643
2020-09-09,MYR,0.328195
2020-09-09,ZAR,0.081799
2020-09-10,USD,1.367120
2020-09-10,EUR,1.619900
2020-09-10,GBP,1.768643
2020-09-10,JPY,0.012881
2020-09-10,CHF,1.504644
2020-09-10,CNY,0.199933
2020-09-10,HKD,0.176394
2020-09-10,MYR,0.328320
2020-09-10,ZAR,0.081567
2020-09-11,USD,1.366627
2020-09-11,EUR,1.620000
2020-09-11,GBP,1.753095
2020-09-11,JPY,0.012876
2020-09-11,CHF,1.503201
2020-09-11,CNY,0.199894
2020-09-11,HKD,0.176334
2020-09-11,MYR,0.329108
2020-09-11,ZAR,0.081601
2020-09-14,USD,1.364685
2020-09-14,EUR,1.620700
2020-09-14,GBP,1.758000
2020-09-14,JPY,0.012881
2020-09-14,CHF,1.505108
2020-09-14,CNY,0.200119
2020-09-14,HKD,0.176085
2020-09-14,MYR,0.329196
2020-09-14,ZAR,0.081905
2020-09-15,USD,1.359149
2020-09-15,EUR,1.616300
2020-09-15,GBP,1.755036
2020-09-15,JPY,0.012890
2020-09-15,CHF,1.501022
2020-09-15,CNY,0.200718
2020-09-15,HKD,0.175372
2020-09-15,MYR,0.329051
2020-09-15,ZAR,0.082604
2020-09-16,USD,1.357317
2020-09-16,EUR,1.611000
2020-09-16,GBP,1.762139
2020-09-16,JPY,0.012917
2020-09-16,CHF,1.498187
2020-09-16,CNY,0.200800
2020-09-16,HKD,0.175137
2020-09-16,MYR,0.328608
2020-09-16,ZAR,0.083159
2020-09-17,USD,1.359583
2020-09-17,EUR,1.603900
2020-09-17,GBP,1.752322
2020-09-17,JPY,0.013000
2020-09-17,CHF,1.493111
2020-09-17,CNY,0.200836
2020-09-17,HKD,0.175428
2020-09-17,MYR,0.328520
2020-09-17,ZAR,0.083245
2020-09-18,USD,1.359081
2020-09-18,EUR,1.608200
2020-09-18,GBP,1.761099
2020-09-18,JPY,0.013023
2020-09-18,CHF,1.492390
2020-09-18,CNY,0.200659
2020-09-18,HKD,0.175363
2020-09-18,MYR,0.330314
2020-09-18,ZAR,0.083970
2020-09-21,USD,1.359718
2020-09-21,EUR,1.602700
2020-09-21,GBP,1.749520
2020-09-21,JPY,0.013062
2020-09-21,CHF,1.489360
2020-09-21,CNY,0.200358
2020-09-21,HKD,0.175448
2020-09-21,MYR,0.329828
2020-09-21,ZAR,0.081184
2020-09-22,USD,1.362692
2020-09-22,EUR,1.599800
2020-09-22,GBP,1.743784
2020-09-22,JPY,0.013030
2020-09-22,CHF,1.488463
2020-09-22,CNY,0.201106
2020-09-22,HKD,0.175829
2020-09-22,MYR,0.329591
2020-09-22,ZAR,0.081715
2020-09-23,USD,1.367516
2020-09-23,EUR,1.598900
2020-09-23,GBP,1.740110
2020-09-23,JPY,0.013009
2020-09-23,CHF,1.484173
2020-09-23,CNY,0.201289
2020-09-23,HKD,0.176452
2020-09-23,MYR,0.329168
2020-09-23,ZAR,0.080102
2020-09-24,USD,1.376471
2020-09-24,EUR,1.602900
2020-09-24,GBP,1.757026
2020-09-24,JPY,0.013060
2020-09-24,CHF,1.488025
2020-09-24,CNY,0.201554
2020-09-24,HKD,0.177607
2020-09-24,MYR,0.330209
2020-09-24,ZAR,0.080680
2020-09-25,USD,1.377170
2020-09-25,EUR,1.602200
2020-09-25,GBP,1.754048
2020-09-25,JPY,0.013054
2020-09-25,CHF,1.483793
2020-09-25,CNY,0.201659
2020-09-25,HKD,0.177696
2020-09-25,MYR,0.330453
2020-09-25,ZAR,0.080513
2020-09-28,USD,1.373436
2020-09-28,EUR,1.602800
2020-09-28,GBP,1.770893
2020-09-28,JPY,0.013029
2020-09-28,CHF,1.481879
2020-09-28,CNY,0.201585
2020-09-28,HKD,0.177217
2020-09-28,MYR,0.328928
2020-09-28,ZAR,0.080581
2020-09-29,USD,1.368826
2020-09-29,EUR,1.601800
2020-09-29,GBP,1.760936
2020-09-29,JPY,0.012958
2020-09-29,CHF,1.483835
2020-09-29,CNY,0.200785
2020-09-29,HKD,0.176622
2020-09-29,MYR,0.329324
2020-09-29,ZAR,0.080620
2020-09-30,USD,1.369576
2020-09-30,EUR,1.603500
2020-09-30,GBP,1.757549
2020-09-30,JPY,0.012957
2020-09-30,CHF,1.484173
2020-09-30,CNY,0.201141
2020-09-30,HKD,0.176710
2020-09-30,MYR,0.329579
2020-09-30,ZAR,0.081358
2020-10-01,USD,1.361811
2020-10-01,EUR,1.600400
2020-10-01,GBP,1.764051
2020-10-01,JPY,0.012909
2020-10-01,CHF,1.483638
2020-10-01,CNY,0.200539
2020-10-01,HKD,0.175710
2020-10-01,MYR,0.328031
2020-10-01,ZAR,0.081915
2020-10-02,USD,1.363001
2020-10-02,EUR,1.598800
2020-10-02,GBP,1.763259
2020-10-02,JPY,0.012956
2020-10-02,CHF,1.481742
2020-10-02,CNY,0.200713
2020-10-02,HKD,0.175866
2020-10-02,MYR,0.327288
2020-10-02,ZAR,0.082412
2020-10-05,USD,1.360214
2020-10-05,EUR,1.600700
2020-10-05,GBP,1.762691
2020-10-05,JPY,0.012883
2020-10-05,CHF,1.484742
2020-10-05,CNY,0.199768
2020-10-05,HKD,0.175510
2020-10-05,MYR,0.327563
2020-10-05,ZAR,0.082746
2020-10-06,USD,1.359220
2020-10-06,EUR,1.603200
2020-10-06,GBP,1.760636
2020-10-06,JPY,0.012869
2020-10-06,CHF,1.487061
2020-10-06,CNY,0.200122
2020-10-06,HKD,0.175382
2020-10-06,MYR,0.327244
2020-10-06,ZAR,0.082414
2020-10-07,USD,1.358963
2020-10-07,EUR,1.599500
2020-10-07,GBP,1.749751
2020-10-07,JPY,0.012824
2020-10-07,CHF,1.482803
2020-10-07,CNY,0.200103
2020-10-07,HKD,0.175347
2020-10-07,MYR,0.326982
2020-10-07,ZAR,0.081693
2020-10-08,USD,1.358181
2020-10-08,EUR,1.597900
2020-10-08,GBP,1.755259
2020-10-08,JPY,0.012815
2020-10-08,CHF,1.479674
2020-10-08,CNY,0.200003
2020-10-08,HKD,0.175245
2020-10-08,MYR,0.327077
2020-10-08,ZAR,0.081946
2020-10-09,USD,1.355320
2020-10-09,EUR,1.598600
2020-10-09,GBP,1.753485
2020-10-09,JPY,0.012794
2020-10-09,CHF,1.483895
2020-10-09,CNY,0.202234
2020-10-09,HKD,0.174879
2020-10-09,MYR,0.327528
2020-10-09,ZAR,0.082268
2020-10-12,USD,1.356979
2020-10-12,EUR,1.601100
2020-10-12,GBP,1.767258
2020-10-12,JPY,0.012870
2020-10-12,CHF,1.490505
2020-10-12,CNY,0.201199
2020-10-12,HKD,0.175093
2020-10-12,MYR,0.327223
2020-10-12,ZAR,0.082188
2020-10-13,USD,1.358022
2020-10-13,EUR,1.600700
2020-10-13,GBP,1.766953
2020-10-13,JPY,0.012869
2020-10-13,CHF,1.491243
2020-10-13,CNY,0.201630
2020-10-13,HKD,0.175227
2020-10-13,MYR,0.327864
2020-10-13,ZAR,0.082321
2020-10-14,USD,1.357191
2020-10-14,EUR,1.594700
2020-10-14,GBP,1.764146
2020-10-14,JPY,0.012892
2020-10-14,CHF,1.485100
2020-10-14,CNY,0.201626
2020-10-14,HKD,0.175121
2020-10-14,MYR,0.326997
2020-10-14,ZAR,0.082245
2020-10-15,USD,1.362199
2020-10-15,EUR,1.593500
2020-10-15,GBP,1.760093
2020-10-15,JPY,0.012940
2020-10-15,CHF,1.489670
2020-10-15,CNY,0.202334
2020-10-15,HKD,0.175767
2020-10-15,MYR,0.327887
2020-10-15,ZAR,0.081580
2020-10-16,USD,1.357806
2020-10-16,EUR,1.594200
2020-10-16,GBP,1.753506
2020-10-16,JPY,0.012899
2020-10-16,CHF,1.486988
2020-10-16,CNY,0.202724
2020-10-16,HKD,0.175200
2020-10-16,MYR,0.327297
2020-10-16,ZAR,0.082232
2020-10-19,USD,1.356810
2020-10-19,EUR,1.599000
2020-10-19,GBP,1.765134
2020-10-19,JPY,0.012884
2020-10-19,CHF,1.491048
2020-10-19,CNY,0.203004
2020-10-19,HKD,0.175072
2020-10-19,MYR,0.327536
2020-10-19,ZAR,0.082505
2020-10-20,USD,1.357832
2020-10-20,EUR,1.603600
2020-10-20,GBP,1.755850
2020-10-20,JPY,0.012850
2020-10-20,CHF,1.495338
2020-10-20,CNY,0.203198
2020-10-20,HKD,0.175203
2020-10-20,MYR,0.327152
2020-10-20,ZAR,0.082133
2020-10-21,USD,1.355636
2020-10-21,EUR,1.606700
2020-10-21,GBP,1.770390
2020-10-21,JPY,0.012929
2020-10-21,CHF,1.499487
2020-10-21,CNY,0.203692
2020-10-21,HKD,0.174919
2020-10-21,MYR,0.327130
2020-10-21,ZAR,0.082660
2020-10-22,USD,1.357161
2020-10-22,EUR,1.604300
2020-10-22,GBP,1.777165
2020-10-22,JPY,0.012967
2020-10-22,CHF,1.495711
2020-10-22,CNY,0.203127
2020-10-22,HKD,0.175115
2020-10-22,MYR,0.327462
2020-10-22,ZAR,0.083228
2020-10-23,USD,1.357034
2020-10-23,EUR,1.608900
2020-10-23,GBP,1.774359
2020-10-23,JPY,0.012957
2020-10-23,CHF,1.501540
2020-10-23,CNY,0.203254
2020-10-23,HKD,0.175099
2020-10-23,MYR,0.326408
2020-10-23,ZAR,0.083838
2020-10-26,USD,1.361790
2020-10-26,EUR,1.609500
2020-10-26,GBP,1.773456
2020-10-26,JPY,0.012965
2020-10-26,CHF,1.501539
2020-10-26,CNY,0.202856
2020-10-26,HKD,0.175713
2020-10-26,MYR,0.327001
2020-10-26,ZAR,0.083793
2020-10-27,USD,1.358857
2020-10-27,EUR,1.607800
2020-10-27,GBP,1.772305
2020-10-27,JPY,0.012993
2020-10-27,CHF,1.498136
2020-10-27,CNY,0.202634
2020-10-27,HKD,0.175335
2020-10-27,MYR,0.326298
2020-10-27,ZAR,0.084346
2020-10-28,USD,1.365567
2020-10-28,EUR,1.601400
2020-10-28,GBP,1.766341
2020-10-28,JPY,0.013088
2020-10-28,CHF,1.497615
2020-10-28,CNY,0.203107
2020-10-28,HKD,0.176201
2020-10-28,MYR,0.328614
2020-10-28,ZAR,0.083325
2020-10-29,USD,1.366029
2020-10-29,EUR,1.598800
2020-10-29,GBP,1.767997
2020-10-29,JPY,0.013095
2020-10-29,CHF,1.496443
2020-10-29,CNY,0.203588
2020-10-29,HKD,0.176205
2020-10-29,MYR,0.328647
2020-10-29,ZAR,0.083131
2020-10-30,USD,1.363652
2020-10-30,EUR,1.595200
2020-10-30,GBP,1.768358
2020-10-30,JPY,0.013037
2020-10-30,CHF,1.491120
2020-10-30,CNY,0.204099
2020-10-30,HKD,0.175865
2020-10-30,MYR,0.328312
2020-10-30,ZAR,0.083800
2020-11-02,USD,1.364830
2020-11-02,EUR,1.590300
2020-11-02,GBP,1.765960
2020-11-02,JPY,0.013043
2020-11-02,CHF,1.486957
2020-11-02,CNY,0.203984
2020-11-02,HKD,0.176060
2020-11-02,MYR,0.328283
2020-11-02,ZAR,0.084155
2020-11-03,USD,1.361391
2020-11-03,EUR,1.593100
2020-11-03,GBP,1.769285
2020-11-03,JPY,0.012999
2020-11-03,CHF,1.487627
2020-11-03,CNY,0.203726
2020-11-03,HKD,0.175657
2020-11-03,MYR,0.327569
2020-11-03,ZAR,0.084883
2020-11-04,USD,1.358758
2020-11-04,EUR,1.592600
2020-11-04,GBP,1.770460
2020-11-04,JPY,0.013021
2020-11-04,CHF,1.491897
2020-11-04,CNY,0.204080
2020-11-04,HKD,0.175258
2020-11-04,MYR,0.325998
2020-11-04,ZAR,0.084672
2020-11-05,USD,1.350822
2020-11-05,EUR,1.601400
2020-11-05,GBP,1.770481
2020-11-05,JPY,0.013034
2020-11-05,CHF,1.493286
2020-11-05,CNY,0.204440
2020-11-05,HKD,0.174213
2020-11-05,MYR,0.325693
2020-11-05,ZAR,0.085685
2020-11-06,USD,1.347852
2020-11-06,EUR,1.599900
2020-11-06,GBP,1.769214
2020-11-06,JPY,0.013043
2020-11-06,CHF,1.497753
2020-11-06,CNY,0.203892
2020-11-06,HKD,0.173845
2020-11-06,MYR,0.326477
2020-11-06,ZAR,0.085587
2020-11-09,USD,1.342254
2020-11-09,EUR,1.595000
2020-11-09,GBP,1.767822
2020-11-09,JPY,0.012794
2020-11-09,CHF,1.479866
2020-11-09,CNY,0.203249
2020-11-09,HKD,0.173129
2020-11-09,MYR,0.326704
2020-11-09,ZAR,0.087973
2020-11-10,USD,1.348747
2020-11-10,EUR,1.592600
2020-11-10,GBP,1.785766
2020-11-10,JPY,0.012806
2020-11-10,CHF,1.472312
2020-11-10,CNY,0.203900
2020-11-10,HKD,0.173925
2020-11-10,MYR,0.327325
2020-11-10,ZAR,0.086787
2020-11-11,USD,1.349482
2020-11-11,EUR,1.587800
2020-11-11,GBP,1.785349
2020-11-11,JPY,0.012798
2020-11-11,CHF,1.471139
2020-11-11,CNY,0.203713
2020-11-11,HKD,0.174023
2020-11-11,MYR,0.326789
2020-11-11,ZAR,0.086144
2020-11-12,USD,1.350267
2020-11-12,EUR,1.592100
2020-11-12,GBP,1.773631
2020-11-12,JPY,0.012814
2020-11-12,CHF,1.473484
2020-11-12,CNY,0.203841
2020-11-12,HKD,0.174135
2020-11-12,MYR,0.326900
2020-11-12,ZAR,0.086102
2020-11-13,USD,1.348625
2020-11-13,EUR,1.593400
2020-11-13,GBP,1.776702
2020-11-13,JPY,0.012862
2020-11-13,CHF,1.474688
2020-11-13,CNY,0.204096
2020-11-13,HKD,0.173937
2020-11-13,MYR,0.327140
2020-11-13,ZAR,0.086566
2020-11-16,USD,1.346915
2020-11-16,EUR,1.593400
2020-11-16,GBP,1.774012
2020-11-16,JPY,0.012834
2020-11-16,CHF,1.472779
2020-11-16,CNY,0.204426
2020-11-16,HKD,0.173715
2020-11-16,MYR,0.327120
2020-11-16,ZAR,0.087383
2020-11-17,USD,1.343377
2020-11-17,EUR,1.596200
2020-11-17,GBP,1.781772
2020-11-17,JPY,0.012895
2020-11-17,CHF,1.475777
2020-11-17,CNY,0.204925
2020-11-17,HKD,0.173276
2020-11-17,MYR,0.327291
2020-11-17,ZAR,0.087195
2020-11-18,USD,1.341170
2020-11-18,EUR,1.591700
2020-11-18,GBP,1.780963
2020-11-18,JPY,0.012911
2020-11-18,CHF,1.472161
2020-11-18,CNY,0.204536
2020-11-18,HKD,0.173001
2020-11-18,MYR,0.328118
2020-11-18,ZAR,0.087067
2020-11-19,USD,1.345842
2020-11-19,EUR,1.592400
2020-11-19,GBP,1.781646
2020-11-19,JPY,0.012938
2020-11-19,CHF,1.474854
2020-11-19,CNY,0.204345
2020-11-19,HKD,0.173583
2020-11-19,MYR,0.328215
2020-11-19,ZAR,0.086944
2020-11-20,USD,1.343168
2020-11-20,EUR,1.593400
2020-11-20,GBP,1.782466
2020-11-20,JPY,0.012936
2020-11-20,CHF,1.473869
2020-11-20,CNY,0.204502
2020-11-20,HKD,0.173248
2020-11-20,MYR,0.328204
2020-11-20,ZAR,0.087457
2020-11-23,USD,1.340644
2020-11-23,EUR,1.595500
2020-11-23,GBP,1.794955
2020-11-23,JPY,0.012922
2020-11-23,CHF,1.476495
2020-11-23,CNY,0.204086
2020-11-23,HKD,0.172941
2020-11-23,MYR,0.327746
2020-11-23,ZAR,0.087441
2020-11-24,USD,1.343531
2020-11-24,EUR,1.594100
2020-11-24,GBP,1.790882
2020-11-24,JPY,0.012849
2020-11-24,CHF,1.471522
2020-11-24,CNY,0.203974
2020-11-24,HKD,0.173328
2020-11-24,MYR,0.328694
2020-11-24,ZAR,0.087489
2020-11-25,USD,1.342725
2020-11-25,EUR,1.596500
2020-11-25,GBP,1.791224
2020-11-25,JPY,0.012855
2020-11-25,CHF,1.473466
2020-11-25,CNY,0.204185
2020-11-25,HKD,0.173229
2020-11-25,MYR,0.328498
2020-11-25,ZAR,0.087971
2020-11-26,USD,1.338655
2020-11-26,EUR,1.593000
2020-11-26,GBP,1.787297
2020-11-26,JPY,0.012843
2020-11-26,CHF,1.473227
2020-11-26,CNY,0.203568
2020-11-26,HKD,0.172711
2020-11-26,MYR,0.329112
2020-11-26,ZAR,0.087963
2020-11-27,USD,1.338282
2020-11-27,EUR,1.595500
2020-11-27,GBP,1.783838
2020-11-27,JPY,0.012843
2020-11-27,CHF,1.473767
2020-11-27,CNY,0.203451
2020-11-27,HKD,0.172666
2020-11-27,MYR,0.328854
2020-11-27,ZAR,0.087350
2020-11-30,USD,1.337980
2020-11-30,EUR,1.602900
2020-11-30,GBP,1.784073
2020-11-30,JPY,0.012845
2020-11-30,CHF,1.478826
2020-11-30,CNY,0.203419
2020-11-30,HKD,0.172611
2020-11-30,MYR,0.328416
2020-11-30,ZAR,0.086995
2020-12-01,USD,1.340909
2020-12-01,EUR,1.604800
2020-12-01,GBP,1.787122
2020-12-01,JPY,0.012847
2020-12-01,CHF,1.480989
2020-12-01,CNY,0.204072
2020-12-01,HKD,0.172979
2020-12-01,MYR,0.328617
2020-12-01,ZAR,0.087545
2020-12-02,USD,1.340627
2020-12-02,EUR,1.617600
2020-12-02,GBP,1.787601
2020-12-02,JPY,0.012825
2020-12-02,CHF,1.495147
2020-12-02,CNY,0.204235
2020-12-02,HKD,0.172941
2020-12-02,MYR,0.328787
2020-12-02,ZAR,0.087165
2020-12-03,USD,1.335528
2020-12-03,EUR,1.622800
2020-12-03,GBP,1.795967
2020-12-03,JPY,0.012829
2020-12-03,CHF,1.498292
2020-12-03,CNY,0.203954
2020-12-03,HKD,0.172294
2020-12-03,MYR,0.328150
2020-12-03,ZAR,0.087494
2020-12-04,USD,1.332840
2020-12-04,EUR,1.620600
2020-12-04,GBP,1.795042
2020-12-04,JPY,0.012817
2020-12-04,CHF,1.497505
2020-12-04,CNY,0.204052
2020-12-04,HKD,0.171965
2020-12-04,MYR,0.328283
2020-12-04,ZAR,0.087755
2020-12-07,USD,1.336741
2020-12-07,EUR,1.621200
2020-12-07,GBP,1.777339
2020-12-07,JPY,0.012836
2020-12-07,CHF,1.500833
2020-12-07,CNY,0.204413
2020-12-07,HKD,0.172470
2020-12-07,MYR,0.328278
2020-12-07,ZAR,0.087992
2020-12-08,USD,1.338039
2020-12-08,EUR,1.620900
2020-12-08,GBP,1.778414
2020-12-08,JPY,0.012846
2020-12-08,CHF,1.503478
2020-12-08,CNY,0.204879
2020-12-08,HKD,0.172629
2020-12-08,MYR,0.328596
2020-12-08,ZAR,0.088983
2020-12-09,USD,1.335701
2020-12-09,EUR,1.617400
2020-12-09,GBP,1.797111
2020-12-09,JPY,0.012831
2020-12-09,CHF,1.502601
2020-12-09,CNY,0.204302
2020-12-09,HKD,0.172309
2020-12-09,MYR,0.328767
2020-12-09,ZAR,0.089480
2020-12-10,USD,1.337350
2020-12-10,EUR,1.620200
2020-12-10,GBP,1.778485
2020-12-10,JPY,0.012805
2020-12-10,CHF,1.506182
2020-12-10,CNY,0.204431
2020-12-10,HKD,0.172531
2020-12-10,MYR,0.329316
2020-12-10,ZAR,0.089142
2020-12-11,USD,1.336934
2020-12-11,EUR,1.621300
2020-12-11,GBP,1.756669
2020-12-11,JPY,0.012839
2020-12-11,CHF,1.503152
2020-12-11,CNY,0.204230
2020-12-11,HKD,0.172481
2020-12-11,MYR,0.329982
2020-12-11,ZAR,0.088386
2020-12-14,USD,1.332182
2020-12-14,EUR,1.620200
2020-12-14,GBP,1.786329
2020-12-14,JPY,0.012848
2020-12-14,CHF,1.503526
2020-12-14,CNY,0.203573
2020-12-14,HKD,0.171861
2020-12-14,MYR,0.328648
2020-12-14,ZAR,0.088856
2020-12-15,USD,1.334020
2020-12-15,EUR,1.619500
2020-12-15,GBP,1.783689
2020-12-15,JPY,0.012845
2020-12-15,CHF,1.503714
2020-12-15,CNY,0.203808
2020-12-15,HKD,0.172086
2020-12-15,MYR,0.329020
2020-12-15,ZAR,0.089273
2020-12-16,USD,1.329313
2020-12-16,EUR,1.620300
2020-12-16,GBP,1.801334
2020-12-16,JPY,0.012863
2020-12-16,CHF,1.502225
2020-12-16,CNY,0.203471
2020-12-16,HKD,0.171480
2020-12-16,MYR,0.328102
2020-12-16,ZAR,0.089433
2020-12-17,USD,1.325086
2020-12-17,EUR,1.622700
2020-12-17,GBP,1.801999
2020-12-17,JPY,0.012859
2020-12-17,CHF,1.499584
2020-12-17,CNY,0.202822
2020-12-17,HKD,0.170920
2020-12-17,MYR,0.328355
2020-12-17,ZAR,0.090240
2020-12-18,USD,1.328167
2020-12-18,EUR,1.628200
2020-12-18,GBP,1.792619
2020-12-18,JPY,0.012852
2020-12-18,CHF,1.501337
2020-12-18,CNY,0.203154
2020-12-18,HKD,0.171319
2020-12-18,MYR,0.328717
2020-12-18,ZAR,0.091114
2020-12-21,USD,1.337879
2020-12-21,EUR,1.628600
2020-12-21,GBP,1.777754
2020-12-21,JPY,0.012921
2020-12-21,CHF,1.506568
2020-12-21,CNY,0.204126
2020-12-21,HKD,0.172561
2020-12-21,MYR,0.330258
2020-12-21,ZAR,0.090053
2020-12-22,USD,1.334014
2020-12-22,EUR,1.632700
2020-12-22,GBP,1.791263
2020-12-22,JPY,0.012905
2020-12-22,CHF,1.506598
2020-12-22,CNY,0.203945
2020-12-22,HKD,0.172071
2020-12-22,MYR,0.328491
2020-12-22,ZAR,0.091445
2020-12-23,USD,1.334457
2020-12-23,EUR,1.623500
2020-12-23,GBP,1.789967
2020-12-23,JPY,0.012886
2020-12-23,CHF,1.498108
2020-12-23,CNY,0.204088
2020-12-23,HKD,0.172125
2020-12-23,MYR,0.328398
2020-12-23,ZAR,0.091262
2020-12-24,USD,1.328221
2020-12-24,EUR,1.619500
2020-12-24,GBP,1.803553
2020-12-24,JPY,0.012815
2020-12-24,CHF,1.492489
2020-12-24,CNY,0.203393
2020-12-24,HKD,0.171318
2020-12-24,MYR,0.327106
2020-12-24,ZAR,0.090855
2020-12-28,USD,1.328832
2020-12-28,EUR,1.623700
2020-12-28,GBP,1.795969
2020-12-28,JPY,0.012832
2020-12-28,CHF,1.495946
2020-12-28,CNY,0.203201
2020-12-28,HKD,0.171401
2020-12-28,MYR,0.328086
2020-12-28,ZAR,0.091215
2020-12-29,USD,1.327514
2020-12-29,EUR,1.627400
2020-12-29,GBP,1.791048
2020-12-29,JPY,0.012791
2020-12-29,CHF,1.498251
2020-12-29,CNY,0.203247
2020-12-29,HKD,0.171228
2020-12-29,MYR,0.327741
2020-12-29,ZAR,0.090587
2020-12-30,USD,1.323752
2020-12-30,EUR,1.625700
2020-12-30,GBP,1.800193
2020-12-30,JPY,0.012844
2020-12-30,CHF,1.497375
2020-12-30,CNY,0.202873
2020-12-30,HKD,0.170749
2020-12-30,MYR,0.327908
2020-12-30,ZAR,0.090290
2020-12-31,USD,1.321653
2020-12-31,EUR,1.621800
2020-12-31,GBP,1.803944
2020-12-31,JPY,0.012822
2020-12-31,CHF,1.501389
2020-12-31,CNY,0.202156
2020-12-31,HKD,0.170461
2020-12-31,MYR,0.328699
2020-12-31,ZAR,0.089991
2021-01-04,USD,1.317339
2021-01-04,EUR,1.619800
2021-01-04,GBP,1.796584
2021-01-04,JPY,0.012793
2021-01-04,CHF,1.498289
2021-01-04,CNY,0.203789
2021-01-04,HKD,0.169915
2021-01-04,MYR,0.328800
2021-01-04,ZAR,0.090384
2021-01-05,USD,1.318556
2021-01-05,EUR,1.618000
2021-01-05,GBP,1.791151
2021-01-05,JPY,0.012816
2021-01-05,CHF,1.497732
2021-01-05,CNY,0.203997
2021-01-05,HKD,0.170072
2021-01-05,MYR,0.328241
2021-01-05,ZAR,0.087842
2021-01-06,USD,1.316745
2021-01-06,EUR,1.624600
2021-01-06,GBP,1.792464
2021-01-06,JPY,0.012789
2021-01-06,CHF,1.501340
2021-01-06,CNY,0.203960
2021-01-06,HKD,0.169832
2021-01-06,MYR,0.328321
2021-01-06,ZAR,0.087758
2021-01-07,USD,1.323965
2021-01-07,EUR,1.625300
2021-01-07,GBP,1.802084
2021-01-07,JPY,0.012785
2021-01-07,CHF,1.500323
2021-01-07,CNY,0.204718
2021-01-07,HKD,0.170768
2021-01-07,MYR,0.327880
2021-01-07,ZAR,0.086489
2021-01-08,USD,1.324735
2021-01-08,EUR,1.622800
2021-01-08,GBP,1.800550
2021-01-08,JPY,0.012752
2021-01-08,CHF,1.498845
2021-01-08,CNY,0.204940
2021-01-08,HKD,0.170853
2021-01-08,MYR,0.328775
2021-01-08,ZAR,0.086682
2021-01-11,USD,1.330264
2021-01-11,EUR,1.618000
2021-01-11,GBP,1.793096
2021-01-11,JPY,0.012764
2021-01-11,CHF,1.492895
2021-01-11,CNY,0.205314
2021-01-11,HKD,0.171525
2021-01-11,MYR,0.328301
2021-01-11,ZAR,0.086028
2021-01-12,USD,1.327687
2021-01-12,EUR,1.614600
2021-01-12,GBP,1.805233
2021-01-12,JPY,0.012739
2021-01-12,CHF,1.493341
2021-01-12,CNY,0.205483
2021-01-12,HKD,0.171194
2021-01-12,MYR,0.327220
2021-01-12,ZAR,0.086218
2021-01-13,USD,1.326566
2021-01-13,EUR,1.613900
2021-01-13,GBP,1.813717
2021-01-13,JPY,0.012764
2021-01-13,CHF,1.492693
2021-01-13,CNY,0.205028
2021-01-13,HKD,0.171080
2021-01-13,MYR,0.327995
2021-01-13,ZAR,0.086616
2021-01-14,USD,1.327120
2021-01-14,EUR,1.609000
2021-01-14,GBP,1.809024
2021-01-14,JPY,0.012749
2021-01-14,CHF,1.489125
2021-01-14,CNY,0.205206
2021-01-14,HKD,0.171161
2021-01-14,MYR,0.328824
2021-01-14,ZAR,0.087376
2021-01-15,USD,1.328467
2021-01-15,EUR,1.610500
2021-01-15,GBP,1.809591
2021-01-15,JPY,0.012808
2021-01-15,CHF,1.495357
2021-01-15,CNY,0.205162
2021-01-15,HKD,0.171321
2021-01-15,MYR,0.329083
2021-01-15,ZAR,0.087230
2021-01-18,USD,1.332725
2021-01-18,EUR,1.607800
2021-01-18,GBP,1.805036
2021-01-18,JPY,0.012844
2021-01-18,CHF,1.496045
2021-01-18,CNY,0.205184
2021-01-18,HKD,0.171887
2021-01-18,MYR,0.328908
2021-01-18,ZAR,0.086946
2021-01-19,USD,1.328223
2021-01-19,EUR,1.611400
2021-01-19,GBP,1.808530
2021-01-19,JPY,0.012773
2021-01-19,CHF,1.496332
2021-01-19,CNY,0.204987
2021-01-19,HKD,0.171331
2021-01-19,MYR,0.327954
2021-01-19,ZAR,0.088939
2021-01-20,USD,1.326667
2021-01-20,EUR,1.605400
2021-01-20,GBP,1.812721
2021-01-20,JPY,0.012780
2021-01-20,CHF,1.489516
2021-01-20,CNY,0.205053
2021-01-20,HKD,0.171144
2021-01-20,MYR,0.327974
2021-01-20,ZAR,0.088647
2021-01-21,USD,1.322668
2021-01-21,EUR,1.608100
2021-01-21,GBP,1.814499
2021-01-21,JPY,0.012791
2021-01-21,CHF,1.492713
2021-01-21,CNY,0.204718
2021-01-21,HKD,0.170630
2021-01-21,MYR,0.328204
2021-01-21,ZAR,0.089345
2021-01-22,USD,1.328261
2021-01-22,EUR,1.614900
2021-01-22,GBP,1.813577
2021-01-22,JPY,0.012797
2021-01-22,CHF,1.499025
2021-01-22,CNY,0.204879
2021-01-22,HKD,0.171333
2021-01-22,MYR,0.328532
2021-01-22,ZAR,0.087857
2021-01-25,USD,1.326860
2021-01-25,EUR,1.612400
2021-01-25,GBP,1.815766
2021-01-25,JPY,0.012791
2021-01-25,CHF,1.496844
2021-01-25,CNY,0.204848
2021-01-25,HKD,0.171170
2021-01-25,MYR,0.328064
2021-01-25,ZAR,0.087190
2021-01-26,USD,1.325784
2021-01-26,EUR,1.609900
2021-01-26,GBP,1.815035
2021-01-26,JPY,0.012784
2021-01-26,CHF,1.492168
2021-01-26,CNY,0.204986
2021-01-26,HKD,0.171026
2021-01-26,MYR,0.327475
2021-01-26,ZAR,0.087464
2021-01-27,USD,1.328050
2021-01-27,EUR,1.608800
2021-01-27,GBP,1.820012
2021-01-27,JPY,0.012781
2021-01-27,CHF,1.495306
2021-01-27,CNY,0.205175
2021-01-27,HKD,0.171311
2021-01-27,MYR,0.328280
2021-01-27,ZAR,0.087255
2021-01-28,USD,1.333140
2021-01-28,EUR,1.611900
2021-01-28,GBP,1.819239
2021-01-28,JPY,0.012773
2021-01-28,CHF,1.494853
2021-01-28,CNY,0.206057
2021-01-28,HKD,0.171951
2021-01-28,MYR,0.329538
2021-01-28,ZAR,0.087435
2021-01-29,USD,1.328362
2021-01-29,EUR,1.612100
2021-01-29,GBP,1.823993
2021-01-29,JPY,0.012689
2021-01-29,CHF,1.492962
2021-01-29,CNY,0.206555
2021-01-29,HKD,0.171330
2021-01-29,MYR,0.328598
2021-01-29,ZAR,0.088065
2021-02-01,USD,1.331678
2021-02-01,EUR,1.609200
2021-02-01,GBP,1.824490
2021-02-01,JPY,0.012694
2021-02-01,CHF,1.487796
2021-02-01,CNY,0.205930
2021-02-01,HKD,0.171763
2021-02-01,MYR,0.329417
2021-02-01,ZAR,0.088625
2021-02-02,USD,1.331866
2021-02-02,EUR,1.604100
2021-02-02,GBP,1.821289
2021-02-02,JPY,0.012685
2021-02-02,CHF,1.484178
2021-02-02,CNY,0.206299
2021-02-02,HKD,0.171817
2021-02-02,MYR,0.329303
2021-02-02,ZAR,0.089084
2021-02-03,USD,1.333195
2021-02-03,EUR,1.602100
2021-02-03,GBP,1.817573
2021-02-03,JPY,0.012690
2021-02-03,CHF,1.482877
2021-02-03,CNY,0.206395
2021-02-03,HKD,0.171991
2021-02-03,MYR,0.329102
2021-02-03,ZAR,0.089297
2021-02-04,USD,1.335862
2021-02-04,EUR,1.602500
2021-02-04,GBP,1.827398
2021-02-04,JPY,0.012694
2021-02-04,CHF,1.481327
2021-02-04,CNY,0.206662
2021-02-04,HKD,0.172306
2021-02-04,MYR,0.329150
2021-02-04,ZAR,0.088881
2021-02-05,USD,1.337979
2021-02-05,EUR,1.603300
2021-02-05,GBP,1.831547
2021-02-05,JPY,0.012652
2021-02-05,CHF,1.481109
2021-02-05,CNY,0.206784
2021-02-05,HKD,0.172583
2021-02-05,MYR,0.328700
2021-02-05,ZAR,0.089367
2021-02-08,USD,1.336133
2021-02-08,EUR,1.606700
2021-02-08,GBP,1.829267
2021-02-08,JPY,0.012654
2021-02-08,CHF,1.481922
2021-02-08,CNY,0.207001
2021-02-08,HKD,0.172358
2021-02-08,MYR,0.328649
2021-02-08,ZAR,0.089410
2021-02-09,USD,1.327991
2021-02-09,EUR,1.607400
2021-02-09,GBP,1.830168
2021-02-09,JPY,0.012699
2021-02-09,CHF,1.485994
2021-02-09,CNY,0.206357
2021-02-09,HKD,0.171315
2021-02-09,MYR,0.328061
2021-02-09,ZAR,0.089822
2021-02-10,USD,1.325967
2021-02-10,EUR,1.608000
2021-02-10,GBP,1.834569
2021-02-10,JPY,0.012657
2021-02-10,CHF,1.488200
2021-02-10,CNY,0.205535
2021-02-10,HKD,0.171038
2021-02-10,MYR,0.327882
2021-02-10,ZAR,0.090185
2021-02-11,USD,1.323784
2021-02-11,EUR,1.608000
2021-02-11,GBP,1.832374
2021-02-11,JPY,0.012649
2021-02-11,CHF,1.488613
2021-02-11,CNY,0.204977
2021-02-11,HKD,0.170753
2021-02-11,MYR,0.327468
2021-02-11,ZAR,0.090575
2021-02-12,USD,1.326891
2021-02-12,EUR,1.606600
2021-02-12,GBP,1.830821
2021-02-12,JPY,0.012635
2021-02-12,CHF,1.487179
2021-02-12,CNY,0.205429
2021-02-12,HKD,0.171155
2021-02-12,MYR,0.328233
2021-02-12,ZAR,0.090583
2021-02-15,USD,1.322945
2021-02-15,EUR,1.604600
2021-02-15,GBP,1.839610
2021-02-15,JPY,0.012563
2021-02-15,CHF,1.485466
2021-02-15,CNY,0.204846
2021-02-15,HKD,0.170642
2021-02-15,MYR,0.327911
2021-02-15,ZAR,0.091688
2021-02-16,USD,1.324714
2021-02-16,EUR,1.608600
2021-02-16,GBP,1.841915
2021-02-16,JPY,0.012551
2021-02-16,CHF,1.489444
2021-02-16,CNY,0.205121
2021-02-16,HKD,0.170875
2021-02-16,MYR,0.328715
2021-02-16,ZAR,0.091116
2021-02-17,USD,1.329022
2021-02-17,EUR,1.602800
2021-02-17,GBP,1.843146
2021-02-17,JPY,0.012528
2021-02-17,CHF,1.483250
2021-02-17,CNY,0.205788
2021-02-17,HKD,0.171435
2021-02-17,MYR,0.329104
2021-02-17,ZAR,0.089920
2021-02-18,USD,1.326382
2021-02-18,EUR,1.602800
2021-02-18,GBP,1.852092
2021-02-18,JPY,0.012552
2021-02-18,CHF,1.480100
2021-02-18,CNY,0.205035
2021-02-18,HKD,0.171086
2021-02-18,MYR,0.328147
2021-02-18,ZAR,0.091275
2021-02-19,USD,1.322926
2021-02-19,EUR,1.605900
2021-02-19,GBP,1.856360
2021-02-19,JPY,0.012565
2021-02-19,CHF,1.479956
2021-02-19,CNY,0.205049
2021-02-19,HKD,0.170621
2021-02-19,MYR,0.327414
2021-02-19,ZAR,0.090529
2021-02-22,USD,1.323498
2021-02-22,EUR,1.605800
2021-02-22,GBP,1.855773
2021-02-22,JPY,0.012545
2021-02-22,CHF,1.474835
2021-02-22,CNY,0.204699
2021-02-22,HKD,0.170703
2021-02-22,MYR,0.327394
2021-02-22,ZAR,0.088850
2021-02-23,USD,1.321584
2021-02-23,EUR,1.604800
2021-02-23,GBP,1.859387
2021-02-23,JPY,0.012539
2021-02-23,CHF,1.466106
2021-02-23,CNY,0.204417
2021-02-23,HKD,0.170446
2021-02-23,MYR,0.326843
2021-02-23,ZAR,0.089855
2021-02-24,USD,1.321340
2021-02-24,EUR,1.604900
2021-02-24,GBP,1.865512
2021-02-24,JPY,0.012471
2021-02-24,CHF,1.455164
2021-02-24,CNY,0.204806
2021-02-24,HKD,0.170391
2021-02-24,MYR,0.326864
2021-02-24,ZAR,0.091331
2021-02-25,USD,1.318609
2021-02-25,EUR,1.612000
2021-02-25,GBP,1.865568
2021-02-25,JPY,0.012426
2021-02-25,CHF,1.455399
2021-02-25,CNY,0.204314
2021-02-25,HKD,0.170055
2021-02-25,MYR,0.326428
2021-02-25,ZAR,0.089011
2021-02-26,USD,1.328768
2021-02-26,EUR,1.610600
2021-02-26,GBP,1.850137
2021-02-26,JPY,0.012502
2021-02-26,CHF,1.466048
2021-02-26,CNY,0.205473
2021-02-26,HKD,0.171322
2021-02-26,MYR,0.328051
2021-02-26,ZAR,0.088971
2021-03-01,USD,1.330955
2021-03-01,EUR,1.604200
2021-03-01,GBP,1.853324
2021-03-01,JPY,0.012471
2021-03-01,CHF,1.456510
2021-03-01,CNY,0.205746
2021-03-01,HKD,0.171576
2021-03-01,MYR,0.328185
2021-03-01,ZAR,0.088387
2021-03-02,USD,1.331560
2021-03-02,EUR,1.601600
2021-03-02,GBP,1.852996
2021-03-02,JPY,0.012456
2021-03-02,CHF,1.449412
2021-03-02,CNY,0.205755
2021-03-02,HKD,0.171667
2021-03-02,MYR,0.328170
2021-03-02,ZAR,0.088314
2021-03-03,USD,1.331424
2021-03-03,EUR,1.604100
2021-03-03,GBP,1.857651
2021-03-03,JPY,0.012453
2021-03-03,CHF,1.449837
2021-03-03,CNY,0.205926
2021-03-03,HKD,0.171650
2021-03-03,MYR,0.328669
2021-03-03,ZAR,0.089081
2021-03-04,USD,1.331561
2021-03-04,EUR,1.602400
2021-03-04,GBP,1.857424
2021-03-04,JPY,0.012400
2021-03-04,CHF,1.441785
2021-03-04,CNY,0.205842
2021-03-04,HKD,0.171631
2021-03-04,MYR,0.328172
2021-03-04,ZAR,0.088567
2021-03-05,USD,1.340928
2021-03-05,EUR,1.600800
2021-03-05,GBP,1.854925
2021-03-05,JPY,0.012381
2021-03-05,CHF,1.446593
2021-03-05,CNY,0.206584
2021-03-05,HKD,0.172695
2021-03-05,MYR,0.329146
2021-03-05,ZAR,0.087658
2021-03-08,USD,1.348053
2021-03-08,EUR,1.599600
2021-03-08,GBP,1.865901
2021-03-08,JPY,0.012410
2021-03-08,CHF,1.442771
2021-03-08,CNY,0.206544
2021-03-08,HKD,0.173524
2021-03-08,MYR,0.328190
2021-03-08,ZAR,0.087133
2021-03-09,USD,1.346141
2021-03-09,EUR,1.601100
2021-03-09,GBP,1.868174
2021-03-09,JPY,0.012364
2021-03-09,CHF,1.446211
2021-03-09,CNY,0.206652
2021-03-09,HKD,0.173420
2021-03-09,MYR,0.326929
2021-03-09,ZAR,0.087431
2021-03-10,USD,1.347040
2021-03-10,EUR,1.601900
2021-03-10,GBP,1.870177
2021-03-10,JPY,0.012406
2021-03-10,CHF,1.447195
2021-03-10,CNY,0.206876
2021-03-10,HKD,0.173540
2021-03-10,MYR,0.326439
2021-03-10,ZAR,0.088142
2021-03-11,USD,1.339460
2021-03-11,EUR,1.603200
2021-03-11,GBP,1.871367
2021-03-11,JPY,0.012349
2021-03-11,CHF,1.448762
2021-03-11,CNY,0.206561
2021-03-11,HKD,0.172628
2021-03-11,MYR,0.326099
2021-03-11,ZAR,0.090028
2021-03-12,USD,1.345261
2021-03-12,EUR,1.605300
2021-03-12,GBP,1.870216
2021-03-12,JPY,0.012335
2021-03-12,CHF,1.446998
2021-03-12,CNY,0.206773
2021-03-12,HKD,0.173280
2021-03-12,MYR,0.326679
2021-03-12,ZAR,0.089930
2021-03-15,USD,1.345638
2021-03-15,EUR,1.604000
2021-03-15,GBP,1.872301
2021-03-15,JPY,0.012322
2021-03-15,CHF,1.447131
2021-03-15,CNY,0.206946
2021-03-15,HKD,0.173306
2021-03-15,MYR,0.327207
2021-03-15,ZAR,0.090460
2021-03-16,USD,1.345715
2021-03-16,EUR,1.604900
2021-03-16,GBP,1.867357
2021-03-16,JPY,0.012357
2021-03-16,CHF,1.454636
2021-03-16,CNY,0.207033
2021-03-16,HKD,0.173267
2021-03-16,MYR,0.327103
2021-03-16,ZAR,0.090638
2021-03-17,USD,1.346771
2021-03-17,EUR,1.603600
2021-03-17,GBP,1.871877
2021-03-17,JPY,0.012333
2021-03-17,CHF,1.451616
2021-03-17,CNY,0.207090
2021-03-17,HKD,0.173407
2021-03-17,MYR,0.326765
2021-03-17,ZAR,0.090507
2021-03-18,USD,1.344275
2021-03-18,EUR,1.601300
2021-03-18,GBP,1.871224
2021-03-18,JPY,0.012310
2021-03-18,CHF,1.446653
2021-03-18,CNY,0.206601
2021-03-18,HKD,0.173127
2021-03-18,MYR,0.326956
2021-03-18,ZAR,0.090879
2021-03-19,USD,1.343033
2021-03-19,EUR,1.597000
2021-03-19,GBP,1.862108
2021-03-19,JPY,0.012328
2021-03-19,CHF,1.443159
2021-03-19,CNY,0.206296
2021-03-19,HKD,0.172925
2021-03-19,MYR,0.326973
2021-03-19,ZAR,0.091231
2021-03-22,USD,1.340936
2021-03-22,EUR,1.599200
2021-03-22,GBP,1.854510
2021-03-22,JPY,0.012323
2021-03-22,CHF,1.450785
2021-03-22,CNY,0.206130
2021-03-22,HKD,0.172674
2021-03-22,MYR,0.325942
2021-03-22,ZAR,0.091041
2021-03-23,USD,1.342674
2021-03-23,EUR,1.595500
2021-03-23,GBP,1.850971
2021-03-23,JPY,0.012369
2021-03-23,CHF,1.441804
2021-03-23,CNY,0.206225
2021-03-23,HKD,0.172879
2021-03-23,MYR,0.325692
2021-03-23,ZAR,0.090747
2021-03-24,USD,1.346047
2021-03-24,EUR,1.591700
2021-03-24,GBP,1.845449
2021-03-24,JPY,0.012377
2021-03-24,CHF,1.438110
2021-03-24,CNY,0.206358
2021-03-24,HKD,0.173269
2021-03-24,MYR,0.325881
2021-03-24,ZAR,0.090826
2021-03-25,USD,1.347145
2021-03-25,EUR,1.589900
2021-03-25,GBP,1.847260
2021-03-25,JPY,0.012349
2021-03-25,CHF,1.439475
2021-03-25,CNY,0.205892
2021-03-25,HKD,0.173381
2021-03-25,MYR,0.324887
2021-03-25,ZAR,0.089900
2021-03-26,USD,1.346546
2021-03-26,EUR,1.586500
2021-03-26,GBP,1.855490
2021-03-26,JPY,0.012266
2021-03-26,CHF,1.430568
2021-03-26,CNY,0.205871
2021-03-26,HKD,0.173312
2021-03-26,MYR,0.324743
2021-03-26,ZAR,0.089711
2021-03-29,USD,1.345893
2021-03-29,EUR,1.586000
2021-03-29,GBP,1.863252
2021-03-29,JPY,0.012276
2021-03-29,CHF,1.432054
2021-03-29,CNY,0.205084
2021-03-29,HKD,0.173110
2021-03-29,MYR,0.324980
2021-03-29,ZAR,0.089643
2021-03-30,USD,1.346989
2021-03-30,EUR,1.581500
2021-03-30,GBP,1.852351
2021-03-30,JPY,0.012214
2021-03-30,CHF,1.430316
2021-03-30,CNY,0.204980
2021-03-30,HKD,0.173252
2021-03-30,MYR,0.324497
2021-03-30,ZAR,0.090167
2021-03-31,USD,1.344819
2021-03-31,EUR,1.576800
2021-03-31,GBP,1.850509
2021-03-31,JPY,0.012138
2021-03-31,CHF,1.424390
2021-03-31,CNY,0.205280
2021-03-31,HKD,0.172984
2021-03-31,MYR,0.324324
2021-03-31,ZAR,0.090890
2021-04-01,USD,1.345224
2021-04-01,EUR,1.580100
2021-04-01,GBP,1.854686
2021-04-01,JPY,0.012152
2021-04-01,CHF,1.423642
2021-04-01,CNY,0.204689
2021-04-01,HKD,0.172980
2021-04-01,MYR,0.324502
2021-04-01,ZAR,0.091827
2021-04-06,USD,1.341009
2021-04-06,EUR,1.584000
2021-04-06,GBP,1.855714
2021-04-06,JPY,0.012159
2021-04-06,CHF,1.430894
2021-04-06,CNY,0.204678
2021-04-06,HKD,0.172436
2021-04-06,MYR,0.324584
2021-04-06,ZAR,0.092416
2021-04-07,USD,1.339364
2021-04-07,EUR,1.591700
2021-04-07,GBP,1.849416
2021-04-07,JPY,0.012191
2021-04-07,CHF,1.441235
2021-04-07,CNY,0.204691
2021-04-07,HKD,0.172025
2021-04-07,MYR,0.324182
2021-04-07,ZAR,0.092111
2021-04-08,USD,1.340521
2021-04-08,EUR,1.591600
2021-04-08,GBP,1.844478
2021-04-08,JPY,0.012270
2021-04-08,CHF,1.444152
2021-04-08,CNY,0.204710
2021-04-08,HKD,0.172333
2021-04-08,MYR,0.323990
2021-04-08,ZAR,0.092172
2021-04-09,USD,1.340932
2021-04-09,EUR,1.594100
2021-04-09,GBP,1.839530
2021-04-09,JPY,0.012223
2021-04-09,CHF,1.447866
2021-04-09,CNY,0.204545
2021-04-09,HKD,0.172391
2021-04-09,MYR,0.324287
2021-04-09,ZAR,0.092091
2021-04-12,USD,1.341062
2021-04-12,EUR,1.596400
2021-04-12,GBP,1.845165
2021-04-12,JPY,0.012261
2021-04-12,CHF,1.451537
2021-04-12,CNY,0.204911
2021-04-12,HKD,0.172464
2021-04-12,MYR,0.324478
2021-04-12,ZAR,0.091812
2021-04-13,USD,1.343393
2021-04-13,EUR,1.598100
2021-04-13,GBP,1.843295
2021-04-13,JPY,0.012271
2021-04-13,CHF,1.452686
2021-04-13,CNY,0.205134
2021-04-13,HKD,0.172811
2021-04-13,MYR,0.324883
2021-04-13,ZAR,0.091725
2021-04-14,USD,1.337178
2021-04-14,EUR,1.599800
2021-04-14,GBP,1.840585
2021-04-14,JPY,0.012275
2021-04-14,CHF,1.450014
2021-04-14,CNY,0.204719
2021-04-14,HKD,0.172179
2021-04-14,MYR,0.323892
2021-04-14,ZAR,0.092480
2021-04-15,USD,1.334503
2021-04-15,EUR,1.597400
2021-04-15,GBP,1.841320
2021-04-15,JPY,0.012274
2021-04-15,CHF,1.446134
2021-04-15,CNY,0.204457
2021-04-15,HKD,0.171793
2021-04-15,MYR,0.323557
2021-04-15,ZAR,0.093715
2021-04-16,USD,1.333222
2021-04-16,EUR,1.598000
2021-04-16,GBP,1.841162
2021-04-16,JPY,0.012257
2021-04-16,CHF,1.451276
2021-04-16,CNY,0.204460
2021-04-16,HKD,0.171548
2021-04-16,MYR,0.323050
2021-04-16,ZAR,0.093468
2021-04-19,USD,1.330619
2021-04-19,EUR,1.601400
2021-04-19,GBP,1.854438
2021-04-19,JPY,0.012310
2021-04-19,CHF,1.456083
2021-04-19,CNY,0.204461
2021-04-19,HKD,0.171319
2021-04-19,MYR,0.322694
2021-04-19,ZAR,0.093432
2021-04-20,USD,1.328437
2021-04-20,EUR,1.600900
2021-04-20,GBP,1.855148
2021-04-20,JPY,0.012254
2021-04-20,CHF,1.451537
2021-04-20,CNY,0.204449
2021-04-20,HKD,0.171128
2021-04-20,MYR,0.322788
2021-04-20,ZAR,0.092921
2021-04-21,USD,1.330141
2021-04-21,EUR,1.597100
2021-04-21,GBP,1.851710
2021-04-21,JPY,0.012304
2021-04-21,CHF,1.448485
2021-04-21,CNY,0.204728
2021-04-21,HKD,0.171346
2021-04-21,MYR,0.322770
2021-04-21,ZAR,0.093153
2021-04-22,USD,1.328325
2021-04-22,EUR,1.600100
2021-04-22,GBP,1.842266
2021-04-22,JPY,0.012280
2021-04-22,CHF,1.450023
2021-04-22,CNY,0.204666
2021-04-22,HKD,0.171181
2021-04-22,MYR,0.322998
2021-04-22,ZAR,0.092841
2021-04-23,USD,1.326869
2021-04-23,EUR,1.601000
2021-04-23,GBP,1.842242
2021-04-23,JPY,0.012317
2021-04-23,CHF,1.450444
2021-04-23,CNY,0.204418
2021-04-23,HKD,0.170950
2021-04-23,MYR,0.322880
2021-04-23,ZAR,0.093045
2021-04-26,USD,1.326189
2021-04-26,EUR,1.602700
2021-04-26,GBP,1.842713
2021-04-26,JPY,0.012277
2021-04-26,CHF,1.448179
2021-04-26,CNY,0.204481
2021-04-26,HKD,0.170905
2021-04-26,MYR,0.323621
2021-04-26,ZAR,0.092942
2021-04-27,USD,1.325612
2021-04-27,EUR,1.602400
2021-04-27,GBP,1.844065
2021-04-27,JPY,0.012243
2021-04-27,CHF,1.451712
2021-04-27,CNY,0.204458
2021-04-27,HKD,0.170786
2021-04-27,MYR,0.323515
2021-04-27,ZAR,0.092420
2021-04-28,USD,1.326429
2021-04-28,EUR,1.601000
2021-04-28,GBP,1.840484
2021-04-28,JPY,0.012178
2021-04-28,CHF,1.449656
2021-04-28,CNY,0.204554
2021-04-28,HKD,0.170872
2021-04-28,MYR,0.323284
2021-04-28,ZAR,0.092460
2021-04-29,USD,1.325418
2021-04-29,EUR,1.607600
2021-04-29,GBP,1.849730
2021-04-29,JPY,0.012160
2021-04-29,CHF,1.458802
2021-04-29,CNY,0.204886
2021-04-29,HKD,0.170738
2021-04-29,MYR,0.323006
2021-04-29,ZAR,0.093058
2021-04-30,USD,1.328009
2021-04-30,EUR,1.604500
2021-04-30,GBP,1.847162
2021-04-30,JPY,0.012190
2021-04-30,CHF,1.458902
2021-04-30,CNY,0.205352
2021-04-30,HKD,0.171026
2021-04-30,MYR,0.324259
2021-04-30,ZAR,0.092279
2021-05-03,USD,1.332116
2021-05-03,EUR,1.604400
2021-05-03,GBP,1.847578
2021-05-03,JPY,0.012164
2021-05-03,CHF,1.456427
2021-05-03,CNY,0.205779
2021-05-03,HKD,0.171495
2021-05-03,MYR,0.324567
2021-05-03,ZAR,0.092232
2021-05-04,USD,1.337077
2021-05-04,EUR,1.607300
2021-05-04,GBP,1.852368
2021-05-04,JPY,0.012245
2021-05-04,CHF,1.463843
2021-05-04,CNY,0.205705
2021-05-04,HKD,0.172136
2021-05-04,MYR,0.324294
2021-05-04,ZAR,0.092144
2021-05-05,USD,1.335693
2021-05-05,EUR,1.603500
2021-05-05,GBP,1.858613
2021-05-05,JPY,0.012222
2021-05-05,CHF,1.462380
2021-05-05,CNY,0.206541
2021-05-05,HKD,0.171926
2021-05-05,MYR,0.324392
2021-05-05,ZAR,0.092681
2021-05-06,USD,1.334660
2021-05-06,EUR,1.609600
2021-05-06,GBP,1.856345
2021-05-06,JPY,0.012223
2021-05-06,CHF,1.469552
2021-05-06,CNY,0.206216
2021-05-06,HKD,0.171810
2021-05-06,MYR,0.323792
2021-05-06,ZAR,0.093537
2021-05-07,USD,1.331868
2021-05-07,EUR,1.606100
2021-05-07,GBP,1.850132
2021-05-07,JPY,0.012190
2021-05-07,CHF,1.465019
2021-05-07,CNY,0.206416
2021-05-07,HKD,0.171480
2021-05-07,MYR,0.323895
2021-05-07,ZAR,0.093452
2021-05-10,USD,1.323856
2021-05-10,EUR,1.611000
2021-05-10,GBP,1.869018
2021-05-10,JPY,0.012176
2021-05-10,CHF,1.472712
2021-05-10,CNY,0.206419
2021-05-10,HKD,0.170469
2021-05-10,MYR,0.322303
2021-05-10,ZAR,0.094297
2021-05-11,USD,1.324979
2021-05-11,EUR,1.612500
2021-05-11,GBP,1.874717
2021-05-11,JPY,0.012205
2021-05-11,CHF,1.469114
2021-05-11,CNY,0.206263
2021-05-11,HKD,0.170586
2021-05-11,MYR,0.321715
2021-05-11,ZAR,0.094938
2021-05-12,USD,1.328850
2021-05-12,EUR,1.610300
2021-05-12,GBP,1.876850
2021-05-12,JPY,0.012216
2021-05-12,CHF,1.468448
2021-05-12,CNY,0.206314
2021-05-12,HKD,0.171099
2021-05-12,MYR,0.322105
2021-05-12,ZAR,0.095085
2021-05-13,USD,1.334327
2021-05-13,EUR,1.612000
2021-05-13,GBP,1.873046
2021-05-13,JPY,0.012178
2021-05-13,CHF,1.470803
2021-05-13,CNY,0.206749
2021-05-13,HKD,0.171780
2021-05-13,MYR,0.323467
2021-05-13,ZAR,0.094239
2021-05-14,USD,1.333086
2021-05-14,EUR,1.616100
2021-05-14,GBP,1.877374
2021-05-14,JPY,0.012198
2021-05-14,CHF,1.475621
2021-05-14,CNY,0.207129
2021-05-14,HKD,0.171650
2021-05-14,MYR,0.323136
2021-05-14,ZAR,0.094663
2021-05-17,USD,1.336573
2021-05-17,EUR,1.623000
2021-05-17,GBP,1.882503
2021-05-17,JPY,0.012240
2021-05-17,CHF,1.482192
2021-05-17,CNY,0.207476
2021-05-17,HKD,0.172077
2021-05-17,MYR,0.323565
2021-05-17,ZAR,0.094325
2021-05-18,USD,1.329161
2021-05-18,EUR,1.624500
2021-05-18,GBP,1.888997
2021-05-18,JPY,0.012206
2021-05-18,CHF,1.481802
2021-05-18,CNY,0.206940
2021-05-18,HKD,0.171159
2021-05-18,MYR,0.322104
2021-05-18,ZAR,0.095091
2021-05-19,USD,1.331887
2021-05-19,EUR,1.626500
2021-05-19,GBP,1.886169
2021-05-19,JPY,0.012202
2021-05-19,CHF,1.477562
2021-05-19,CNY,0.206950
2021-05-19,HKD,0.171537
2021-05-19,MYR,0.321869
2021-05-19,ZAR,0.094869
2021-05-20,USD,1.332541
2021-05-20,EUR,1.626100
2021-05-20,GBP,1.882060
2021-05-20,JPY,0.012231
2021-05-20,CHF,1.479483
2021-05-20,CNY,0.206980
2021-05-20,HKD,0.171664
2021-05-20,MYR,0.321402
2021-05-20,ZAR,0.094740
2021-05-21,USD,1.330653
2021-05-21,EUR,1.621800
2021-05-21,GBP,1.888669
2021-05-21,JPY,0.012230
2021-05-21,CHF,1.480961
2021-05-21,CNY,0.206881
2021-05-21,HKD,0.171367
2021-05-21,MYR,0.321333
2021-05-21,ZAR,0.095467
2021-05-24,USD,1.329512
2021-05-24,EUR,1.623600
2021-05-24,GBP,1.878993
2021-05-24,JPY,0.012210
2021-05-24,CHF,1.481792
2021-05-24,CNY,0.206862
2021-05-24,HKD,0.171206
2021-05-24,MYR,0.320673
2021-05-24,ZAR,0.095158
2021-05-25,USD,1.325424
2021-05-25,EUR,1.625500
2021-05-25,GBP,1.877606
2021-05-25,JPY,0.012177
2021-05-25,CHF,1.480824
2021-05-25,CNY,0.206912
2021-05-25,HKD,0.170751
2021-05-25,MYR,0.319924
2021-05-25,ZAR,0.095848
2021-05-26,USD,1.323820
2021-05-26,EUR,1.618900
2021-05-26,GBP,1.875246
2021-05-26,JPY,0.012158
2021-05-26,CHF,1.477368
2021-05-26,CNY,0.207156
2021-05-26,HKD,0.170551
2021-05-26,MYR,0.319568
2021-05-26,ZAR,0.095633
2021-05-27,USD,1.323660
2021-05-27,EUR,1.614600
2021-05-27,GBP,1.875959
2021-05-27,JPY,0.012102
2021-05-27,CHF,1.472235
2021-05-27,CNY,0.207511
2021-05-27,HKD,0.170532
2021-05-27,MYR,0.319723
2021-05-27,ZAR,0.096310
2021-05-28,USD,1.326141
2021-05-28,EUR,1.610200
2021-05-28,GBP,1.877456
2021-05-28,JPY,0.012048
2021-05-28,CHF,1.469161
2021-05-28,CNY,0.207977
2021-05-28,HKD,0.170851
2021-05-28,MYR,0.320827
2021-05-28,ZAR,0.095877
2021-05-31,USD,1.322023
2021-05-31,EUR,1.613000
2021-05-31,GBP,1.875298
2021-05-31,JPY,0.012056
2021-05-31,CHF,1.468767
2021-05-31,CNY,0.207535
2021-05-31,HKD,0.170345
2021-05-31,MYR,0.320529
2021-05-31,ZAR,0.096027
2021-06-01,USD,1.322618
2021-06-01,EUR,1.616900
2021-06-01,GBP,1.873906
2021-06-01,JPY,0.012062
2021-06-01,CHF,1.471782
2021-06-01,CNY,0.207181
2021-06-01,HKD,0.170464
2021-06-01,MYR,0.320521
2021-06-01,ZAR,0.096081
2021-06-02,USD,1.323568
2021-06-02,EUR,1.612900
2021-06-02,GBP,1.872743
2021-06-02,JPY,0.012062
2021-06-02,CHF,1.468676
2021-06-02,CNY,0.207282
2021-06-02,HKD,0.170578
2021-06-02,MYR,0.320867
2021-06-02,ZAR,0.096426
2021-06-03,USD,1.324444
2021-06-03,EUR,1.614100
2021-06-03,GBP,1.877843
2021-06-03,JPY,0.012063
2021-06-03,CHF,1.472585
2021-06-03,CNY,0.207175
2021-06-03,HKD,0.170712
2021-06-03,MYR,0.321271
2021-06-03,ZAR,0.097695
2021-06-04,USD,1.328217
2021-06-04,EUR,1.609400
2021-06-04,GBP,1.878165
2021-06-04,JPY,0.012065
2021-06-04,CHF,1.469637
2021-06-04,CNY,0.207218
2021-06-04,HKD,0.171213
2021-06-04,MYR,0.321758
2021-06-04,ZAR,0.097289
2021-06-07,USD,1.323220
2021-06-07,EUR,1.609300
2021-06-07,GBP,1.875095
2021-06-07,JPY,0.012102
2021-06-07,CHF,1.471831
2021-06-07,CNY,0.206864
2021-06-07,HKD,0.170558
2021-06-07,MYR,0.320546
2021-06-07,ZAR,0.098174
2021-06-08,USD,1.323264
2021-06-08,EUR,1.612000
2021-06-08,GBP,1.872242
2021-06-08,JPY,0.012095
2021-06-08,CHF,1.477002
2021-06-08,CNY,0.206831
2021-06-08,HKD,0.170535
2021-06-08,MYR,0.321141
2021-06-08,ZAR,0.097939
2021-06-09,USD,1.322919
2021-06-09,EUR,1.613300
2021-06-09,GBP,1.874775
2021-06-09,JPY,0.012096
2021-06-09,CHF,1.478329
2021-06-09,CNY,0.207155
2021-06-09,HKD,0.170512
2021-06-09,MYR,0.321291
2021-06-09,ZAR,0.097597
2021-06-10,USD,1.324873
2021-06-10,EUR,1.612900
2021-06-10,GBP,1.869097
2021-06-10,JPY,0.012095
2021-06-10,CHF,1.478504
2021-06-10,CNY,0.207239
2021-06-10,HKD,0.170737
2021-06-10,MYR,0.321532
2021-06-10,ZAR,0.097109
2021-06-11,USD,1.324536
2021-06-11,EUR,1.606000
2021-06-11,GBP,1.873760
2021-06-11,JPY,0.012086
2021-06-11,CHF,1.475696
2021-06-11,CNY,0.207175
2021-06-11,HKD,0.170689
2021-06-11,MYR,0.322425
2021-06-11,ZAR,0.097462
2021-06-14,USD,1.326783
2021-06-14,EUR,1.607000
2021-06-14,GBP,1.870824
2021-06-14,JPY,0.012087
2021-06-14,CHF,1.475801
2021-06-14,CNY,0.207352
2021-06-14,HKD,0.170943
2021-06-14,MYR,0.322425
2021-06-14,ZAR,0.096136
2021-06-15,USD,1.326644
2021-06-15,EUR,1.606300
2021-06-15,GBP,1.864539
2021-06-15,JPY,0.012052
2021-06-15,CHF,1.473805
2021-06-15,CNY,0.207259
2021-06-15,HKD,0.170899
2021-06-15,MYR,0.322233
2021-06-15,ZAR,0.096301
2021-06-16,USD,1.325718
2021-06-16,EUR,1.607300
2021-06-16,GBP,1.872655
2021-06-16,JPY,0.012068
2021-06-16,CHF,1.475128
2021-06-16,CNY,0.207174
2021-06-16,HKD,0.170795
2021-06-16,MYR,0.321969
2021-06-16,ZAR,0.096474
2021-06-17,USD,1.340370
2021-06-17,EUR,1.600000
2021-06-17,GBP,1.870798
2021-06-17,JPY,0.012113
2021-06-17,CHF,1.464531
2021-06-17,CNY,0.208125
2021-06-17,HKD,0.172611
2021-06-17,MYR,0.323762
2021-06-17,ZAR,0.095206
2021-06-18,USD,1.342915
2021-06-18,EUR,1.597800
2021-06-18,GBP,1.862563
2021-06-18,JPY,0.012186
2021-06-18,CHF,1.460378
2021-06-18,CNY,0.208538
2021-06-18,HKD,0.172961
2021-06-18,MYR,0.324453
2021-06-18,ZAR,0.094981
2021-06-21,USD,1.344630
2021-06-21,EUR,1.598900
2021-06-21,GBP,1.866348
2021-06-21,JPY,0.012214
2021-06-21,CHF,1.459649
2021-06-21,CNY,0.207876
2021-06-21,HKD,0.173180
2021-06-21,MYR,0.324202
2021-06-21,ZAR,0.094357
2021-06-22,USD,1.345973
2021-06-22,EUR,1.600900
2021-06-22,GBP,1.871085
2021-06-22,JPY,0.012174
2021-06-22,CHF,1.462944
2021-06-22,CNY,0.207871
2021-06-22,HKD,0.173323
2021-06-22,MYR,0.323434
2021-06-22,ZAR,0.093932
2021-06-23,USD,1.344155
2021-06-23,EUR,1.606400
2021-06-23,GBP,1.880260
2021-06-23,JPY,0.012129
2021-06-23,CHF,1.465292
2021-06-23,CNY,0.207564
2021-06-23,HKD,0.173090
2021-06-23,MYR,0.322998
2021-06-23,ZAR,0.094836
2021-06-24,USD,1.343750
2021-06-24,EUR,1.603900
2021-06-24,GBP,1.867541
2021-06-24,JPY,0.012132
2021-06-24,CHF,1.462478
2021-06-24,CNY,0.207778
2021-06-24,HKD,0.173067
2021-06-24,MYR,0.323015
2021-06-24,ZAR,0.094332
2021-06-25,USD,1.341841
2021-06-25,EUR,1.603500
2021-06-25,GBP,1.865620
2021-06-25,JPY,0.012123
2021-06-25,CHF,1.463582
2021-06-25,CNY,0.207872
2021-06-25,HKD,0.172882
2021-06-25,MYR,0.322870
2021-06-25,ZAR,0.095243
2021-06-28,USD,1.344584
2021-06-28,EUR,1.601400
2021-06-28,GBP,1.868393
2021-06-28,JPY,0.012120
2021-06-28,CHF,1.459933
2021-06-28,CNY,0.208185
2021-06-28,HKD,0.173201
2021-06-28,MYR,0.324308
2021-06-28,ZAR,0.094285
2021-06-29,USD,1.344633
2021-06-29,EUR,1.598500
2021-06-29,GBP,1.859845
2021-06-29,JPY,0.012152
2021-06-29,CHF,1.457820
2021-06-29,CNY,0.208100
2021-06-29,HKD,0.173191
2021-06-29,MYR,0.323891
2021-06-29,ZAR,0.093743
2021-06-30,USD,1.344329
2021-06-30,EUR,1.597600
2021-06-30,GBP,1.861896
2021-06-30,JPY,0.012156
2021-06-30,CHF,1.455009
2021-06-30,CNY,0.208178
2021-06-30,HKD,0.173101
2021-06-30,MYR,0.323820
2021-06-30,ZAR,0.093913
2021-07-01,USD,1.345422
2021-07-01,EUR,1.598900
2021-07-01,GBP,1.858473
2021-07-01,JPY,0.012074
2021-07-01,CHF,1.455530
2021-07-01,CNY,0.208076
2021-07-01,HKD,0.173279
2021-07-01,MYR,0.323494
2021-07-01,ZAR,0.094195
2021-07-02,USD,1.350672
2021-07-02,EUR,1.596900
2021-07-02,GBP,1.856796
2021-07-02,JPY,0.012122
2021-07-02,CHF,1.459022
2021-07-02,CNY,0.208489
2021-07-02,HKD,0.173882
2021-07-02,MYR,0.324408
2021-07-02,ZAR,0.093502
2021-07-05,USD,1.345019
2021-07-05,EUR,1.596000
2021-07-05,GBP,1.863071
2021-07-05,JPY,0.012130
2021-07-05,CHF,1.459534
2021-07-05,CNY,0.208146
2021-07-05,HKD,0.173136
2021-07-05,MYR,0.323634
2021-07-05,ZAR,0.094542
2021-07-06,USD,1.344822
2021-07-06,EUR,1.592000
2021-07-06,GBP,1.863078
2021-07-06,JPY,0.012154
2021-07-06,CHF,1.456542
2021-07-06,CNY,0.207982
2021-07-06,HKD,0.173153
2021-07-06,MYR,0.323623
2021-07-06,ZAR,0.094605
2021-07-07,USD,1.345956
2021-07-07,EUR,1.592400
2021-07-07,GBP,1.862456
2021-07-07,JPY,0.012169
2021-07-07,CHF,1.458642
2021-07-07,CNY,0.208217
2021-07-07,HKD,0.173275
2021-07-07,MYR,0.323389
2021-07-07,ZAR,0.094411
2021-07-08,USD,1.353269
2021-07-08,EUR,1.602000
2021-07-08,GBP,1.859914
2021-07-08,JPY,0.012332
2021-07-08,CHF,1.476362
2021-07-08,CNY,0.208507
2021-07-08,HKD,0.174193
2021-07-08,MYR,0.323630
2021-07-08,ZAR,0.093929
2021-07-09,USD,1.351746
2021-07-09,EUR,1.602900
2021-07-09,GBP,1.869097
2021-07-09,JPY,0.012287
2021-07-09,CHF,1.477055
2021-07-09,CNY,0.208619
2021-07-09,HKD,0.174007
2021-07-09,MYR,0.322574
2021-07-09,ZAR,0.094982
2021-07-12,USD,1.352261
2021-07-12,EUR,1.602700
2021-07-12,GBP,1.872969
2021-07-12,JPY,0.012277
2021-07-12,CHF,1.476871
2021-07-12,CNY,0.208818
2021-07-12,HKD,0.174108
2021-07-12,MYR,0.322618
2021-07-12,ZAR,0.093468
2021-07-13,USD,1.352077
2021-07-13,EUR,1.601400
2021-07-13,GBP,1.872588
2021-07-13,JPY,0.012267
2021-07-13,CHF,1.474993
2021-07-13,CNY,0.209066
2021-07-13,HKD,0.174122
2021-07-13,MYR,0.322538
2021-07-13,ZAR,0.092708
2021-07-14,USD,1.353708
2021-07-14,EUR,1.599000
2021-07-14,GBP,1.877686
2021-07-14,JPY,0.012272
2021-07-14,CHF,1.475092
2021-07-14,CNY,0.209655
2021-07-14,HKD,0.174293
2021-07-14,MYR,0.322275
2021-07-14,ZAR,0.092441
2021-07-15,USD,1.354475
2021-07-15,EUR,1.599500
2021-07-15,GBP,1.877612
2021-07-15,JPY,0.012310
2021-07-15,CHF,1.477189
2021-07-15,CNY,0.209622
2021-07-15,HKD,0.174378
2021-07-15,MYR,0.322304
2021-07-15,ZAR,0.092979
2021-07-16,USD,1.355109
2021-07-16,EUR,1.599300
2021-07-16,GBP,1.874956
2021-07-16,JPY,0.012299
2021-07-16,CHF,1.473602
2021-07-16,CNY,0.209406
2021-07-16,HKD,0.174436
2021-07-16,MYR,0.321914
2021-07-16,ZAR,0.094165
2021-07-19,USD,1.363675
2021-07-19,EUR,1.604500
2021-07-19,GBP,1.867587
2021-07-19,JPY,0.012442
2021-07-19,CHF,1.480166
2021-07-19,CNY,0.210167
2021-07-19,HKD,0.175511
2021-07-19,MYR,0.322727
2021-07-19,ZAR,0.093973
2021-07-20,USD,1.367813
2021-07-20,EUR,1.610600
2021-07-20,GBP,1.860997
2021-07-20,JPY,0.012482
2021-07-20,CHF,1.486068
2021-07-20,CNY,0.211074
2021-07-20,HKD,0.175966
2021-07-20,MYR,0.323784
2021-07-20,ZAR,0.093995
2021-07-21,USD,1.367992
2021-07-21,EUR,1.610400
2021-07-21,GBP,1.864687
2021-07-21,JPY,0.012423
2021-07-21,CHF,1.484513
2021-07-21,CNY,0.211336
2021-07-21,HKD,0.175965
2021-07-21,MYR,0.323211
2021-07-21,ZAR,0.093189
2021-07-22,USD,1.360510
2021-07-22,EUR,1.602000
2021-07-22,GBP,1.872305
2021-07-22,JPY,0.012339
2021-07-22,CHF,1.479361
2021-07-22,CNY,0.210366
2021-07-22,HKD,0.175070
2021-07-22,MYR,0.322165
2021-07-22,ZAR,0.093439
2021-07-23,USD,1.359480
2021-07-23,EUR,1.599700
2021-07-23,GBP,1.870054
2021-07-23,JPY,0.012295
2021-07-23,CHF,1.476010
2021-07-23,CNY,0.209868
2021-07-23,HKD,0.174984
2021-07-23,MYR,0.321658
2021-07-23,ZAR,0.091999
2021-07-26,USD,1.360143
2021-07-26,EUR,1.603200
2021-07-26,GBP,1.875790
2021-07-26,JPY,0.012328
2021-07-26,CHF,1.480879
2021-07-26,CNY,0.209772
2021-07-26,HKD,0.174915
2021-07-26,MYR,0.321431
2021-07-26,ZAR,0.091692
2021-07-27,USD,1.359780
2021-07-27,EUR,1.605900
2021-07-27,GBP,1.878180
2021-07-27,JPY,0.012355
2021-07-27,CHF,1.486119
2021-07-27,CNY,0.209104
2021-07-27,HKD,0.174716
2021-07-27,MYR,0.321244
2021-07-27,ZAR,0.091592
2021-07-28,USD,1.359956
2021-07-28,EUR,1.605700
2021-07-28,GBP,1.886950
2021-07-28,JPY,0.012354
2021-07-28,CHF,1.486484
2021-07-28,CNY,0.209288
2021-07-28,HKD,0.174761
2021-07-28,MYR,0.321121
2021-07-28,ZAR,0.091863
2021-07-29,USD,1.353660
2021-07-29,EUR,1.607200
2021-07-29,GBP,1.889046
2021-07-29,JPY,0.012324
2021-07-29,CHF,1.489803
2021-07-29,CNY,0.209568
2021-07-29,HKD,0.174181
2021-07-29,MYR,0.319370
2021-07-29,ZAR,0.092839
2021-07-30,USD,1.353124
2021-07-30,EUR,1.609000
2021-07-30,GBP,1.889829
2021-07-30,JPY,0.012340
2021-07-30,CHF,1.493826
2021-07-30,CNY,0.209402
2021-07-30,HKD,0.174038
2021-07-30,MYR,0.320646
2021-07-30,ZAR,0.092854
2021-08-02,USD,1.351927
2021-08-02,EUR,1.606900
2021-08-02,GBP,1.877922
2021-08-02,JPY,0.012345
2021-08-02,CHF,1.493263
2021-08-02,CNY,0.209213
2021-08-02,HKD,0.173911
2021-08-02,MYR,0.319985
2021-08-02,ZAR,0.093975
2021-08-03,USD,1.350947
2021-08-03,EUR,1.605600
2021-08-03,GBP,1.881085
2021-08-03,JPY,0.012379
2021-08-03,CHF,1.495668
2021-08-03,CNY,0.209014
2021-08-03,HKD,0.173714
2021-08-03,MYR,0.320089
2021-08-03,ZAR,0.093894
2021-08-04,USD,1.348959
2021-08-04,EUR,1.600000
2021-08-04,GBP,1.878971
2021-08-04,JPY,0.012373
2021-08-04,CHF,1.491285
2021-08-04,CNY,0.208774
2021-08-04,HKD,0.173468
2021-08-04,MYR,0.319508
2021-08-04,ZAR,0.094557
2021-08-05,USD,1.349873
2021-08-05,EUR,1.599600
2021-08-05,GBP,1.880555
2021-08-05,JPY,0.012325
2021-08-05,CHF,1.490357
2021-08-05,CNY,0.208948
2021-08-05,HKD,0.173568
2021-08-05,MYR,0.320067
2021-08-05,ZAR,0.093966
2021-08-06,USD,1.351063
2021-08-06,EUR,1.595200
2021-08-06,GBP,1.880245
2021-08-06,JPY,0.012305
2021-08-06,CHF,1.487505
2021-08-06,CNY,0.208853
2021-08-06,HKD,0.173718
2021-08-06,MYR,0.320231
2021-08-06,ZAR,0.093296
2021-08-09,USD,1.355582
2021-08-09,EUR,1.594300
2021-08-09,GBP,1.881291
2021-08-09,JPY,0.012311
2021-08-09,CHF,1.478120
2021-08-09,CNY,0.209253
2021-08-09,HKD,0.174200
2021-08-09,MYR,0.320585
2021-08-09,ZAR,0.092651
2021-08-10,USD,1.358130
2021-08-10,EUR,1.592000
2021-08-10,GBP,1.882509
2021-08-10,JPY,0.012295
2021-08-10,CHF,1.472302
2021-08-10,CNY,0.209543
2021-08-10,HKD,0.174508
2021-08-10,MYR,0.321188
2021-08-10,ZAR,0.091702
2021-08-11,USD,1.358935
2021-08-11,EUR,1.592400
2021-08-11,GBP,1.880092
2021-08-11,JPY,0.012279
2021-08-11,CHF,1.471991
2021-08-11,CNY,0.209537
2021-08-11,HKD,0.174630
2021-08-11,MYR,0.320506
2021-08-11,ZAR,0.091873
2021-08-12,USD,1.357271
2021-08-12,EUR,1.593300
2021-08-12,GBP,1.880155
2021-08-12,JPY,0.012293
2021-08-12,CHF,1.472007
2021-08-12,CNY,0.209545
2021-08-12,HKD,0.174444
2021-08-12,MYR,0.320642
2021-08-12,ZAR,0.092216
2021-08-13,USD,1.357161
2021-08-13,EUR,1.596700
2021-08-13,GBP,1.876418
2021-08-13,JPY,0.012316
2021-08-13,CHF,1.474467
2021-08-13,CNY,0.209439
2021-08-13,HKD,0.174364
2021-08-13,MYR,0.320275
2021-08-13,ZAR,0.091469
2021-08-16,USD,1.356354
2021-08-16,EUR,1.596700
2021-08-16,GBP,1.881281
2021-08-16,JPY,0.012402
2021-08-16,CHF,1.484198
2021-08-16,CNY,0.209423
2021-08-16,HKD,0.174234
2021-08-16,MYR,0.320083
2021-08-16,ZAR,0.091842
2021-08-17,USD,1.359140
2021-08-17,EUR,1.599300
2021-08-17,GBP,1.874407
2021-08-17,JPY,0.012439
2021-08-17,CHF,1.492859
2021-08-17,CNY,0.209761
2021-08-17,HKD,0.174398
2021-08-17,MYR,0.320700
2021-08-17,ZAR,0.091695
2021-08-18,USD,1.359891
2021-08-18,EUR,1.594200
2021-08-18,GBP,1.871500
2021-08-18,JPY,0.012390
2021-08-18,CHF,1.486295
2021-08-18,CNY,0.209829
2021-08-18,HKD,0.174613
2021-08-18,MYR,0.320881
2021-08-18,ZAR,0.091434
2021-08-19,USD,1.363030
2021-08-19,EUR,1.594200
2021-08-19,GBP,1.864060
2021-08-19,JPY,0.012434
2021-08-19,CHF,1.486711
2021-08-19,CNY,0.210037
2021-08-19,HKD,0.174954
2021-08-19,MYR,0.321586
2021-08-19,ZAR,0.089812
2021-08-20,USD,1.362951
2021-08-20,EUR,1.590700
2021-08-20,GBP,1.855044
2021-08-20,JPY,0.012430
2021-08-20,CHF,1.485109
2021-08-20,CNY,0.209705
2021-08-20,HKD,0.174948
2021-08-20,MYR,0.321639
2021-08-20,ZAR,0.088990
2021-08-23,USD,1.358935
2021-08-23,EUR,1.592400
2021-08-23,GBP,1.859520
2021-08-23,JPY,0.012342
2021-08-23,CHF,1.482130
2021-08-23,CNY,0.209554
2021-08-23,HKD,0.174389
2021-08-23,MYR,0.321567
2021-08-23,ZAR,0.089351
2021-08-24,USD,1.355877
2021-08-24,EUR,1.591800
2021-08-24,GBP,1.860057
2021-08-24,JPY,0.012364
2021-08-24,CHF,1.486136
2021-08-24,CNY,0.209332
2021-08-24,HKD,0.174066
2021-08-24,MYR,0.321413
2021-08-24,ZAR,0.089982
2021-08-25,USD,1.354891
2021-08-25,EUR,1.590100
2021-08-25,GBP,1.857810
2021-08-25,JPY,0.012326
2021-08-25,CHF,1.480678
2021-08-25,CNY,0.209138
2021-08-25,HKD,0.174053
2021-08-25,MYR,0.322209
2021-08-25,ZAR,0.090449
2021-08-26,USD,1.352936
2021-08-26,EUR,1.592000
2021-08-26,GBP,1.857253
2021-08-26,JPY,0.012284
2021-08-26,CHF,1.475577
2021-08-26,CNY,0.208691
2021-08-26,HKD,0.173752
2021-08-26,MYR,0.322509
2021-08-26,ZAR,0.090754
2021-08-27,USD,1.350906
2021-08-27,EUR,1.588800
2021-08-27,GBP,1.853844
2021-08-27,JPY,0.012260
2021-08-27,CHF,1.471656
2021-08-27,CNY,0.208518
2021-08-27,HKD,0.173414
2021-08-27,MYR,0.322409
2021-08-27,ZAR,0.090604
2021-08-30,USD,1.345733
2021-08-30,EUR,1.588100
2021-08-30,GBP,1.852055
2021-08-30,JPY,0.012248
2021-08-30,CHF,1.470735
2021-08-30,CNY,0.208011
2021-08-30,HKD,0.172824
2021-08-30,MYR,0.323725
2021-08-30,ZAR,0.092022
2021-08-31,USD,1.343333
2021-08-31,EUR,1.589700
2021-08-31,GBP,1.851179
2021-08-31,JPY,0.012233
2021-08-31,CHF,1.472081
2021-08-31,CNY,0.207899
2021-08-31,HKD,0.172632
2021-08-31,MYR,0.323149
2021-08-31,ZAR,0.092273
2021-09-01,USD,1.346873
2021-09-01,EUR,1.591600
2021-09-01,GBP,1.853651
2021-09-01,JPY,0.012210
2021-09-01,CHF,1.467589
2021-09-01,CNY,0.208267
2021-09-01,HKD,0.173175
2021-09-01,MYR,0.324254
2021-09-01,ZAR,0.093331
2021-09-02,USD,1.343998
2021-09-02,EUR,1.592100
2021-09-02,GBP,1.853111
2021-09-02,JPY,0.012218
2021-09-02,CHF,1.467644
2021-09-02,CNY,0.208109
2021-09-02,HKD,0.172913
2021-09-02,MYR,0.323230
2021-09-02,ZAR,0.093718
2021-09-03,USD,1.342739
2021-09-03,EUR,1.594100
2021-09-03,GBP,1.857060
2021-09-03,JPY,0.012212
2021-09-03,CHF,1.467458
2021-09-03,CNY,0.208229
2021-09-03,HKD,0.172737
2021-09-03,MYR,0.323826
2021-09-03,ZAR,0.093614
2021-09-06,USD,1.342380
2021-09-06,EUR,1.592600
2021-09-06,GBP,1.858126
2021-09-06,JPY,0.012219
2021-09-06,CHF,1.465268
2021-09-06,CNY,0.207881
2021-09-06,HKD,0.172684
2021-09-06,MYR,0.323620
2021-09-06,ZAR,0.094195
2021-09-07,USD,1.345363
2021-09-07,EUR,1.595600
2021-09-07,GBP,1.852871
2021-09-07,JPY,0.012226
2021-09-07,CHF,1.470193
2021-09-07,CNY,0.208113
2021-09-07,HKD,0.173064
2021-09-07,MYR,0.323756
2021-09-07,ZAR,0.093984
2021-09-08,USD,1.345142
2021-09-08,EUR,1.590900
2021-09-08,GBP,1.852620
2021-09-08,JPY,0.012209
2021-09-08,CHF,1.461150
2021-09-08,CNY,0.208298
2021-09-08,HKD,0.172978
2021-09-08,MYR,0.323781
2021-09-08,ZAR,0.094226
2021-09-09,USD,1.343217
2021-09-09,EUR,1.590100
2021-09-09,GBP,1.858571
2021-09-09,JPY,0.012222
2021-09-09,CHF,1.464046
2021-09-09,CNY,0.208123
2021-09-09,HKD,0.172702
2021-09-09,MYR,0.323698
2021-09-09,ZAR,0.094955
2021-09-10,USD,1.338316
2021-09-10,EUR,1.584700
2021-09-10,GBP,1.858668
2021-09-10,JPY,0.012187
2021-09-10,CHF,1.460015
2021-09-10,CNY,0.207889
2021-09-10,HKD,0.172089
2021-09-10,MYR,0.323421
2021-09-10,ZAR,0.095105
2021-09-13,USD,1.343039
2021-09-13,EUR,1.582100
2021-09-13,GBP,1.858670
2021-09-13,JPY,0.012206
2021-09-13,CHF,1.455072
2021-09-13,CNY,0.208010
2021-09-13,HKD,0.172641
2021-09-13,MYR,0.323584
2021-09-13,ZAR,0.094678
2021-09-14,USD,1.343321
2021-09-14,EUR,1.587000
2021-09-14,GBP,1.861365
2021-09-14,JPY,0.012200
2021-09-14,CHF,1.457702
2021-09-14,CNY,0.208355
2021-09-14,HKD,0.172690
2021-09-14,MYR,0.322758
2021-09-14,ZAR,0.094410
2021-09-15,USD,1.341340
2021-09-15,EUR,1.586000
2021-09-15,GBP,1.854754
2021-09-15,JPY,0.012284
2021-09-15,CHF,1.462425
2021-09-15,CNY,0.208495
2021-09-15,HKD,0.172352
2021-09-15,MYR,0.322554
2021-09-15,ZAR,0.093861
2021-09-16,USD,1.343620
2021-09-16,EUR,1.580500
2021-09-16,GBP,1.858865
2021-09-16,JPY,0.012283
2021-09-16,CHF,1.451865
2021-09-16,CNY,0.208375
2021-09-16,HKD,0.172591
2021-09-16,MYR,0.322867
2021-09-16,ZAR,0.092674
2021-09-17,USD,1.345586
2021-09-17,EUR,1.585100
2021-09-17,GBP,1.856894
2021-09-17,JPY,0.012230
2021-09-17,CHF,1.450096
2021-09-17,CNY,0.208445
2021-09-17,HKD,0.172874
2021-09-17,MYR,0.322568
2021-09-17,ZAR,0.092215
2021-09-20,USD,1.352489
2021-09-20,EUR,1.583900
2021-09-20,GBP,1.848084
2021-09-20,JPY,0.012357
2021-09-20,CHF,1.455389
2021-09-20,CNY,0.209162
2021-09-20,HKD,0.173696
2021-09-20,MYR,0.322600
2021-09-20,ZAR,0.091396
2021-09-21,USD,1.351678
2021-09-21,EUR,1.586600
2021-09-21,GBP,1.848000
2021-09-21,JPY,0.012362
2021-09-21,CHF,1.462978
2021-09-21,CNY,0.208914
2021-09-21,HKD,0.173610
2021-09-21,MYR,0.323018
2021-09-21,ZAR,0.090961
2021-09-22,USD,1.351778
2021-09-22,EUR,1.585500
2021-09-22,GBP,1.843605
2021-09-22,JPY,0.012339
2021-09-22,CHF,1.465342
2021-09-22,CNY,0.209031
2021-09-22,HKD,0.173596
2021-09-22,MYR,0.322426
2021-09-22,ZAR,0.091453
2021-09-23,USD,1.348528
2021-09-23,EUR,1.579800
2021-09-23,GBP,1.847827
2021-09-23,JPY,0.012258
2021-09-23,CHF,1.458591
2021-09-23,CNY,0.208849
2021-09-23,HKD,0.173214
2021-09-23,MYR,0.322461
2021-09-23,ZAR,0.092246
2021-09-24,USD,1.353784
2021-09-24,EUR,1.586500
2021-09-24,GBP,1.851160
2021-09-24,JPY,0.012252
2021-09-24,CHF,1.464912
2021-09-24,CNY,0.209293
2021-09-24,HKD,0.173882
2021-09-24,MYR,0.323215
2021-09-24,ZAR,0.090423
2021-09-27,USD,1.354078
2021-09-27,EUR,1.584000
2021-09-27,GBP,1.854367
2021-09-27,JPY,0.012209
2021-09-27,CHF,1.459908
2021-09-27,CNY,0.209499
2021-09-27,HKD,0.173963
2021-09-27,MYR,0.323325
2021-09-27,ZAR,0.089909
2021-09-28,USD,1.356910
2021-09-28,EUR,1.584600
2021-09-28,GBP,1.843630
2021-09-28,JPY,0.012173
2021-09-28,CHF,1.461808
2021-09-28,CNY,0.210067
2021-09-28,HKD,0.174358
2021-09-28,MYR,0.324427
2021-09-28,ZAR,0.089881
2021-09-29,USD,1.357645
2021-09-29,EUR,1.582200
2021-09-29,GBP,1.830339
2021-09-29,JPY,0.012181
2021-09-29,CHF,1.461077
2021-09-29,CNY,0.209988
2021-09-29,HKD,0.174416
2021-09-29,MYR,0.324427
2021-09-29,ZAR,0.090303
2021-09-30,USD,1.361085
2021-09-30,EUR,1.576000
2021-09-30,GBP,1.831429
2021-09-30,JPY,0.012154
2021-09-30,CHF,1.455217
2021-09-30,CNY,0.210563
2021-09-30,HKD,0.174754
2021-09-30,MYR,0.325116
2021-09-30,ZAR,0.089735
2021-10-01,USD,1.356293
2021-10-01,EUR,1.573300
2021-10-01,GBP,1.836830
2021-10-01,JPY,0.012199
2021-10-01,CHF,1.457974
2021-10-01,CNY,0.210388
2021-10-01,HKD,0.174223
2021-10-01,MYR,0.324512
2021-10-01,ZAR,0.090707
2021-10-04,USD,1.355878
2021-10-04,EUR,1.577700
2021-10-04,GBP,1.844616
2021-10-04,JPY,0.012210
2021-10-04,CHF,1.465175
2021-10-04,CNY,0.210324
2021-10-04,HKD,0.174145
2021-10-04,MYR,0.324837
2021-10-04,ZAR,0.091109
2021-10-05,USD,1.356921
2021-10-05,EUR,1.574300
2021-10-05,GBP,1.848356
2021-10-05,JPY,0.012205
2021-10-05,CHF,1.464193
2021-10-05,CNY,0.210454
2021-10-05,HKD,0.174295
2021-10-05,MYR,0.324718
2021-10-05,ZAR,0.090585
2021-10-06,USD,1.361289
2021-10-06,EUR,1.571200
2021-10-06,GBP,1.849123
2021-10-06,JPY,0.012225
2021-10-06,CHF,1.466356
2021-10-06,CNY,0.211163
2021-10-06,HKD,0.174819
2021-10-06,MYR,0.325320
2021-10-06,ZAR,0.090009
2021-10-07,USD,1.357637
2021-10-07,EUR,1.569700
2021-10-07,GBP,1.846206
2021-10-07,JPY,0.012189
2021-10-07,CHF,1.465366
2021-10-07,CNY,0.210596
2021-10-07,HKD,0.174396
2021-10-07,MYR,0.324519
2021-10-07,ZAR,0.091222
2021-10-08,USD,1.355433
2021-10-08,EUR,1.568100
2021-10-08,GBP,1.847214
2021-10-08,JPY,0.012126
2021-10-08,CHF,1.460872
2021-10-08,CNY,0.210226
2021-10-08,HKD,0.174106
2021-10-08,MYR,0.324423
2021-10-08,ZAR,0.091032
2021-10-11,USD,1.353465
2021-10-11,EUR,1.566500
2021-10-11,GBP,1.845590
2021-10-11,JPY,0.011985
2021-10-11,CHF,1.461015
2021-10-11,CNY,0.209863
2021-10-11,HKD,0.173961
2021-10-11,MYR,0.324569
2021-10-11,ZAR,0.090493
2021-10-12,USD,1.355604
2021-10-12,EUR,1.566400
2021-10-12,GBP,1.848151
2021-10-12,JPY,0.011952
2021-10-12,CHF,1.459968
2021-10-12,CNY,0.210193
2021-10-12,HKD,0.174209
2021-10-12,MYR,0.325438
2021-10-12,ZAR,0.090727
2021-10-13,USD,1.353226
2021-10-13,EUR,1.564600
2021-10-13,GBP,1.842917
2021-10-13,JPY,0.011916
2021-10-13,CHF,1.459243
2021-10-13,CNY,0.210064
2021-10-13,HKD,0.173937
2021-10-13,MYR,0.325294
2021-10-13,ZAR,0.090997
2021-10-14,USD,1.348216
2021-10-14,EUR,1.564200
2021-10-14,GBP,1.848543
2021-10-14,JPY,0.011882
2021-10-14,CHF,1.463784
2021-10-14,CNY,0.209445
2021-10-14,HKD,0.173330
2021-10-14,MYR,0.324556
2021-10-14,ZAR,0.091143
2021-10-15,USD,1.347785
2021-10-15,EUR,1.563700
2021-10-15,GBP,1.853428
2021-10-15,JPY,0.011788
2021-10-15,CHF,1.457452
2021-10-15,CNY,0.209434
2021-10-15,HKD,0.173248
2021-10-15,MYR,0.324143
2021-10-15,ZAR,0.091710
2021-10-18,USD,1.349448
2021-10-18,EUR,1.565900
2021-10-18,GBP,1.854497
2021-10-18,JPY,0.011822
2021-10-18,CHF,1.461819
2021-10-18,CNY,0.209858
2021-10-18,HKD,0.173472
2021-10-18,MYR,0.323493
2021-10-18,ZAR,0.091457
2021-10-19,USD,1.344144
2021-10-19,EUR,1.566600
2021-10-19,GBP,1.858914
2021-10-19,JPY,0.011768
2021-10-19,CHF,1.461926
2021-10-19,CNY,0.210384
2021-10-19,HKD,0.172847
2021-10-19,MYR,0.322220
2021-10-19,ZAR,0.092151
2021-10-20,USD,1.344661
2021-10-20,EUR,1.562900
2021-10-20,GBP,1.849520
2021-10-20,JPY,0.011771
2021-10-20,CHF,1.455350
2021-10-20,CNY,0.210344
2021-10-20,HKD,0.172935
2021-10-20,MYR,0.323120
2021-10-20,ZAR,0.092860
2021-10-21,USD,1.346739
2021-10-21,EUR,1.567200
2021-10-21,GBP,1.859295
2021-10-21,JPY,0.011797
2021-10-21,CHF,1.466043
2021-10-21,CNY,0.210467
2021-10-21,HKD,0.173196
2021-10-21,MYR,0.323889
2021-10-21,ZAR,0.092616
2021-10-22,USD,1.347291
2021-10-22,EUR,1.566900
2021-10-22,GBP,1.857177
2021-10-22,JPY,0.011832
2021-10-22,CHF,1.468785
2021-10-22,CNY,0.210783
2021-10-22,HKD,0.173307
2021-10-22,MYR,0.324645
2021-10-22,ZAR,0.091832
2021-10-25,USD,1.347324
2021-10-25,EUR,1.563300
2021-10-25,GBP,1.852690
2021-10-25,JPY,0.011854
2021-10-25,CHF,1.465685
2021-10-25,CNY,0.210852
2021-10-25,HKD,0.173332
2021-10-25,MYR,0.324538
2021-10-25,ZAR,0.091121
2021-10-26,USD,1.345929
2021-10-26,EUR,1.563700
2021-10-26,GBP,1.857611
2021-10-26,JPY,0.011804
2021-10-26,CHF,1.463590
2021-10-26,CNY,0.210957
2021-10-26,HKD,0.173100
2021-10-26,MYR,0.324594
2021-10-26,ZAR,0.091280
2021-10-27,USD,1.348455
2021-10-27,EUR,1.566500
2021-10-27,GBP,1.853188
2021-10-27,JPY,0.011867
2021-10-27,CHF,1.468135
2021-10-27,CNY,0.210948
2021-10-27,HKD,0.173356
2021-10-27,MYR,0.324576
2021-10-27,ZAR,0.090063
2021-10-28,USD,1.347624
2021-10-28,EUR,1.562300
2021-10-28,GBP,1.851659
2021-10-28,JPY,0.011863
2021-10-28,CHF,1.466122
2021-10-28,CNY,0.210641
2021-10-28,HKD,0.173267
2021-10-28,MYR,0.324728
2021-10-28,ZAR,0.088993
2021-10-29,USD,1.346157
2021-10-29,EUR,1.567600
2021-10-29,GBP,1.855367
2021-10-29,JPY,0.011820
2021-10-29,CHF,1.477335
2021-10-29,CNY,0.210450
2021-10-29,HKD,0.173095
2021-10-29,MYR,0.325080
2021-10-29,ZAR,0.088342
2021-11-01,USD,1.349456
2021-11-01,EUR,1.562400
2021-11-01,GBP,1.847354
2021-11-01,JPY,0.011819
2021-11-01,CHF,1.479265
2021-11-01,CNY,0.210916
2021-11-01,HKD,0.173392
2021-11-01,MYR,0.325053
2021-11-01,ZAR,0.088047
2021-11-02,USD,1.347669
2021-11-02,EUR,1.563700
2021-11-02,GBP,1.840622
2021-11-02,JPY,0.011844
2021-11-02,CHF,1.476024
2021-11-02,CNY,0.210631
2021-11-02,HKD,0.173173
2021-11-02,MYR,0.324857
2021-11-02,ZAR,0.087281
2021-11-03,USD,1.349715
2021-11-03,EUR,1.562700
2021-11-03,GBP,1.842307
2021-11-03,JPY,0.011848
2021-11-03,CHF,1.478709
2021-11-03,CNY,0.210942
2021-11-03,HKD,0.173414
2021-11-03,MYR,0.324960
2021-11-03,ZAR,0.087491
2021-11-04,USD,1.350765
2021-11-04,EUR,1.562700
2021-11-04,GBP,1.830931
2021-11-04,JPY,0.011859
2021-11-04,CHF,1.480671
2021-11-04,CNY,0.211224
2021-11-04,HKD,0.173520
2021-11-04,MYR,0.325210
2021-11-04,ZAR,0.088842
2021-11-05,USD,1.352635
2021-11-05,EUR,1.558100
2021-11-05,GBP,1.821381
2021-11-05,JPY,0.011896
2021-11-05,CHF,1.475613
2021-11-05,CNY,0.211251
2021-11-05,HKD,0.173759
2021-11-05,MYR,0.325153
2021-11-05,ZAR,0.089014
2021-11-08,USD,1.348217
2021-11-08,EUR,1.561100
2021-11-08,GBP,1.826318
2021-11-08,JPY,0.011890
2021-11-08,CHF,1.473987
2021-11-08,CNY,0.210823
2021-11-08,HKD,0.173119
2021-11-08,MYR,0.324479
2021-11-08,ZAR,0.089865
2021-11-09,USD,1.347586
2021-11-09,EUR,1.560100
2021-11-09,GBP,1.827243
2021-11-09,JPY,0.011918
2021-11-09,CHF,1.472904
2021-11-09,CNY,0.210856
2021-11-09,HKD,0.172987
2021-11-09,MYR,0.324757
2021-11-09,ZAR,0.089679
2021-11-10,USD,1.348417
2021-11-10,EUR,1.558500
2021-11-10,GBP,1.821784
2021-11-10,JPY,0.011906
2021-11-10,CHF,1.476551
2021-11-10,CNY,0.210990
2021-11-10,HKD,0.173099
2021-11-10,MYR,0.324647
2021-11-10,ZAR,0.088908
2021-11-11,USD,1.353927
2021-11-11,EUR,1.551600
2021-11-11,GBP,1.813931
2021-11-11,JPY,0.011881
2021-11-11,CHF,1.469179
2021-11-11,CNY,0.211701
2021-11-11,HKD,0.173753
2021-11-11,MYR,0.324840
2021-11-11,ZAR,0.088777
2021-11-12,USD,1.353424
2021-11-12,EUR,1.549400
2021-11-12,GBP,1.812058
2021-11-12,JPY,0.011873
2021-11-12,CHF,1.466124
2021-11-12,CNY,0.212110
2021-11-12,HKD,0.173688
2021-11-12,MYR,0.324876
2021-11-12,ZAR,0.088578
2021-11-15,USD,1.350664
2021-11-15,EUR,1.545700
2021-11-15,GBP,1.814947
2021-11-15,JPY,0.011861
2021-11-15,CHF,1.467483
2021-11-15,CNY,0.211641
2021-11-15,HKD,0.173370
2021-11-15,MYR,0.324563
2021-11-15,ZAR,0.089066
2021-11-16,USD,1.354064
2021-11-16,EUR,1.539300
2021-11-16,GBP,1.820946
2021-11-16,JPY,0.011851
2021-11-16,CHF,1.462101
2021-11-16,CNY,0.211946
2021-11-16,HKD,0.173846
2021-11-16,MYR,0.325028
2021-11-16,ZAR,0.088886
2021-11-17,USD,1.357724
2021-11-17,EUR,1.536400
2021-11-17,GBP,1.827090
2021-11-17,JPY,0.011838
2021-11-17,CHF,1.459069
2021-11-17,CNY,0.212886
2021-11-17,HKD,0.174314
2021-11-17,MYR,0.324889
2021-11-17,ZAR,0.087706
2021-11-18,USD,1.358131
2021-11-18,EUR,1.540800
2021-11-18,GBP,1.830516
2021-11-18,JPY,0.011891
2021-11-18,CHF,1.465893
2021-11-18,CNY,0.212762
2021-11-18,HKD,0.174366
2021-11-18,MYR,0.324796
2021-11-18,ZAR,0.086947
2021-11-19,USD,1.361370
2021-11-19,EUR,1.534400
2021-11-19,GBP,1.828234
2021-11-19,JPY,0.011967
2021-11-19,CHF,1.466641
2021-11-19,CNY,0.213031
2021-11-19,HKD,0.174697
2021-11-19,MYR,0.325416
2021-11-19,ZAR,0.086439
2021-11-22,USD,1.361678
2021-11-22,EUR,1.535700
2021-11-22,GBP,1.829892
2021-11-22,JPY,0.011933
2021-11-22,CHF,1.469007
2021-11-22,CNY,0.213366
2021-11-22,HKD,0.174760
2021-11-22,MYR,0.325333
2021-11-22,ZAR,0.086373
2021-11-23,USD,1.366107
2021-11-23,EUR,1.538100
2021-11-23,GBP,1.827048
2021-11-23,JPY,0.011890
2021-11-23,CHF,1.465974
2021-11-23,CNY,0.213794
2021-11-23,HKD,0.175294
2021-11-23,MYR,0.325338
2021-11-23,ZAR,0.086173
2021-11-24,USD,1.368017
2021-11-24,EUR,1.533000
2021-11-24,GBP,1.826413
2021-11-24,JPY,0.011878
2021-11-24,CHF,1.462228
2021-11-24,CNY,0.214106
2021-11-24,HKD,0.175457
2021-11-24,MYR,0.324905
2021-11-24,ZAR,0.086086
2021-11-25,USD,1.367727
2021-11-25,EUR,1.535000
2021-11-25,GBP,1.820986
2021-11-25,JPY,0.011862
2021-11-25,CHF,1.464695
2021-11-25,CNY,0.214158
2021-11-25,HKD,0.175401
2021-11-25,MYR,0.323376
2021-11-25,ZAR,0.086150
2021-11-26,USD,1.370118
2021-11-26,EUR,1.547000
2021-11-26,GBP,1.828173
2021-11-26,JPY,0.012009
2021-11-26,CHF,1.480950
2021-11-26,CNY,0.214417
2021-11-26,HKD,0.175706
2021-11-26,MYR,0.323214
2021-11-26,ZAR,0.084791
2021-11-29,USD,1.369369
2021-11-29,EUR,1.544100
2021-11-29,GBP,1.825544
2021-11-29,JPY,0.012044
2021-11-29,CHF,1.479023
2021-11-29,CNY,0.214452
2021-11-29,HKD,0.175566
2021-11-29,MYR,0.323081
2021-11-29,ZAR,0.084604
2021-11-30,USD,1.365924
2021-11-30,EUR,1.552100
2021-11-30,GBP,1.822291
2021-11-30,JPY,0.012107
2021-11-30,CHF,1.488111
2021-11-30,CNY,0.214393
2021-11-30,HKD,0.175179
2021-11-30,MYR,0.325027
2021-11-30,ZAR,0.085154
2021-12-01,USD,1.363885
2021-12-01,EUR,1.543100
2021-12-01,GBP,1.815412
2021-12-01,JPY,0.012030
2021-12-01,CHF,1.479908
2021-12-01,CNY,0.214126
2021-12-01,HKD,0.175046
2021-12-01,MYR,0.323196
2021-12-01,ZAR,0.086201
2021-12-02,USD,1.367052
2021-12-02,EUR,1.550100
2021-12-02,GBP,1.820755
2021-12-02,JPY,0.012116
2021-12-02,CHF,1.488477
2021-12-02,CNY,0.214407
2021-12-02,HKD,0.175400
2021-12-02,MYR,0.323180
2021-12-02,ZAR,0.086283
2021-12-03,USD,1.369764
2021-12-03,EUR,1.546600
2021-12-03,GBP,1.818502
2021-12-03,JPY,0.012086
2021-12-03,CHF,1.488977
2021-12-03,CNY,0.215000
2021-12-03,HKD,0.175738
2021-12-03,MYR,0.323746
2021-12-03,ZAR,0.086157
2021-12-06,USD,1.369363
2021-12-06,EUR,1.545600
2021-12-06,GBP,1.815619
2021-12-06,JPY,0.012096
2021-12-06,CHF,1.483871
2021-12-06,CNY,0.214708
2021-12-06,HKD,0.175531
2021-12-06,MYR,0.323232
2021-12-06,ZAR,0.085757
2021-12-07,USD,1.366382
2021-12-07,EUR,1.538000
2021-12-07,GBP,1.810839
2021-12-07,JPY,0.012032
2021-12-07,CHF,1.476858
2021-12-07,CNY,0.214592
2021-12-07,HKD,0.175265
2021-12-07,MYR,0.322872
2021-12-07,ZAR,0.085629
2021-12-08,USD,1.364280
2021-12-08,EUR,1.541500
2021-12-08,GBP,1.800755
2021-12-08,JPY,0.011990
2021-12-08,CHF,1.477665
2021-12-08,CNY,0.214915
2021-12-08,HKD,0.174995
2021-12-08,MYR,0.322942
2021-12-08,ZAR,0.086519
2021-12-09,USD,1.365573
2021-12-09,EUR,1.544600
2021-12-09,GBP,1.801493
2021-12-09,JPY,0.012047
2021-12-09,CHF,1.478652
2021-12-09,CNY,0.214189
2021-12-09,HKD,0.175153
2021-12-09,MYR,0.323863
2021-12-09,ZAR,0.085721
2021-12-10,USD,1.365741
2021-12-10,EUR,1.539600
2021-12-10,GBP,1.803761
2021-12-10,JPY,0.012009
2021-12-10,CHF,1.476976
2021-12-10,CNY,0.214387
2021-12-10,HKD,0.175118
2021-12-10,MYR,0.324208
2021-12-10,ZAR,0.085337
2021-12-13,USD,1.367264
2021-12-13,EUR,1.542000
2021-12-13,GBP,1.810752
2021-12-13,JPY,0.012029
2021-12-13,CHF,1.480131
2021-12-13,CNY,0.214832
2021-12-13,HKD,0.175293
2021-12-13,MYR,0.323420
2021-12-13,ZAR,0.085813
2021-12-14,USD,1.367849
2021-12-14,EUR,1.546900
2021-12-14,GBP,1.812526
2021-12-14,JPY,0.012043
2021-12-14,CHF,1.486832
2021-12-14,CNY,0.214979
2021-12-14,HKD,0.175332
2021-12-14,MYR,0.323214
2021-12-14,ZAR,0.085361
2021-12-15,USD,1.367874
2021-12-15,EUR,1.540500
2021-12-15,GBP,1.812779
2021-12-15,JPY,0.012012
2021-12-15,CHF,1.478975
2021-12-15,CNY,0.214881
2021-12-15,HKD,0.175334
2021-12-15,MYR,0.323376
2021-12-15,ZAR,0.084654
2021-12-16,USD,1.363356
2021-12-16,EUR,1.545500
2021-12-16,GBP,1.821772
2021-12-16,JPY,0.011946
2021-12-16,CHF,1.477957
2021-12-16,CNY,0.214109
2021-12-16,HKD,0.174767
2021-12-16,MYR,0.324106
2021-12-16,ZAR,0.085330
2021-12-17,USD,1.364431
2021-12-17,EUR,1.545900
2021-12-17,GBP,1.814266
2021-12-17,JPY,0.012051
2021-12-17,CHF,1.485157
2021-12-17,CNY,0.214013
2021-12-17,HKD,0.174899
2021-12-17,MYR,0.323363
2021-12-17,ZAR,0.086228
2021-12-20,USD,1.367427
2021-12-20,EUR,1.541500
2021-12-20,GBP,1.809166
2021-12-20,JPY,0.012045
2021-12-20,CHF,1.481072
2021-12-20,CNY,0.214449
2021-12-20,HKD,0.175284
2021-12-20,MYR,0.323539
2021-12-20,ZAR,0.086469
2021-12-21,USD,1.364675
2021-12-21,EUR,1.541400
2021-12-21,GBP,1.807458
2021-12-21,JPY,0.012001
2021-12-21,CHF,1.479697
2021-12-21,CNY,0.214187
2021-12-21,HKD,0.174938
2021-12-21,MYR,0.324232
2021-12-21,ZAR,0.086100
2021-12-22,USD,1.364658
2021-12-22,EUR,1.542200
2021-12-22,GBP,1.816490
2021-12-22,JPY,0.011948
2021-12-22,CHF,1.478336
2021-12-22,CNY,0.214197
2021-12-22,HKD,0.174942
2021-12-22,MYR,0.323876
2021-12-22,ZAR,0.085836
2021-12-23,USD,1.359770
2021-12-23,EUR,1.537900
2021-12-23,GBP,1.825877
2021-12-23,JPY,0.011886
2021-12-23,CHF,1.476904
2021-12-23,CNY,0.213431
2021-12-23,HKD,0.174335
2021-12-23,MYR,0.323755
2021-12-23,ZAR,0.086511
2021-12-24,USD,1.355748
2021-12-24,EUR,1.534300
2021-12-24,GBP,1.818128
2021-12-24,JPY,0.011852
2021-12-24,CHF,1.475005
2021-12-24,CNY,0.212908
2021-12-24,HKD,0.173849
2021-12-24,MYR,0.323147
2021-12-24,ZAR,0.087265
2021-12-27,USD,1.357320
2021-12-27,EUR,1.535400
2021-12-27,GBP,1.820704
2021-12-27,JPY,0.011830
2021-12-27,CHF,1.476914
2021-12-27,CNY,0.212993
2021-12-27,HKD,0.173991
2021-12-27,MYR,0.324485
2021-12-27,ZAR,0.087433
2021-12-28,USD,1.353367
2021-12-28,EUR,1.533500
2021-12-28,GBP,1.820221
2021-12-28,JPY,0.011782
2021-12-28,CHF,1.477218
2021-12-28,CNY,0.212517
2021-12-28,HKD,0.173512
2021-12-28,MYR,0.323735
2021-12-28,ZAR,0.086097
2021-12-29,USD,1.354419
2021-12-29,EUR,1.530900
2021-12-29,GBP,1.820008
2021-12-29,JPY,0.011779
2021-12-29,CHF,1.474855
2021-12-29,CNY,0.212643
2021-12-29,HKD,0.173715
2021-12-29,MYR,0.323870
2021-12-29,ZAR,0.085301
2021-12-30,USD,1.352567
2021-12-30,EUR,1.533000
2021-12-30,GBP,1.826522
2021-12-30,JPY,0.011753
2021-12-30,CHF,1.479301
2021-12-30,CNY,0.212239
2021-12-30,HKD,0.173418
2021-12-30,MYR,0.323855
2021-12-30,ZAR,0.085085
2021-12-31,USD,1.349020
2021-12-31,EUR,1.527900
2021-12-31,GBP,1.818322
2021-12-31,JPY,0.011719
2021-12-31,CHF,1.478947
2021-12-31,CNY,0.212365
2021-12-31,HKD,0.172970
2021-12-31,MYR,0.323817
2021-12-31,ZAR,0.084590
2022-01-03,USD,1.350330
2022-01-03,EUR,1.533300
2022-01-03,GBP,1.822428
2022-01-03,JPY,0.011744
2022-01-03,CHF,1.478307
2022-01-03,CNY,0.212445
2022-01-03,HKD,0.173174
2022-01-03,MYR,0.323624
2022-01-03,ZAR,0.085344
2022-01-04,USD,1.357390
2022-01-04,EUR,1.531000
2022-01-04,GBP,1.830945
2022-01-04,JPY,0.011672
2022-01-04,CHF,1.478513
2022-01-04,CNY,0.212864
2022-01-04,HKD,0.174138
2022-01-04,MYR,0.324268
2022-01-04,ZAR,0.084548
2022-01-05,USD,1.355243
2022-01-05,EUR,1.534000
2022-01-05,GBP,1.836114
2022-01-05,JPY,0.011707
2022-01-05,CHF,1.480124
2022-01-05,CNY,0.212798
2022-01-05,HKD,0.173870
2022-01-05,MYR,0.323179
2022-01-05,ZAR,0.085522
2022-01-06,USD,1.359965
2022-01-06,EUR,1.538800
2022-01-06,GBP,1.840824
2022-01-06,JPY,0.011742
2022-01-06,CHF,1.480327
2022-01-06,CNY,0.213169
2022-01-06,HKD,0.174325
2022-01-06,MYR,0.322803
2022-01-06,ZAR,0.086482
2022-01-07,USD,1.359179
2022-01-07,EUR,1.535600
2022-01-07,GBP,1.840585
2022-01-07,JPY,0.011731
2022-01-07,CHF,1.473422
2022-01-07,CNY,0.213100
2022-01-07,HKD,0.174237
2022-01-07,MYR,0.322924
2022-01-07,ZAR,0.086904
2022-01-10,USD,1.355717
2022-01-10,EUR,1.534400
2022-01-10,GBP,1.839852
2022-01-10,JPY,0.011762
2022-01-10,CHF,1.468888
2022-01-10,CNY,0.212733
2022-01-10,HKD,0.173903
2022-01-10,MYR,0.322787
2022-01-10,ZAR,0.086690
2022-01-11,USD,1.353387
2022-01-11,EUR,1.534200
2022-01-11,GBP,1.837916
2022-01-11,JPY,0.011716
2022-01-11,CHF,1.460865
2022-01-11,CNY,0.212331
2022-01-11,HKD,0.173583
2022-01-11,MYR,0.322888
2022-01-11,ZAR,0.086632
2022-01-12,USD,1.350748
2022-01-12,EUR,1.535800
2022-01-12,GBP,1.842857
2022-01-12,JPY,0.011707
2022-01-12,CHF,1.464619
2022-01-12,CNY,0.212189
2022-01-12,HKD,0.173282
2022-01-12,MYR,0.322681
2022-01-12,ZAR,0.087438
2022-01-13,USD,1.345808
2022-01-13,EUR,1.542700
2022-01-13,GBP,1.846550
2022-01-13,JPY,0.011778
2022-01-13,CHF,1.475844
2022-01-13,CNY,0.211581
2022-01-13,HKD,0.172776
2022-01-13,MYR,0.322235
2022-01-13,ZAR,0.087464
2022-01-14,USD,1.346903
2022-01-14,EUR,1.541800
2022-01-14,GBP,1.846290
2022-01-14,JPY,0.011845
2022-01-14,CHF,1.478378
2022-01-14,CNY,0.211995
2022-01-14,HKD,0.173005
2022-01-14,MYR,0.322343
2022-01-14,ZAR,0.087581
2022-01-17,USD,1.348242
2022-01-17,EUR,1.537400
2022-01-17,GBP,1.839589
2022-01-17,JPY,0.011768
2022-01-17,CHF,1.474159
2022-01-17,CNY,0.212342
2022-01-17,HKD,0.173045
2022-01-17,MYR,0.322279
2022-01-17,ZAR,0.087347
2022-01-18,USD,1.350312
2022-01-18,EUR,1.534900
2022-01-18,GBP,1.834403
2022-01-18,JPY,0.011772
2022-01-18,CHF,1.473881
2022-01-18,CNY,0.212555
2022-01-18,HKD,0.173286
2022-01-18,MYR,0.322770
2022-01-18,ZAR,0.087510
2022-01-19,USD,1.347995
2022-01-19,EUR,1.529300
2022-01-19,GBP,1.838808
2022-01-19,JPY,0.011777
2022-01-19,CHF,1.472888
2022-01-19,CNY,0.212394
2022-01-19,HKD,0.173013
2022-01-19,MYR,0.321484
2022-01-19,ZAR,0.087947
2022-01-20,USD,1.346005
2022-01-20,EUR,1.526100
2022-01-20,GBP,1.832823
2022-01-20,JPY,0.011782
2022-01-20,CHF,1.469948
2022-01-20,CNY,0.212147
2022-01-20,HKD,0.172882
2022-01-20,MYR,0.321359
2022-01-20,ZAR,0.088454
2022-01-21,USD,1.344730
2022-01-21,EUR,1.526000
2022-01-21,GBP,1.824639
2022-01-21,JPY,0.011817
2022-01-21,CHF,1.473969
2022-01-21,CNY,0.212104
2022-01-21,HKD,0.172683
2022-01-21,MYR,0.321209
2022-01-21,ZAR,0.088956
2022-01-24,USD,1.346072
2022-01-24,EUR,1.521600
2022-01-24,GBP,1.815687
2022-01-24,JPY,0.011830
2022-01-24,CHF,1.476135
2022-01-24,CNY,0.212713
2022-01-24,HKD,0.172903
2022-01-24,MYR,0.321338
2022-01-24,ZAR,0.088204
2022-01-25,USD,1.345137
2022-01-25,EUR,1.515700
2022-01-25,GBP,1.810591
2022-01-25,JPY,0.011796
2022-01-25,CHF,1.462466
2022-01-25,CNY,0.212506
2022-01-25,HKD,0.172779
2022-01-25,MYR,0.321034
2022-01-25,ZAR,0.087781
2022-01-26,USD,1.344507
2022-01-26,EUR,1.516200
2022-01-26,GBP,1.816722
2022-01-26,JPY,0.011766
2022-01-26,CHF,1.459850
2022-01-26,CNY,0.212672
2022-01-26,HKD,0.172706
2022-01-26,MYR,0.320767
2022-01-26,ZAR,0.088740
2022-01-27,USD,1.352061
2022-01-27,EUR,1.508900
2022-01-27,GBP,1.809927
2022-01-27,JPY,0.011721
2022-01-27,CHF,1.452122
2022-01-27,CNY,0.212339
2022-01-27,HKD,0.173535
2022-01-27,MYR,0.322112
2022-01-27,ZAR,0.088182
2022-01-28,USD,1.356527
2022-01-28,EUR,1.510900
2022-01-28,GBP,1.816466
2022-01-28,JPY,0.011742
2022-01-28,CHF,1.455868
2022-01-28,CNY,0.213232
2022-01-28,HKD,0.174047
2022-01-28,MYR,0.323755
2022-01-28,ZAR,0.086911
2022-01-31,USD,1.354428
2022-01-31,EUR,1.511000
2022-01-31,GBP,1.817132
2022-01-31,JPY,0.011732
2022-01-31,CHF,1.452326
2022-01-31,CNY,0.212928
2022-01-31,HKD,0.173690
2022-01-31,MYR,0.323603
2022-01-31,ZAR,0.086972
2022-02-01,USD,1.349822
2022-02-01,EUR,1.519900
2022-02-01,GBP,1.820283
2022-02-01,JPY,0.011771
2022-02-01,CHF,1.465105
2022-02-01,CNY,0.212202
2022-02-01,HKD,0.173151
2022-02-01,MYR,0.322498
2022-02-01,ZAR,0.088555
2022-02-02,USD,1.347169
2022-02-02,EUR,1.525400
2022-02-02,GBP,1.829126
2022-02-02,JPY,0.011791
2022-02-02,CHF,1.466872
2022-02-02,CNY,0.211785
2022-02-02,HKD,0.172860
2022-02-02,MYR,0.321869
2022-02-02,ZAR,0.087940
2022-02-03,USD,1.347865
2022-02-03,EUR,1.521200
2022-02-03,GBP,1.828190
2022-02-03,JPY,0.011735
2022-02-03,CHF,1.461708
2022-02-03,CNY,0.211881
2022-02-03,HKD,0.172930
2022-02-03,MYR,0.322186
2022-02-03,ZAR,0.088000
2022-02-04,USD,1.344993
2022-02-04,EUR,1.541900
2022-02-04,GBP,1.822728
2022-02-04,JPY,0.011706
2022-02-04,CHF,1.459165
2022-02-04,CNY,0.211442
2022-02-04,HKD,0.172692
2022-02-04,MYR,0.321806
2022-02-04,ZAR,0.087670
2022-02-07,USD,1.344370
2022-02-07,EUR,1.538900
2022-02-07,GBP,1.817205
2022-02-07,JPY,0.011695
2022-02-07,CHF,1.455775
2022-02-07,CNY,0.211367
2022-02-07,HKD,0.172519
2022-02-07,MYR,0.321213
2022-02-07,ZAR,0.086944
2022-02-08,USD,1.345459
2022-02-08,EUR,1.534900
2022-02-08,GBP,1.819399
2022-02-08,JPY,0.011656
2022-02-08,CHF,1.455571
2022-02-08,CNY,0.211314
2022-02-08,HKD,0.172610
2022-02-08,MYR,0.321512
2022-02-08,ZAR,0.087022
2022-02-09,USD,1.342282
2022-02-09,EUR,1.534900
2022-02-09,GBP,1.821732
2022-02-09,JPY,0.011625
2022-02-09,CHF,1.454192
2022-02-09,CNY,0.210957
2022-02-09,HKD,0.172256
2022-02-09,MYR,0.320753
2022-02-09,ZAR,0.087568
2022-02-10,USD,1.341463
2022-02-10,EUR,1.534500
2022-02-10,GBP,1.821408
2022-02-10,JPY,0.011588
2022-02-10,CHF,1.451613
2022-02-10,CNY,0.211009
2022-02-10,HKD,0.172141
2022-02-10,MYR,0.320656
2022-02-10,ZAR,0.088659
2022-02-11,USD,1.343523
2022-02-11,EUR,1.533900
2022-02-11,GBP,1.826985
2022-02-11,JPY,0.011599
2022-02-11,CHF,1.452970
2022-02-11,CNY,0.211386
2022-02-11,HKD,0.172244
2022-02-11,MYR,0.320685
2022-02-11,ZAR,0.088800
2022-02-14,USD,1.347384
2022-02-14,EUR,1.524700
2022-02-14,GBP,1.821190
2022-02-14,JPY,0.011675
2022-02-14,CHF,1.455978
2022-02-14,CNY,0.211949
2022-02-14,HKD,0.172706
2022-02-14,MYR,0.321531
2022-02-14,ZAR,0.089002
2022-02-15,USD,1.345527
2022-02-15,EUR,1.526500
2022-02-15,GBP,1.822360
2022-02-15,JPY,0.011637
2022-02-15,CHF,1.456167
2022-02-15,CNY,0.212105
2022-02-15,HKD,0.172433
2022-02-15,MYR,0.321416
2022-02-15,ZAR,0.088870
2022-02-16,USD,1.344618
2022-02-16,EUR,1.529100
2022-02-16,GBP,1.821658
2022-02-16,JPY,0.011623
2022-02-16,CHF,1.454070
2022-02-16,CNY,0.212078
2022-02-16,HKD,0.172367
2022-02-16,MYR,0.321273
2022-02-16,ZAR,0.088829
2022-02-17,USD,1.343712
2022-02-17,EUR,1.527800
2022-02-17,GBP,1.829854
2022-02-17,JPY,0.011677
2022-02-17,CHF,1.459775
2022-02-17,CNY,0.212018
2022-02-17,HKD,0.172259
2022-02-17,MYR,0.320885
2022-02-17,ZAR,0.089927
2022-02-18,USD,1.343579
2022-02-18,EUR,1.525500
2022-02-18,GBP,1.828589
2022-02-18,JPY,0.011682
2022-02-18,CHF,1.459529
2022-02-18,CNY,0.212347
2022-02-18,HKD,0.172244
2022-02-18,MYR,0.320969
2022-02-18,ZAR,0.089285
2022-02-21,USD,1.346357
2022-02-21,EUR,1.526500
2022-02-21,GBP,1.832577
2022-02-21,JPY,0.011724
2022-02-21,CHF,1.469625
2022-02-21,CNY,0.212513
2022-02-21,HKD,0.172597
2022-02-21,MYR,0.322135
2022-02-21,ZAR,0.088804
2022-02-22,USD,1.346147
2022-02-22,EUR,1.526800
2022-02-22,GBP,1.824461
2022-02-22,JPY,0.011696
2022-02-22,CHF,1.464978
2022-02-22,CNY,0.212732
2022-02-22,HKD,0.172530
2022-02-22,MYR,0.321621
2022-02-22,ZAR,0.088887
2022-02-23,USD,1.344587
2022-02-23,EUR,1.525300
2022-02-23,GBP,1.827516
2022-02-23,JPY,0.011681
2022-02-23,CHF,1.462276
2022-02-23,CNY,0.212826
2022-02-23,HKD,0.172294
2022-02-23,MYR,0.321251
2022-02-23,ZAR,0.089456
2022-02-24,USD,1.354923
2022-02-24,EUR,1.512500
2022-02-24,GBP,1.812180
2022-02-24,JPY,0.011791
2022-02-24,CHF,1.465601
2022-02-24,CNY,0.214232
2022-02-24,HKD,0.173496
2022-02-24,MYR,0.322522
2022-02-24,ZAR,0.088124
2022-02-25,USD,1.353067
2022-02-25,EUR,1.517600
2022-02-25,GBP,1.812276
2022-02-25,JPY,0.011706
2022-02-25,CHF,1.459511
2022-02-25,CNY,0.214266
2022-02-25,HKD,0.173286
2022-02-25,MYR,0.322160
2022-02-25,ZAR,0.089105
2022-02-28,USD,1.357353
2022-02-28,EUR,1.520100
2022-02-28,GBP,1.819390
2022-02-28,JPY,0.011755
2022-02-28,CHF,1.470685
2022-02-28,CNY,0.215098
2022-02-28,HKD,0.173698
2022-02-28,MYR,0.323295
2022-02-28,ZAR,0.087937
2022-03-01,USD,1.357284
2022-03-01,EUR,1.515000
2022-03-01,GBP,1.818946
2022-03-01,JPY,0.011822
2022-03-01,CHF,1.478482
2022-03-01,CNY,0.215010
2022-03-01,HKD,0.173671
2022-03-01,MYR,0.323704
2022-03-01,ZAR,0.088007
2022-03-02,USD,1.355934
2022-03-02,EUR,1.505900
2022-03-02,GBP,1.807456
2022-03-02,JPY,0.011757
2022-03-02,CHF,1.474060
2022-03-02,CNY,0.214659
2022-03-02,HKD,0.173521
2022-03-02,MYR,0.323189
2022-03-02,ZAR,0.087601
2022-03-03,USD,1.358072
2022-03-03,EUR,1.504200
2022-03-03,GBP,1.817259
2022-03-03,JPY,0.011735
2022-03-03,CHF,1.475863
2022-03-03,CNY,0.214898
2022-03-03,HKD,0.173802
2022-03-03,MYR,0.324391
2022-03-03,ZAR,0.089112
2022-03-04,USD,1.360783
2022-03-04,EUR,1.487200
2022-03-04,GBP,1.805117
2022-03-04,JPY,0.011787
2022-03-04,CHF,1.478918
2022-03-04,CNY,0.215333
2022-03-04,HKD,0.174123
2022-03-04,MYR,0.325705
2022-03-04,ZAR,0.088501
2022-03-07,USD,1.361267
2022-03-07,EUR,1.483100
2022-03-07,GBP,1.794977
2022-03-07,JPY,0.011813
2022-03-07,CHF,1.472937
2022-03-07,CNY,0.215423
2022-03-07,HKD,0.174167
2022-03-07,MYR,0.326487
2022-03-07,ZAR,0.088834
2022-03-08,USD,1.363937
2022-03-08,EUR,1.485600
2022-03-08,GBP,1.785899
2022-03-08,JPY,0.011788
2022-03-08,CHF,1.469291
2022-03-08,CNY,0.215915
2022-03-08,HKD,0.174401
2022-03-08,MYR,0.326104
2022-03-08,ZAR,0.088931
2022-03-09,USD,1.361412
2022-03-09,EUR,1.496600
2022-03-09,GBP,1.790834
2022-03-09,JPY,0.011756
2022-03-09,CHF,1.467543
2022-03-09,CNY,0.215481
2022-03-09,HKD,0.174076
2022-03-09,MYR,0.325150
2022-03-09,ZAR,0.089854
2022-03-10,USD,1.358535
2022-03-10,EUR,1.505800
2022-03-10,GBP,1.788892
2022-03-10,JPY,0.011715
2022-03-10,CHF,1.466212
2022-03-10,CNY,0.214921
2022-03-10,HKD,0.173703
2022-03-10,MYR,0.324428
2022-03-10,ZAR,0.090025
2022-03-11,USD,1.360237
2022-03-11,EUR,1.494900
2022-03-11,GBP,1.780279
2022-03-11,JPY,0.011637
2022-03-11,CHF,1.461290
2022-03-11,CNY,0.214683
2022-03-11,HKD,0.173811
2022-03-11,MYR,0.324287
2022-03-11,ZAR,0.090657
2022-03-14,USD,1.363777
2022-03-14,EUR,1.494700
2022-03-14,GBP,1.781207
2022-03-14,JPY,0.011560
2022-03-14,CHF,1.458386
2022-03-14,CNY,0.214331
2022-03-14,HKD,0.174177
2022-03-14,MYR,0.324321
2022-03-14,ZAR,0.090572
2022-03-15,USD,1.364116
2022-03-15,EUR,1.499300
2022-03-15,GBP,1.783755
2022-03-15,JPY,0.011562
2022-03-15,CHF,1.452529
2022-03-15,CNY,0.213828
2022-03-15,HKD,0.174285
2022-03-15,MYR,0.324250
2022-03-15,ZAR,0.090184
2022-03-16,USD,1.361288
2022-03-16,EUR,1.496600
2022-03-16,GBP,1.781921
2022-03-16,JPY,0.011508
2022-03-16,CHF,1.447949
2022-03-16,CNY,0.214360
2022-03-16,HKD,0.174031
2022-03-16,MYR,0.324311
2022-03-16,ZAR,0.090389
2022-03-17,USD,1.355533
2022-03-17,EUR,1.498000
2022-03-17,GBP,1.776671
2022-03-17,JPY,0.011412
2022-03-17,CHF,1.442465
2022-03-17,CNY,0.213463
2022-03-17,HKD,0.173398
2022-03-17,MYR,0.323096
2022-03-17,ZAR,0.090631
2022-03-18,USD,1.358285
2022-03-18,EUR,1.495200
2022-03-18,GBP,1.781591
2022-03-18,JPY,0.011379
2022-03-18,CHF,1.449680
2022-03-18,CNY,0.213505
2022-03-18,HKD,0.173657
2022-03-18,MYR,0.323938
2022-03-18,ZAR,0.090428
2022-03-21,USD,1.355318
2022-03-21,EUR,1.496000
2022-03-21,GBP,1.785736
2022-03-21,JPY,0.011370
2022-03-21,CHF,1.455536
2022-03-21,CNY,0.213251
2022-03-21,HKD,0.173174
2022-03-21,MYR,0.322310
2022-03-21,ZAR,0.090918
2022-03-22,USD,1.356767
2022-03-22,EUR,1.495700
2022-03-22,GBP,1.797112
2022-03-22,JPY,0.011249
2022-03-22,CHF,1.455669
2022-03-22,CNY,0.213254
2022-03-22,HKD,0.173344
2022-03-22,MYR,0.321774
2022-03-22,ZAR,0.091519
2022-03-23,USD,1.358125
2022-03-23,EUR,1.491900
2022-03-23,GBP,1.791427
2022-03-23,JPY,0.011247
2022-03-23,CHF,1.452819
2022-03-23,CNY,0.213119
2022-03-23,HKD,0.173582
2022-03-23,MYR,0.321523
2022-03-23,ZAR,0.091809
2022-03-24,USD,1.358353
2022-03-24,EUR,1.491200
2022-03-24,GBP,1.790414
2022-03-24,JPY,0.011152
2022-03-24,CHF,1.458386
2022-03-24,CNY,0.213233
2022-03-24,HKD,0.173603
2022-03-24,MYR,0.321407
2022-03-24,ZAR,0.092347
2022-03-25,USD,1.356026
2022-03-25,EUR,1.491900
2022-03-25,GBP,1.789278
2022-03-25,JPY,0.011128
2022-03-25,CHF,1.461644
2022-03-25,CNY,0.213107
2022-03-25,HKD,0.173241
2022-03-25,MYR,0.322058
2022-03-25,ZAR,0.093019
2022-03-28,USD,1.360660
2022-03-28,EUR,1.492100
2022-03-28,GBP,1.783891
2022-03-28,JPY,0.010977
2022-03-28,CHF,1.454714
2022-03-28,CNY,0.213578
2022-03-28,HKD,0.173781
2022-03-28,MYR,0.322700
2022-03-28,ZAR,0.093300
2022-03-29,USD,1.357781
2022-03-29,EUR,1.505100
2022-03-29,GBP,1.782449
2022-03-29,JPY,0.011013
2022-03-29,CHF,1.452519
2022-03-29,CNY,0.213338
2022-03-29,HKD,0.173465
2022-03-29,MYR,0.322243
2022-03-29,ZAR,0.093020
2022-03-30,USD,1.353946
2022-03-30,EUR,1.506400
2022-03-30,GBP,1.781394
2022-03-30,JPY,0.011120
2022-03-30,CHF,1.461247
2022-03-30,CNY,0.213172
2022-03-30,HKD,0.172988
2022-03-30,MYR,0.322025
2022-03-30,ZAR,0.093398
2022-03-31,USD,1.353752
2022-03-31,EUR,1.502800
2022-03-31,GBP,1.776464
2022-03-31,JPY,0.011118
2022-03-31,CHF,1.463719
2022-03-31,CNY,0.213457
2022-03-31,HKD,0.172899
2022-03-31,MYR,0.321957
2022-03-31,ZAR,0.092922
2022-04-01,USD,1.355863
2022-04-01,EUR,1.498500
2022-04-01,GBP,1.780854
2022-04-01,JPY,0.011071
2022-04-01,CHF,1.466673
2022-04-01,CNY,0.213125
2022-04-01,HKD,0.173045
2022-04-01,MYR,0.322023
2022-04-01,ZAR,0.092680
2022-04-04,USD,1.357383
2022-04-04,EUR,1.493800
2022-04-04,GBP,1.780665
2022-04-04,JPY,0.011059
2022-04-04,CHF,1.464079
2022-04-04,CNY,0.213321
2022-04-04,HKD,0.173242
2022-04-04,MYR,0.321732
2022-04-04,ZAR,0.092807
2022-04-05,USD,1.355365
2022-04-05,EUR,1.486700
2022-04-05,GBP,1.780692
2022-04-05,JPY,0.011032
2022-04-05,CHF,1.466029
2022-04-05,CNY,0.213046
2022-04-05,HKD,0.173039
2022-04-05,MYR,0.321901
2022-04-05,ZAR,0.093193
2022-04-06,USD,1.358967
2022-04-06,EUR,1.484400
2022-04-06,GBP,1.778300
2022-04-06,JPY,0.010971
2022-04-06,CHF,1.457151
2022-04-06,CNY,0.213589
2022-04-06,HKD,0.173377
2022-04-06,MYR,0.322415
2022-04-06,ZAR,0.092813
2022-04-07,USD,1.360205
2022-04-07,EUR,1.484800
2022-04-07,GBP,1.779269
2022-04-07,JPY,0.010973
2022-04-07,CHF,1.457830
2022-04-07,CNY,0.213800
2022-04-07,HKD,0.173551
2022-04-07,MYR,0.322460
2022-04-07,ZAR,0.092499
2022-04-08,USD,1.362766
2022-04-08,EUR,1.480100
2022-04-08,GBP,1.775658
2022-04-08,JPY,0.010974
2022-04-08,CHF,1.457509
2022-04-08,CNY,0.214150
2022-04-08,HKD,0.173855
2022-04-08,MYR,0.322814
2022-04-08,ZAR,0.092525
2022-04-11,USD,1.364587
2022-04-11,EUR,1.487400
2022-04-11,GBP,1.777210
2022-04-11,JPY,0.010856
2022-04-11,CHF,1.461100
2022-04-11,CNY,0.214307
2022-04-11,HKD,0.174087
2022-04-11,MYR,0.322562
2022-04-11,ZAR,0.093473
2022-04-12,USD,1.362950
2022-04-12,EUR,1.480300
2022-04-12,GBP,1.773770
2022-04-12,JPY,0.010861
2022-04-12,CHF,1.461159
2022-04-12,CNY,0.213919
2022-04-12,HKD,0.173924
2022-04-12,MYR,0.322000
2022-04-12,ZAR,0.093400
2022-04-13,USD,1.364216
2022-04-13,EUR,1.476900
2022-04-13,GBP,1.773415
2022-04-13,JPY,0.010839
2022-04-13,CHF,1.459964
2022-04-13,CNY,0.214233
2022-04-13,HKD,0.174025
2022-04-13,MYR,0.322474
2022-04-13,ZAR,0.094178
2022-04-14,USD,1.354293
2022-04-14,EUR,1.473200
2022-04-14,GBP,1.776909
2022-04-14,JPY,0.010807
2022-04-14,CHF,1.445873
2022-04-14,CNY,0.212522
2022-04-14,HKD,0.172712
2022-04-14,MYR,0.320052
2022-04-14,ZAR,0.092462
2022-04-19,USD,1.366565
2022-04-19,EUR,1.476300
2022-04-19,GBP,1.779640
2022-04-19,JPY,0.010667
2022-04-19,CHF,1.446219
2022-04-19,CNY,0.213932
2022-04-19,HKD,0.174302
2022-04-19,MYR,0.321207
2022-04-19,ZAR,0.092038
2022-04-20,USD,1.364635
2022-04-20,EUR,1.477900
2022-04-20,GBP,1.781354
2022-04-20,JPY,0.010668
2022-04-20,CHF,1.441291
2022-04-20,CNY,0.212807
2022-04-20,HKD,0.173993
2022-04-20,MYR,0.318410
2022-04-20,ZAR,0.090658
2022-04-21,USD,1.361257
2022-04-21,EUR,1.482000
2022-04-21,GBP,1.774362
2022-04-21,JPY,0.010615
2022-04-21,CHF,1.433962
2022-04-21,CNY,0.211027
2022-04-21,HKD,0.173524
2022-04-21,MYR,0.317236
2022-04-21,ZAR,0.089279
2022-04-22,USD,1.366738
2022-04-22,EUR,1.478400
2022-04-22,GBP,1.761573
2022-04-22,JPY,0.010649
2022-04-22,CHF,1.430341
2022-04-22,CNY,0.210203
2022-04-22,HKD,0.174218
2022-04-22,MYR,0.316005
2022-04-22,ZAR,0.087660
2022-04-25,USD,1.373255
2022-04-25,EUR,1.475700
2022-04-25,GBP,1.749911
2022-04-25,JPY,0.010714
2022-04-25,CHF,1.437323
2022-04-25,CNY,0.209622
2022-04-25,HKD,0.175001
2022-04-25,MYR,0.315219
2022-04-25,ZAR,0.087553
2022-04-26,USD,1.373993
2022-04-26,EUR,1.466600
2022-04-26,GBP,1.743151
2022-04-26,JPY,0.010772
2022-04-26,CHF,1.433767
2022-04-26,CNY,0.210003
2022-04-26,HKD,0.175148
2022-04-26,MYR,0.315500
2022-04-26,ZAR,0.087408
2022-04-27,USD,1.379760
2022-04-27,EUR,1.460200
2022-04-27,GBP,1.733895
2022-04-27,JPY,0.010771
2022-04-27,CHF,1.427510
2022-04-27,CNY,0.210473
2022-04-27,HKD,0.175832
2022-04-27,MYR,0.316458
2022-04-27,ZAR,0.086707
2022-04-28,USD,1.388269
2022-04-28,EUR,1.455600
2022-04-28,GBP,1.725667
2022-04-28,JPY,0.010615
2022-04-28,CHF,1.424824
2022-04-28,CNY,0.209798
2022-04-28,HKD,0.176936
2022-04-28,MYR,0.318227
2022-04-28,ZAR,0.086916
2022-04-29,USD,1.379981
2022-04-29,EUR,1.454500
2022-04-29,GBP,1.733446
2022-04-29,JPY,0.010616
2022-04-29,CHF,1.421938
2022-04-29,CNY,0.209458
2022-04-29,HKD,0.175870
2022-04-29,MYR,0.316981
2022-04-29,ZAR,0.087372
2022-05-02,USD,1.385880
2022-05-02,EUR,1.458500
2022-05-02,GBP,1.740246
2022-05-02,JPY,0.010675
2022-05-02,CHF,1.422510
2022-05-02,CNY,0.209711
2022-05-02,HKD,0.176614
2022-05-02,MYR,0.318339
2022-05-02,ZAR,0.087135
2022-05-03,USD,1.383573
2022-05-03,EUR,1.460500
2022-05-03,GBP,1.736004
2022-05-03,JPY,0.010656
2022-05-03,CHF,1.421826
2022-05-03,CNY,0.209364
2022-05-03,HKD,0.176308
2022-05-03,MYR,0.317804
2022-05-03,ZAR,0.086778
2022-05-04,USD,1.382490
2022-05-04,EUR,1.455900
2022-05-04,GBP,1.729221
2022-05-04,JPY,0.010639
2022-05-04,CHF,1.410209
2022-05-04,CNY,0.209199
2022-05-04,HKD,0.176142
2022-05-04,MYR,0.317556
2022-05-04,ZAR,0.087447
2022-05-05,USD,1.377839
2022-05-05,EUR,1.456100
2022-05-05,GBP,1.709238
2022-05-05,JPY,0.010615
2022-05-05,CHF,1.406181
2022-05-05,CNY,0.208181
2022-05-05,HKD,0.175544
2022-05-05,MYR,0.316853
2022-05-05,ZAR,0.087790
2022-05-06,USD,1.385241
2022-05-06,EUR,1.464200
2022-05-06,GBP,1.710015
2022-05-06,JPY,0.010618
2022-05-06,CHF,1.405317
2022-05-06,CNY,0.207670
2022-05-06,HKD,0.176476
2022-05-06,MYR,0.316988
2022-05-06,ZAR,0.086325
2022-05-09,USD,1.389904
2022-05-09,EUR,1.467600
2022-05-09,GBP,1.721828
2022-05-09,JPY,0.010627
2022-05-09,CHF,1.402791
2022-05-09,CNY,0.207037
2022-05-09,HKD,0.177060
2022-05-09,MYR,0.317079
2022-05-09,ZAR,0.085658
2022-05-10,USD,1.389710
2022-05-10,EUR,1.466700
2022-05-10,GBP,1.713535
2022-05-10,JPY,0.010676
2022-05-10,CHF,1.399656
2022-05-10,CNY,0.206674
2022-05-10,HKD,0.177037
2022-05-10,MYR,0.317138
2022-05-10,ZAR,0.086251
2022-05-11,USD,1.385578
2022-05-11,EUR,1.462200
2022-05-11,GBP,1.712318
2022-05-11,JPY,0.010668
2022-05-11,CHF,1.399770
2022-05-11,CNY,0.206254
2022-05-11,HKD,0.176511
2022-05-11,MYR,0.316596
2022-05-11,ZAR,0.086380
2022-05-12,USD,1.395945
2022-05-12,EUR,1.452900
2022-05-12,GBP,1.703422
2022-05-12,JPY,0.010855
2022-05-12,CHF,1.400116
2022-05-12,CNY,0.205528
2022-05-12,HKD,0.177829
2022-05-12,MYR,0.317747
2022-05-12,ZAR,0.086069
2022-05-13,USD,1.396245
2022-05-13,EUR,1.450000
2022-05-13,GBP,1.703578
2022-05-13,JPY,0.010828
2022-05-13,CHF,1.396245
2022-05-13,CNY,0.205636
2022-05-13,HKD,0.177866
2022-05-13,MYR,0.317474
2022-05-13,ZAR,0.086418
2022-05-16,USD,1.394262
2022-05-16,EUR,1.453100
2022-05-16,GBP,1.708625
2022-05-16,JPY,0.010763
2022-05-16,CHF,1.386678
2022-05-16,CNY,0.205281
2022-05-16,HKD,0.177615
2022-05-16,MYR,0.317022
2022-05-16,ZAR,0.085883
2022-05-17,USD,1.384024
2022-05-17,EUR,1.458900
2022-05-17,GBP,1.728555
2022-05-17,JPY,0.010702
2022-05-17,CHF,1.395142
2022-05-17,CNY,0.205772
2022-05-17,HKD,0.176315
2022-05-17,MYR,0.315704
2022-05-17,ZAR,0.086612
2022-05-18,USD,1.387247
2022-05-18,EUR,1.459800
2022-05-18,GBP,1.724105
2022-05-18,JPY,0.010753
2022-05-18,CHF,1.392142
2022-05-18,CNY,0.205687
2022-05-18,HKD,0.176750
2022-05-18,MYR,0.315605
2022-05-18,ZAR,0.087250
2022-05-19,USD,1.384893
2022-05-19,EUR,1.457600
2022-05-19,GBP,1.720329
2022-05-19,JPY,0.010840
2022-05-19,CHF,1.419971
2022-05-19,CNY,0.205215
2022-05-19,HKD,0.176478
2022-05-19,MYR,0.314389
2022-05-19,ZAR,0.086600
2022-05-20,USD,1.379219
2022-05-20,EUR,1.458800
2022-05-20,GBP,1.719877
2022-05-20,JPY,0.010779
2022-05-20,CHF,1.419066
2022-05-20,CNY,0.206518
2022-05-20,HKD,0.175761
2022-05-20,MYR,0.314248
2022-05-20,ZAR,0.087285
2022-05-23,USD,1.373393
2022-05-23,EUR,1.463900
2022-05-23,GBP,1.726643
2022-05-23,JPY,0.010760
2022-05-23,CHF,1.419884
2022-05-23,CNY,0.206620
2022-05-23,HKD,0.174974
2022-05-23,MYR,0.312919
2022-05-23,ZAR,0.087430
2022-05-24,USD,1.373321
2022-05-24,EUR,1.472200
2022-05-24,GBP,1.716851
2022-05-24,JPY,0.010786
2022-05-24,CHF,1.424618
2022-05-24,CNY,0.206049
2022-05-24,HKD,0.174964
2022-05-24,MYR,0.312728
2022-05-24,ZAR,0.087728
2022-05-25,USD,1.377252
2022-05-25,EUR,1.467600
2022-05-25,GBP,1.720617
2022-05-25,JPY,0.010844
2022-05-25,CHF,1.429156
2022-05-25,CNY,0.205736
2022-05-25,HKD,0.175452
2022-05-25,MYR,0.313369
2022-05-25,ZAR,0.087551
2022-05-26,USD,1.375058
2022-05-26,EUR,1.470900
2022-05-26,GBP,1.728986
2022-05-26,JPY,0.010819
2022-05-26,CHF,1.430419
2022-05-26,CNY,0.204224
2022-05-26,HKD,0.175170
2022-05-26,MYR,0.312658
2022-05-26,ZAR,0.086875
2022-05-27,USD,1.369054
2022-05-27,EUR,1.467900
2022-05-27,GBP,1.729485
2022-05-27,JPY,0.010789
2022-05-27,CHF,1.430981
2022-05-27,CNY,0.204355
2022-05-27,HKD,0.174407
2022-05-27,MYR,0.312638
2022-05-27,ZAR,0.087657
2022-05-30,USD,1.367428
2022-05-30,EUR,1.471900
2022-05-30,GBP,1.728597
2022-05-30,JPY,0.010724
2022-05-30,CHF,1.425293
2022-05-30,CNY,0.205186
2022-05-30,HKD,0.174210
2022-05-30,MYR,0.313184
2022-05-30,ZAR,0.088413
2022-05-31,USD,1.370951
2022-05-31,EUR,1.468700
2022-05-31,GBP,1.725082
2022-05-31,JPY,0.010692
2022-05-31,CHF,1.428558
2022-05-31,CNY,0.205695
2022-05-31,HKD,0.174714
2022-05-31,MYR,0.313109
2022-05-31,ZAR,0.087710
2022-06-01,USD,1.372293
2022-06-01,EUR,1.470000
2022-06-01,GBP,1.726203
2022-06-01,JPY,0.010600
2022-06-01,CHF,1.426492
2022-06-01,CNY,0.205347
2022-06-01,HKD,0.174881
2022-06-01,MYR,0.313092
2022-06-01,ZAR,0.088506
2022-06-02,USD,1.374953
2022-06-02,EUR,1.470100
2022-06-02,GBP,1.725571
2022-06-02,JPY,0.010598
2022-06-02,CHF,1.432288
2022-06-02,CNY,0.206041
2022-06-02,HKD,0.175229
2022-06-02,MYR,0.313127
2022-06-02,ZAR,0.088484
2022-06-03,USD,1.373812
2022-06-03,EUR,1.474100
2022-06-03,GBP,1.725708
2022-06-03,JPY,0.010560
2022-06-03,CHF,1.431721
2022-06-03,CNY,0.206269
2022-06-03,HKD,0.175140
2022-06-03,MYR,0.313012
2022-06-03,ZAR,0.088719
2022-06-06,USD,1.373485
2022-06-06,EUR,1.473200
2022-06-06,GBP,1.724756
2022-06-06,JPY,0.010511
2022-06-06,CHF,1.427519
2022-06-06,CNY,0.206843
2022-06-06,HKD,0.175060
2022-06-06,MYR,0.312941
2022-06-06,ZAR,0.089752
2022-06-07,USD,1.377321
2022-06-07,EUR,1.468500
2022-06-07,GBP,1.720260
2022-06-07,JPY,0.010366
2022-06-07,CHF,1.408903
2022-06-07,CNY,0.206407
2022-06-07,HKD,0.175540
2022-06-07,MYR,0.313347
2022-06-07,ZAR,0.089510
2022-06-08,USD,1.375268
2022-06-08,EUR,1.476900
2022-06-08,GBP,1.725855
2022-06-08,JPY,0.010262
2022-06-08,CHF,1.408449
2022-06-08,CNY,0.205739
2022-06-08,HKD,0.175248
2022-06-08,MYR,0.312989
2022-06-08,ZAR,0.089712
2022-06-09,USD,1.375686
2022-06-09,EUR,1.477900
2022-06-09,GBP,1.725450
2022-06-09,JPY,0.010268
2022-06-09,CHF,1.408194
2022-06-09,CNY,0.206060
2022-06-09,HKD,0.175279
2022-06-09,MYR,0.313121
2022-06-09,ZAR,0.090043
2022-06-10,USD,1.382114
2022-06-10,EUR,1.462000
2022-06-10,GBP,1.719029
2022-06-10,JPY,0.010318
2022-06-10,CHF,1.405229
2022-06-10,CNY,0.206299
2022-06-10,HKD,0.176079
2022-06-10,MYR,0.313976
2022-06-10,ZAR,0.088494
2022-06-13,USD,1.390531
2022-06-13,EUR,1.453800
2022-06-13,GBP,1.693419
2022-06-13,JPY,0.010347
2022-06-13,CHF,1.401253
2022-06-13,CNY,0.206406
2022-06-13,HKD,0.177139
2022-06-13,MYR,0.314709
2022-06-13,ZAR,0.086500
2022-06-14,USD,1.391217
2022-06-14,EUR,1.454100
2022-06-14,GBP,1.679526
2022-06-14,JPY,0.010341
2022-06-14,CHF,1.398980
2022-06-14,CNY,0.206498
2022-06-14,HKD,0.177226
2022-06-14,MYR,0.314577
2022-06-14,ZAR,0.086575
2022-06-15,USD,1.391909
2022-06-15,EUR,1.451900
2022-06-15,GBP,1.681841
2022-06-15,JPY,0.010335
2022-06-15,CHF,1.391375
2022-06-15,CNY,0.207376
2022-06-15,HKD,0.177314
2022-06-15,MYR,0.315377
2022-06-15,ZAR,0.086882
2022-06-16,USD,1.389519
2022-06-16,EUR,1.445100
2022-06-16,GBP,1.689188
2022-06-16,JPY,0.010454
2022-06-16,CHF,1.424867
2022-06-16,CNY,0.206904
2022-06-16,HKD,0.177013
2022-06-16,MYR,0.315620
2022-06-16,ZAR,0.087027
2022-06-17,USD,1.387278
2022-06-17,EUR,1.454700
2022-06-17,GBP,1.701404
2022-06-17,JPY,0.010302
2022-06-17,CHF,1.439584
2022-06-17,CNY,0.206904
2022-06-17,HKD,0.176726
2022-06-17,MYR,0.315150
2022-06-17,ZAR,0.087038
2022-06-20,USD,1.387183
2022-06-20,EUR,1.458900
2022-06-20,GBP,1.701381
2022-06-20,JPY,0.010278
2022-06-20,CHF,1.435643
2022-06-20,CNY,0.207389
2022-06-20,HKD,0.176712
2022-06-20,MYR,0.315158
2022-06-20,ZAR,0.086529
2022-06-21,USD,1.385024
2022-06-21,EUR,1.461200
2022-06-21,GBP,1.698872
2022-06-21,JPY,0.010165
2022-06-21,CHF,1.430585
2022-06-21,CNY,0.206735
2022-06-21,HKD,0.176437
2022-06-21,MYR,0.314921
2022-06-21,ZAR,0.087038
2022-06-22,USD,1.389127
2022-06-22,EUR,1.461500
2022-06-22,GBP,1.701694
2022-06-22,JPY,0.010212
2022-06-22,CHF,1.439476
2022-06-22,CNY,0.207000
2022-06-22,HKD,0.176961
2022-06-22,MYR,0.315352
2022-06-22,ZAR,0.087002
2022-06-23,USD,1.390355
2022-06-23,EUR,1.458900
2022-06-23,GBP,1.699993
2022-06-23,JPY,0.010266
2022-06-23,CHF,1.440178
2022-06-23,CNY,0.207327
2022-06-23,HKD,0.177137
2022-06-23,MYR,0.315574
2022-06-23,ZAR,0.086752
2022-06-24,USD,1.389206
2022-06-24,EUR,1.462000
2022-06-24,GBP,1.704499
2022-06-24,JPY,0.010282
2022-06-24,CHF,1.451549
2022-06-24,CNY,0.207441
2022-06-24,HKD,0.176978
2022-06-24,MYR,0.315583
2022-06-24,ZAR,0.087473
2022-06-27,USD,1.384885
2022-06-27,EUR,1.464100
2022-06-27,GBP,1.698492
2022-06-27,JPY,0.010221
2022-06-27,CHF,1.443459
2022-06-27,CNY,0.206978
2022-06-27,HKD,0.176512
2022-06-27,MYR,0.314461
2022-06-27,ZAR,0.087166
2022-06-28,USD,1.386706
2022-06-28,EUR,1.464500
2022-06-28,GBP,1.696005
2022-06-28,JPY,0.010193
2022-06-28,CHF,1.449856
2022-06-28,CNY,0.206923
2022-06-28,HKD,0.176701
2022-06-28,MYR,0.315407
2022-06-28,ZAR,0.086620
2022-06-29,USD,1.388894
2022-06-29,EUR,1.460700
2022-06-29,GBP,1.689432
2022-06-29,JPY,0.010177
2022-06-29,CHF,1.459970
2022-06-29,CNY,0.207539
2022-06-29,HKD,0.176986
2022-06-29,MYR,0.315677
2022-06-29,ZAR,0.086281
2022-06-30,USD,1.394339
2022-06-30,EUR,1.448300
2022-06-30,GBP,1.687602
2022-06-30,JPY,0.010232
2022-06-30,CHF,1.454116
2022-06-30,CNY,0.208017
2022-06-30,HKD,0.177721
2022-06-30,MYR,0.316354
2022-06-30,ZAR,0.085123
2022-07-01,USD,1.397122
2022-07-01,EUR,1.456500
2022-07-01,GBP,1.680939
2022-07-01,JPY,0.010326
2022-07-01,CHF,1.452578
2022-07-01,CNY,0.208459
2022-07-01,HKD,0.178054
2022-07-01,MYR,0.317023
2022-07-01,ZAR,0.085015
2022-07-04,USD,1.395218
2022-07-04,EUR,1.458700
2022-07-04,GBP,1.696952
2022-07-04,JPY,0.010308
2022-07-04,CHF,1.453323
2022-07-04,CNY,0.208454
2022-07-04,HKD,0.177819
2022-07-04,MYR,0.316160
2022-07-04,ZAR,0.085667
2022-07-05,USD,1.404762
2022-07-05,EUR,1.445500
2022-07-05,GBP,1.683849
2022-07-05,JPY,0.010342
2022-07-05,CHF,1.455397
2022-07-05,CNY,0.209405
2022-07-05,HKD,0.179014
2022-07-05,MYR,0.317853
2022-07-05,ZAR,0.085460
2022-07-06,USD,1.405621
2022-07-06,EUR,1.430500
2022-07-06,GBP,1.669662
2022-07-06,JPY,0.010388
2022-07-06,CHF,1.445534
2022-07-06,CNY,0.209477
2022-07-06,HKD,0.179117
2022-07-06,MYR,0.317691
2022-07-06,ZAR,0.084025
2022-07-07,USD,1.400295
2022-07-07,EUR,1.425500
2022-07-07,GBP,1.674990
2022-07-07,JPY,0.010321
2022-07-07,CHF,1.439027
2022-07-07,CNY,0.208926
2022-07-07,HKD,0.178426
2022-07-07,MYR,0.316237
2022-07-07,ZAR,0.083670
2022-07-08,USD,1.399980
2022-07-08,EUR,1.422800
2022-07-08,GBP,1.682095
2022-07-08,JPY,0.010306
2022-07-08,CHF,1.435287
2022-07-08,CNY,0.208943
2022-07-08,HKD,0.178365
2022-07-08,MYR,0.316234
2022-07-08,ZAR,0.082758
2022-07-11,USD,1.404040
2022-07-11,EUR,1.417800
2022-07-11,GBP,1.677076
2022-07-11,JPY,0.010217
2022-07-11,CHF,1.430965
2022-07-11,CNY,0.209137
2022-07-11,HKD,0.178868
2022-07-11,MYR,0.317153
2022-07-11,ZAR,0.082606
2022-07-12,USD,1.406791
2022-07-12,EUR,1.412700
2022-07-12,GBP,1.665468
2022-07-12,JPY,0.010288
2022-07-12,CHF,1.429424
2022-07-12,CNY,0.209233
2022-07-12,HKD,0.179213
2022-07-12,MYR,0.317062
2022-07-12,ZAR,0.082369
2022-07-13,USD,1.403993
2022-07-13,EUR,1.413400
2022-07-13,GBP,1.675220
2022-07-13,JPY,0.010241
2022-07-13,CHF,1.437990
2022-07-13,CNY,0.208706
2022-07-13,HKD,0.178855
2022-07-13,MYR,0.316430
2022-07-13,ZAR,0.082884
2022-07-14,USD,1.405797
2022-07-14,EUR,1.406500
2022-07-14,GBP,1.663316
2022-07-14,JPY,0.010116
2022-07-14,CHF,1.429225
2022-07-14,CNY,0.208007
2022-07-14,HKD,0.179083
2022-07-14,MYR,0.316338
2022-07-14,ZAR,0.081764
2022-07-15,USD,1.403022
2022-07-15,EUR,1.411300
2022-07-15,GBP,1.660587
2022-07-15,JPY,0.010118
2022-07-15,CHF,1.432937
2022-07-15,CNY,0.207718
2022-07-15,HKD,0.178729
2022-07-15,MYR,0.315360
2022-07-15,ZAR,0.081637
2022-07-18,USD,1.396999
2022-07-18,EUR,1.415300
2022-07-18,GBP,1.670799
2022-07-18,JPY,0.010098
2022-07-18,CHF,1.428009
2022-07-18,CNY,0.207321
2022-07-18,HKD,0.177962
2022-07-18,MYR,0.313723
2022-07-18,ZAR,0.081419
2022-07-19,USD,1.392777
2022-07-19,EUR,1.426900
2022-07-19,GBP,1.672743
2022-07-19,JPY,0.010119
2022-07-19,CHF,1.438697
2022-07-19,CNY,0.206605
2022-07-19,HKD,0.177424
2022-07-19,MYR,0.312985
2022-07-19,ZAR,0.081738
2022-07-20,USD,1.392686
2022-07-20,EUR,1.420400
2022-07-20,GBP,1.667567
2022-07-20,JPY,0.010079
2022-07-20,CHF,1.435327
2022-07-20,CNY,0.206178
2022-07-20,HKD,0.177413
2022-07-20,MYR,0.312822
2022-07-20,ZAR,0.081668
2022-07-21,USD,1.394058
2022-07-21,EUR,1.421800
2022-07-21,GBP,1.662049
2022-07-21,JPY,0.010051
2022-07-21,CHF,1.432688
2022-07-21,CNY,0.205939
2022-07-21,HKD,0.177601
2022-07-21,MYR,0.312779
2022-07-21,ZAR,0.081155
2022-07-22,USD,1.388714
2022-07-22,EUR,1.415100
2022-07-22,GBP,1.662066
2022-07-22,JPY,0.010143
2022-07-22,CHF,1.439280
2022-07-22,CNY,0.205528
2022-07-22,HKD,0.176921
2022-07-22,MYR,0.311930
2022-07-22,ZAR,0.082269
2022-07-25,USD,1.384916
2022-07-25,EUR,1.417600
2022-07-25,GBP,1.671442
2022-07-25,JPY,0.010137
2022-07-25,CHF,1.436417
2022-07-25,CNY,0.205170
2022-07-25,HKD,0.176439
2022-07-25,MYR,0.310973
2022-07-25,ZAR,0.082658
2022-07-26,USD,1.389372
2022-07-26,EUR,1.406600
2022-07-26,GBP,1.663474
2022-07-26,JPY,0.010167
2022-07-26,CHF,1.440451
2022-07-26,CNY,0.205490
2022-07-26,HKD,0.177007
2022-07-26,MYR,0.311795
2022-07-26,ZAR,0.082320
2022-07-27,USD,1.387707
2022-07-27,EUR,1.408800
2022-07-27,GBP,1.674392
2022-07-27,JPY,0.010143
2022-07-27,CHF,1.442260
2022-07-27,CNY,0.205562
2022-07-27,HKD,0.176781
2022-07-27,MYR,0.311248
2022-07-27,ZAR,0.082219
2022-07-28,USD,1.384015
2022-07-28,EUR,1.400900
2022-07-28,GBP,1.675998
2022-07-28,JPY,0.010206
2022-07-28,CHF,1.437558
2022-07-28,CNY,0.205035
2022-07-28,HKD,0.176311
2022-07-28,MYR,0.310821
2022-07-28,ZAR,0.082401
2022-07-29,USD,1.381447
2022-07-29,EUR,1.408800
2022-07-29,GBP,1.677343
2022-07-29,JPY,0.010327
2022-07-29,CHF,1.445813
2022-07-29,CNY,0.205051
2022-07-29,HKD,0.175981
2022-07-29,MYR,0.310404
2022-07-29,ZAR,0.083545
2022-08-01,USD,1.376625
2022-08-01,EUR,1.408700
2022-08-01,GBP,1.683035
2022-08-01,JPY,0.010406
2022-08-01,CHF,1.449727
2022-08-01,CNY,0.203849
2022-08-01,HKD,0.175366
2022-08-01,MYR,0.309142
2022-08-01,ZAR,0.083546
2022-08-02,USD,1.379401
2022-08-02,EUR,1.410300
2022-08-02,GBP,1.685651
2022-08-02,JPY,0.010532
2022-08-02,CHF,1.447352
2022-08-02,CNY,0.204045
2022-08-02,HKD,0.175723
2022-08-02,MYR,0.309745
2022-08-02,ZAR,0.083047
2022-08-03,USD,1.380126
2022-08-03,EUR,1.406900
2022-08-03,GBP,1.682311
2022-08-03,JPY,0.010331
2022-08-03,CHF,1.439578
2022-08-03,CNY,0.204402
2022-08-03,HKD,0.175814
2022-08-03,MYR,0.309651
2022-08-03,ZAR,0.082139
2022-08-04,USD,1.378745
2022-08-04,EUR,1.403700
2022-08-04,GBP,1.666489
2022-08-04,JPY,0.010336
2022-08-04,CHF,1.437481
2022-08-04,CNY,0.204118
2022-08-04,HKD,0.175640
2022-08-04,MYR,0.309274
2022-08-04,ZAR,0.082400
2022-08-05,USD,1.375647
2022-08-05,EUR,1.407700
2022-08-05,GBP,1.670504
2022-08-05,JPY,0.010334
2022-08-05,CHF,1.439955
2022-08-05,CNY,0.203814
2022-08-05,HKD,0.175244
2022-08-05,MYR,0.308720
2022-08-05,ZAR,0.082640
2022-08-08,USD,1.378370
2022-08-08,EUR,1.405800
2022-08-08,GBP,1.670291
2022-08-08,JPY,0.010215
2022-08-08,CHF,1.439926
2022-08-08,CNY,0.203943
2022-08-08,HKD,0.175591
2022-08-08,MYR,0.309123
2022-08-08,ZAR,0.082843
2022-08-09,USD,1.378738
2022-08-09,EUR,1.411000
2022-08-09,GBP,1.669427
2022-08-09,JPY,0.010205
2022-08-09,CHF,1.445252
2022-08-09,CNY,0.204179
2022-08-09,HKD,0.175642
2022-08-09,MYR,0.309484
2022-08-09,ZAR,0.082757
2022-08-10,USD,1.376024
2022-08-10,EUR,1.410700
2022-08-10,GBP,1.667336
2022-08-10,JPY,0.010211
2022-08-10,CHF,1.452383
2022-08-10,CNY,0.203794
2022-08-10,HKD,0.175329
2022-08-10,MYR,0.308734
2022-08-10,ZAR,0.083578
2022-08-11,USD,1.368833
2022-08-11,EUR,1.415100
2022-08-11,GBP,1.673189
2022-08-11,JPY,0.010362
2022-08-11,CHF,1.457063
2022-08-11,CNY,0.203121
2022-08-11,HKD,0.174450
2022-08-11,MYR,0.307952
2022-08-11,ZAR,0.084694
2022-08-12,USD,1.371512
2022-08-12,EUR,1.410600
2022-08-12,GBP,1.665112
2022-08-12,JPY,0.010261
2022-08-12,CHF,1.455878
2022-08-12,CNY,0.203397
2022-08-12,HKD,0.175012
2022-08-12,MYR,0.308604
2022-08-12,ZAR,0.084307
2022-08-15,USD,1.376753
2022-08-15,EUR,1.403600
2022-08-15,GBP,1.663526
2022-08-15,JPY,0.010350
2022-08-15,CHF,1.457377
2022-08-15,CNY,0.203273
2022-08-15,HKD,0.175672
2022-08-15,MYR,0.308721
2022-08-15,ZAR,0.083860
2022-08-16,USD,1.379923
2022-08-16,EUR,1.398000
2022-08-16,GBP,1.659978
2022-08-16,JPY,0.010271
2022-08-16,CHF,1.452468
2022-08-16,CNY,0.203295
2022-08-16,HKD,0.175962
2022-08-16,MYR,0.308984
2022-08-16,ZAR,0.083936
2022-08-17,USD,1.382428
2022-08-17,EUR,1.405100
2022-08-17,GBP,1.668606
2022-08-17,JPY,0.010229
2022-08-17,CHF,1.450650
2022-08-17,CNY,0.203883
2022-08-17,HKD,0.176288
2022-08-17,MYR,0.309405
2022-08-17,ZAR,0.083081
2022-08-18,USD,1.380723
2022-08-18,EUR,1.405300
2022-08-18,GBP,1.665225
2022-08-18,JPY,0.010245
2022-08-18,CHF,1.451306
2022-08-18,CNY,0.203490
2022-08-18,HKD,0.176006
2022-08-18,MYR,0.308613
2022-08-18,ZAR,0.082663
2022-08-19,USD,1.390392
2022-08-19,EUR,1.397900
2022-08-19,GBP,1.645789
2022-08-19,JPY,0.010154
2022-08-19,CHF,1.453723
2022-08-19,CNY,0.203981
2022-08-19,HKD,0.177225
2022-08-19,MYR,0.310596
2022-08-19,ZAR,0.081745
2022-08-22,USD,1.395660
2022-08-22,EUR,1.395800
2022-08-22,GBP,1.648751
2022-08-22,JPY,0.010182
2022-08-22,CHF,1.456994
2022-08-22,CNY,0.203894
2022-08-22,HKD,0.177881
2022-08-22,MYR,0.311187
2022-08-22,ZAR,0.081738
2022-08-23,USD,1.396192
2022-08-23,EUR,1.386000
2022-08-23,GBP,1.643290
2022-08-23,JPY,0.010166
2022-08-23,CHF,1.443449
2022-08-23,CNY,0.203968
2022-08-23,HKD,0.177920
2022-08-23,MYR,0.311062
2022-08-23,ZAR,0.081737
2022-08-24,USD,1.394906
2022-08-24,EUR,1.385700
2022-08-24,GBP,1.644104
2022-08-24,JPY,0.010208
2022-08-24,CHF,1.447055
2022-08-24,CNY,0.203122
2022-08-24,HKD,0.177768
2022-08-24,MYR,0.310981
2022-08-24,ZAR,0.082006
2022-08-25,USD,1.389870
2022-08-25,EUR,1.385700
2022-08-25,GBP,1.643909
2022-08-25,JPY,0.010184
2022-08-25,CHF,1.441036
2022-08-25,CNY,0.202834
2022-08-25,HKD,0.177122
2022-08-25,MYR,0.310793
2022-08-25,ZAR,0.082530
2022-08-26,USD,1.389627
2022-08-26,EUR,1.390600
2022-08-26,GBP,1.643930
2022-08-26,JPY,0.010149
2022-08-26,CHF,1.442232
2022-08-26,CNY,0.202502
2022-08-26,HKD,0.177099
2022-08-26,MYR,0.311054
2022-08-26,ZAR,0.082776
2022-08-29,USD,1.396956
2022-08-29,EUR,1.395000
2022-08-29,GBP,1.633107
2022-08-29,JPY,0.010073
2022-08-29,CHF,1.442606
2022-08-29,CNY,0.202045
2022-08-29,HKD,0.178006
2022-08-29,MYR,0.311127
2022-08-29,ZAR,0.082598
2022-08-30,USD,1.394957
2022-08-30,EUR,1.399700
2022-08-30,GBP,1.634304
2022-08-30,JPY,0.010091
2022-08-30,CHF,1.436916
2022-08-30,CNY,0.202172
2022-08-30,HKD,0.177737
2022-08-30,MYR,0.311689
2022-08-30,ZAR,0.083035
2022-08-31,USD,1.396900
2022-08-31,EUR,1.396900
2022-08-31,GBP,1.623642
2022-08-31,JPY,0.010070
2022-08-31,CHF,1.425990
2022-08-31,CNY,0.202605
2022-08-31,HKD,0.177976
2022-08-31,MYR,0.312122
2022-08-31,ZAR,0.081849
2022-09-01,USD,1.399640
2022-09-01,EUR,1.400200
2022-09-01,GBP,1.619234
2022-09-01,JPY,0.010049
2022-09-01,CHF,1.428484
2022-09-01,CNY,0.202878
2022-09-01,HKD,0.178344
2022-09-01,MYR,0.312349
2022-09-01,ZAR,0.081633
2022-09-02,USD,1.402282
2022-09-02,EUR,1.401300
2022-09-02,GBP,1.620412
2022-09-02,JPY,0.009984
2022-09-02,CHF,1.424230
2022-09-02,CNY,0.202996
2022-09-02,HKD,0.178648
2022-09-02,MYR,0.312727
2022-09-02,ZAR,0.081098
2022-09-05,USD,1.404435
2022-09-05,EUR,1.393200
2022-09-05,GBP,1.613284
2022-09-05,JPY,0.009989
2022-09-05,CHF,1.429363
2022-09-05,CNY,0.202594
2022-09-05,HKD,0.178920
2022-09-05,MYR,0.312636
2022-09-05,ZAR,0.081531
2022-09-06,USD,1.404815
2022-09-06,EUR,1.394700
2022-09-06,GBP,1.626605
2022-09-06,JPY,0.009898
2022-09-06,CHF,1.431195
2022-09-06,CNY,0.201864
2022-09-06,HKD,0.178964
2022-09-06,MYR,0.312181
2022-09-06,ZAR,0.081655
2022-09-07,USD,1.409307
2022-09-07,EUR,1.393100
2022-09-07,GBP,1.610334
2022-09-07,JPY,0.009728
2022-09-07,CHF,1.428821
2022-09-07,CNY,0.201992
2022-09-07,HKD,0.179532
2022-09-07,MYR,0.313077
2022-09-07,ZAR,0.080721
2022-09-08,USD,1.404136
2022-09-08,EUR,1.405400
2022-09-08,GBP,1.621815
2022-09-08,JPY,0.009784
2022-09-08,CHF,1.443064
2022-09-08,CNY,0.202030
2022-09-08,HKD,0.178877
2022-09-08,MYR,0.311958
2022-09-08,ZAR,0.080864
2022-09-09,USD,1.399443
2022-09-09,EUR,1.406300
2022-09-09,GBP,1.619042
2022-09-09,JPY,0.009814
2022-09-09,CHF,1.456249
2022-09-09,CNY,0.202220
2022-09-09,HKD,0.178304
2022-09-09,MYR,0.311128
2022-09-09,ZAR,0.080937
2022-09-12,USD,1.395175
2022-09-12,EUR,1.416800
2022-09-12,GBP,1.632672
2022-09-12,JPY,0.009806
2022-09-12,CHF,1.465605
2022-09-12,CNY,0.201399
2022-09-12,HKD,0.177747
2022-09-12,MYR,0.309798
2022-09-12,ZAR,0.081792
2022-09-13,USD,1.394201
2022-09-13,EUR,1.418600
2022-09-13,GBP,1.634464
2022-09-13,JPY,0.009817
2022-09-13,CHF,1.467163
2022-09-13,CNY,0.201314
2022-09-13,HKD,0.177647
2022-09-13,MYR,0.309272
2022-09-13,ZAR,0.081947
2022-09-14,USD,1.405305
2022-09-14,EUR,1.403900
2022-09-14,GBP,1.623043
2022-09-14,JPY,0.009812
2022-09-14,CHF,1.460570
2022-09-14,CNY,0.201855
2022-09-14,HKD,0.179057
2022-09-14,MYR,0.310426
2022-09-14,ZAR,0.080526
2022-09-15,USD,1.407326
2022-09-15,EUR,1.406200
2022-09-15,GBP,1.617549
2022-09-15,JPY,0.009804
2022-09-15,CHF,1.469076
2022-09-15,CNY,0.201311
2022-09-15,HKD,0.179310
2022-09-15,MYR,0.310324
2022-09-15,ZAR,0.080225
2022-09-16,USD,1.408981
2022-09-16,EUR,1.402500
2022-09-16,GBP,1.604691
2022-09-16,JPY,0.009840
2022-09-16,CHF,1.464140
2022-09-16,CNY,0.200969
2022-09-16,HKD,0.179502
2022-09-16,MYR,0.310693
2022-09-16,ZAR,0.079686
2022-09-19,USD,1.409610
2022-09-19,EUR,1.408200
2022-09-19,GBP,1.604146
2022-09-19,JPY,0.009819
2022-09-19,CHF,1.458066
2022-09-19,CNY,0.200982
2022-09-19,HKD,0.179581
2022-09-19,MYR,0.309801
2022-09-19,ZAR,0.079439
2022-09-20,USD,1.409373
2022-09-20,EUR,1.407400
2022-09-20,GBP,1.610390
2022-09-20,JPY,0.009819
2022-09-20,CHF,1.459353
2022-09-20,CNY,0.200971
2022-09-20,HKD,0.179557
2022-09-20,MYR,0.309210
2022-09-20,ZAR,0.079397
2022-09-21,USD,1.413891
2022-09-21,EUR,1.400600
2022-09-21,GBP,1.603710
2022-09-21,JPY,0.009818
2022-09-21,CHF,1.466750
2022-09-21,CNY,0.200599
2022-09-21,HKD,0.180116
2022-09-21,MYR,0.310575
2022-09-21,ZAR,0.080090
2022-09-22,USD,1.416228
2022-09-22,EUR,1.399800
2022-09-22,GBP,1.604245
2022-09-22,JPY,0.010057
2022-09-22,CHF,1.445477
2022-09-22,CNY,0.200533
2022-09-22,HKD,0.180426
2022-09-22,MYR,0.310102
2022-09-22,ZAR,0.080674
2022-09-23,USD,1.424749
2022-09-23,EUR,1.389700
2022-09-23,GBP,1.575606
2022-09-23,JPY,0.009967
2022-09-23,CHF,1.452901
2022-09-23,CNY,0.200124
2022-09-23,HKD,0.181501
2022-09-23,MYR,0.311180
2022-09-23,ZAR,0.079935
2022-09-26,USD,1.434999
2022-09-26,EUR,1.384200
2022-09-26,GBP,1.548253
2022-09-26,JPY,0.009953
2022-09-26,CHF,1.448666
2022-09-26,CNY,0.200391
2022-09-26,HKD,0.182805
2022-09-26,MYR,0.311750
2022-09-26,ZAR,0.079439
2022-09-27,USD,1.434882
2022-09-27,EUR,1.383800
2022-09-27,GBP,1.550042
2022-09-27,JPY,0.009935
2022-09-27,CHF,1.456172
2022-09-27,CNY,0.200098
2022-09-27,HKD,0.182791
2022-09-27,MYR,0.311204
2022-09-27,ZAR,0.080285
2022-09-28,USD,1.447569
2022-09-28,EUR,1.384600
2022-09-28,GBP,1.533877
2022-09-28,JPY,0.010005
2022-09-28,CHF,1.467204
2022-09-28,CNY,0.200090
2022-09-28,HKD,0.184407
2022-09-28,MYR,0.312685
2022-09-28,ZAR,0.080074
2022-09-29,USD,1.438389
2022-09-29,EUR,1.396100
2022-09-29,GBP,1.560150
2022-09-29,JPY,0.009939
2022-09-29,CHF,1.463724
2022-09-29,CNY,0.201682
2022-09-29,HKD,0.183234
2022-09-29,MYR,0.310300
2022-09-29,ZAR,0.080021
2022-09-30,USD,1.436295
2022-09-30,EUR,1.400100
2022-09-30,GBP,1.585617
2022-09-30,JPY,0.009929
2022-09-30,CHF,1.464387
2022-09-30,CNY,0.201837
2022-09-30,HKD,0.182969
2022-09-30,MYR,0.309750
2022-09-30,ZAR,0.079845
2022-10-03,USD,1.435375
2022-10-03,EUR,1.401500
2022-10-03,GBP,1.609624
2022-10-03,JPY,0.009905
2022-10-03,CHF,1.451129
2022-10-03,CNY,0.201710
2022-10-03,HKD,0.182851
2022-10-03,MYR,0.308816
2022-10-03,ZAR,0.079689
2022-10-04,USD,1.430391
2022-10-04,EUR,1.414800
2022-10-04,GBP,1.621120
2022-10-04,JPY,0.009873
2022-10-04,CHF,1.448551
2022-10-04,CNY,0.201012
2022-10-04,HKD,0.182216
2022-10-04,MYR,0.307974
2022-10-04,ZAR,0.080644
2022-10-05,USD,1.424508
2022-10-05,EUR,1.412400
2022-10-05,GBP,1.617128
2022-10-05,JPY,0.009865
2022-10-05,CHF,1.447724
2022-10-05,CNY,0.200184
2022-10-05,HKD,0.181470
2022-10-05,MYR,0.307639
2022-10-05,ZAR,0.080146
2022-10-06,USD,1.425659
2022-10-06,EUR,1.405700
2022-10-06,GBP,1.604992
2022-10-06,JPY,0.009852
2022-10-06,CHF,1.447832
2022-10-06,CNY,0.200345
2022-10-06,HKD,0.181615
2022-10-06,MYR,0.307418
2022-10-06,ZAR,0.079974
2022-10-07,USD,1.428601
2022-10-07,EUR,1.399600
2022-10-07,GBP,1.601685
2022-10-07,JPY,0.009862
2022-10-07,CHF,1.442887
2022-10-07,CNY,0.200760
2022-10-07,HKD,0.181988
2022-10-07,MYR,0.307226
2022-10-07,ZAR,0.079423
2022-10-10,USD,1.437455
2022-10-10,EUR,1.393900
2022-10-10,GBP,1.588852
2022-10-10,JPY,0.009875
2022-10-10,CHF,1.439979
2022-10-10,CNY,0.201012
2022-10-10,HKD,0.183119
2022-10-10,MYR,0.309130
2022-10-10,ZAR,0.079259
2022-10-11,USD,1.436491
2022-10-11,EUR,1.396700
2022-10-11,GBP,1.592534
2022-10-11,JPY,0.009868
2022-10-11,CHF,1.443618
2022-10-11,CNY,0.200477
2022-10-11,HKD,0.182994
2022-10-11,MYR,0.307399
2022-10-11,ZAR,0.079289
2022-10-12,USD,1.436328
2022-10-12,EUR,1.394100
2022-10-12,GBP,1.587090
2022-10-12,JPY,0.009794
2022-10-12,CHF,1.442570
2022-10-12,CNY,0.200293
2022-10-12,HKD,0.182972
2022-10-12,MYR,0.306746
2022-10-12,ZAR,0.078818
2022-10-13,USD,1.432283
2022-10-13,EUR,1.394900
2022-10-13,GBP,1.612359
2022-10-13,JPY,0.009759
2022-10-13,CHF,1.434344
2022-10-13,CNY,0.199428
2022-10-13,HKD,0.182483
2022-10-13,MYR,0.305290
2022-10-13,ZAR,0.078289
2022-10-14,USD,1.425543
2022-10-14,EUR,1.385200
2022-10-14,GBP,1.595430
2022-10-14,JPY,0.009644
2022-10-14,CHF,1.419699
2022-10-14,CNY,0.198022
2022-10-14,HKD,0.181599
2022-10-14,MYR,0.303180
2022-10-14,ZAR,0.078290
2022-10-17,USD,1.426841
2022-10-17,EUR,1.389600
2022-10-17,GBP,1.611130
2022-10-17,JPY,0.009583
2022-10-17,CHF,1.423479
2022-10-17,CNY,0.198146
2022-10-17,HKD,0.181771
2022-10-17,MYR,0.302521
2022-10-17,ZAR,0.078611
2022-10-18,USD,1.419725
2022-10-18,EUR,1.396300
2022-10-18,GBP,1.606272
2022-10-18,JPY,0.009521
2022-10-18,CHF,1.425960
2022-10-18,CNY,0.197204
2022-10-18,HKD,0.180868
2022-10-18,MYR,0.301044
2022-10-18,ZAR,0.078486
2022-10-19,USD,1.424729
2022-10-19,EUR,1.393100
2022-10-19,GBP,1.601393
2022-10-19,JPY,0.009520
2022-10-19,CHF,1.420082
2022-10-19,CNY,0.197122
2022-10-19,HKD,0.181495
2022-10-19,MYR,0.301850
2022-10-19,ZAR,0.078115
2022-10-20,USD,1.422791
2022-10-20,EUR,1.395900
2022-10-20,GBP,1.599739
2022-10-20,JPY,0.009497
2022-10-20,CHF,1.419174
2022-10-20,CNY,0.197000
2022-10-20,HKD,0.181267
2022-10-20,MYR,0.300866
2022-10-20,ZAR,0.077937
2022-10-21,USD,1.430319
2022-10-21,EUR,1.391700
2022-10-21,GBP,1.586381
2022-10-21,JPY,0.009430
2022-10-21,CHF,1.412177
2022-10-21,CNY,0.197393
2022-10-21,HKD,0.182217
2022-10-21,MYR,0.301881
2022-10-21,ZAR,0.077308
2022-10-24,USD,1.421988
2022-10-24,EUR,1.400800
2022-10-24,GBP,1.608820
2022-10-24,JPY,0.009545
2022-10-24,CHF,1.421266
2022-10-24,CNY,0.195796
2022-10-24,HKD,0.181148
2022-10-24,MYR,0.300124
2022-10-24,ZAR,0.077553
2022-10-25,USD,1.424805
2022-10-25,EUR,1.405000
2022-10-25,GBP,1.612292
2022-10-25,JPY,0.009568
2022-10-25,CHF,1.420914
2022-10-25,CNY,0.194944
2022-10-25,HKD,0.181508
2022-10-25,MYR,0.300876
2022-10-25,ZAR,0.077108
2022-10-26,USD,1.407164
2022-10-26,EUR,1.410400
2022-10-26,GBP,1.628581
2022-10-26,JPY,0.009574
2022-10-26,CHF,1.422204
2022-10-26,CNY,0.196030
2022-10-26,HKD,0.179262
2022-10-26,MYR,0.298422
2022-10-26,ZAR,0.078263
2022-10-27,USD,1.410182
2022-10-27,EUR,1.415400
2022-10-27,GBP,1.631679
2022-10-27,JPY,0.009604
2022-10-27,CHF,1.422656
2022-10-27,CNY,0.195088
2022-10-27,HKD,0.179660
2022-10-27,MYR,0.299087
2022-10-27,ZAR,0.077974
2022-10-28,USD,1.412421
2022-10-28,EUR,1.405500
2022-10-28,GBP,1.632025
2022-10-28,JPY,0.009575
2022-10-28,CHF,1.416835
2022-10-28,CNY,0.194778
2022-10-28,HKD,0.179945
2022-10-28,MYR,0.299081
2022-10-28,ZAR,0.077854
2022-10-31,USD,1.415977
2022-10-31,EUR,1.403800
2022-10-31,GBP,1.630146
2022-10-31,JPY,0.009524
2022-10-31,CHF,1.414408
2022-10-31,CNY,0.193949
2022-10-31,HKD,0.180386
2022-10-31,MYR,0.299490
2022-10-31,ZAR,0.077244
2022-11-01,USD,1.409169
2022-11-01,EUR,1.401700
2022-11-01,GBP,1.628785
2022-11-01,JPY,0.009578
2022-11-01,CHF,1.419012
2022-11-01,CNY,0.194235
2022-11-01,HKD,0.179523
2022-11-01,MYR,0.297481
2022-11-01,ZAR,0.077958
2022-11-02,USD,1.411284
2022-11-02,EUR,1.398300
2022-11-02,GBP,1.624042
2022-11-02,JPY,0.009594
2022-11-02,CHF,1.418010
2022-11-02,CNY,0.193788
2022-11-02,HKD,0.179790
2022-11-02,MYR,0.297866
2022-11-02,ZAR,0.077853
2022-11-03,USD,1.422947
2022-11-03,EUR,1.387800
2022-11-03,GBP,1.591003
2022-11-03,JPY,0.009599
2022-11-03,CHF,1.403377
2022-11-03,CNY,0.194460
2022-11-03,HKD,0.181270
2022-11-03,MYR,0.299929
2022-11-03,ZAR,0.077026
2022-11-04,USD,1.407111
2022-11-04,EUR,1.389100
2022-11-04,GBP,1.587942
2022-11-04,JPY,0.009567
2022-11-04,CHF,1.408395
2022-11-04,CNY,0.195940
2022-11-04,HKD,0.179255
2022-11-04,MYR,0.296360
2022-11-04,ZAR,0.078047
2022-11-07,USD,1.403182
2022-11-07,EUR,1.402200
2022-11-07,GBP,1.609227
2022-11-07,JPY,0.009592
2022-11-07,CHF,1.420093
2022-11-07,CNY,0.194240
2022-11-07,HKD,0.178752
2022-11-07,MYR,0.296060
2022-11-07,ZAR,0.078960
2022-11-08,USD,1.402761
2022-11-08,EUR,1.402200
2022-11-08,GBP,1.604752
2022-11-08,JPY,0.009588
2022-11-08,CHF,1.414792
2022-11-08,CNY,0.193420
2022-11-08,HKD,0.178697
2022-11-08,MYR,0.296160
2022-11-08,ZAR,0.078600
2022-11-09,USD,1.400638
2022-11-09,EUR,1.406100
2022-11-09,GBP,1.601955
2022-11-09,JPY,0.009577
2022-11-09,CHF,1.423178
2022-11-09,CNY,0.193111
2022-11-09,HKD,0.178437
2022-11-09,MYR,0.298548
2022-11-09,ZAR,0.078654
2022-11-10,USD,1.402753
2022-11-10,EUR,1.396300
2022-11-10,GBP,1.599464
2022-11-10,JPY,0.009599
2022-11-10,CHF,1.419870
2022-11-10,CNY,0.193436
2022-11-10,HKD,0.178720
2022-11-10,MYR,0.298425
2022-11-10,ZAR,0.078940
2022-11-11,USD,1.377474
2022-11-11,EUR,1.419900
2022-11-11,GBP,1.622038
2022-11-11,JPY,0.009868
2022-11-11,CHF,1.442401
2022-11-11,CNY,0.193798
2022-11-11,HKD,0.175822
2022-11-11,MYR,0.297673
2022-11-11,ZAR,0.079795
2022-11-14,USD,1.373873
2022-11-14,EUR,1.417700
2022-11-14,GBP,1.619988
2022-11-14,JPY,0.009787
2022-11-14,CHF,1.453902
2022-11-14,CNY,0.194456
2022-11-14,HKD,0.175345
2022-11-14,MYR,0.298910
2022-11-14,ZAR,0.079471
2022-11-15,USD,1.368512
2022-11-15,EUR,1.423800
2022-11-15,GBP,1.628037
2022-11-15,JPY,0.009830
2022-11-15,CHF,1.454341
2022-11-15,CNY,0.194245
2022-11-15,HKD,0.174850
2022-11-15,MYR,0.301601
2022-11-15,ZAR,0.079621
2022-11-16,USD,1.368613
2022-11-16,EUR,1.425000
2022-11-16,GBP,1.628888
2022-11-16,JPY,0.009808
2022-11-16,CHF,1.454824
2022-11-16,CNY,0.193299
2022-11-16,HKD,0.174967
2022-11-16,MYR,0.301122
2022-11-16,ZAR,0.079081
2022-11-17,USD,1.378137
2022-11-17,EUR,1.422100
2022-11-17,GBP,1.625722
2022-11-17,JPY,0.009821
2022-11-17,CHF,1.448462
2022-11-17,CNY,0.192543
2022-11-17,HKD,0.176068
2022-11-17,MYR,0.301791
2022-11-17,ZAR,0.078586
2022-11-18,USD,1.372661
2022-11-18,EUR,1.422900
2022-11-18,GBP,1.634334
2022-11-18,JPY,0.009805
2022-11-18,CHF,1.440036
2022-11-18,CNY,0.192831
2022-11-18,HKD,0.175467
2022-11-18,MYR,0.301449
2022-11-18,ZAR,0.079456
2022-11-21,USD,1.382198
2022-11-21,EUR,1.416200
2022-11-21,GBP,1.631698
2022-11-21,JPY,0.009745
2022-11-21,CHF,1.442600
2022-11-21,CNY,0.192893
2022-11-21,HKD,0.177049
2022-11-21,MYR,0.301788
2022-11-21,ZAR,0.079625
2022-11-22,USD,1.378918
2022-11-22,EUR,1.416700
2022-11-22,GBP,1.640497
2022-11-22,JPY,0.009757
2022-11-22,CHF,1.446941
2022-11-22,CNY,0.193158
2022-11-22,HKD,0.176397
2022-11-22,MYR,0.301073
2022-11-22,ZAR,0.079784
2022-11-23,USD,1.384504
2022-11-23,EUR,1.429500
2022-11-23,GBP,1.655108
2022-11-23,JPY,0.009808
2022-11-23,CHF,1.459418
2022-11-23,CNY,0.193223
2022-11-23,HKD,0.177120
2022-11-23,MYR,0.302623
2022-11-23,ZAR,0.080716
2022-11-24,USD,1.375108
2022-11-24,EUR,1.431900
2022-11-24,GBP,1.666298
2022-11-24,JPY,0.009951
2022-11-24,CHF,1.458444
2022-11-24,CNY,0.192351
2022-11-24,HKD,0.176073
2022-11-24,MYR,0.305922
2022-11-24,ZAR,0.080786
2022-11-25,USD,1.376096
2022-11-25,EUR,1.427700
2022-11-25,GBP,1.662339
2022-11-25,JPY,0.009872
2022-11-25,CHF,1.451505
2022-11-25,CNY,0.191831
2022-11-25,HKD,0.176077
2022-11-25,MYR,0.307164
2022-11-25,ZAR,0.080354
2022-11-28,USD,1.373889
2022-11-28,EUR,1.437500
2022-11-28,GBP,1.659816
2022-11-28,JPY,0.009921
2022-11-28,CHF,1.456139
2022-11-28,CNY,0.190837
2022-11-28,HKD,0.175772
2022-11-28,MYR,0.306673
2022-11-28,ZAR,0.080139
2022-11-29,USD,1.373432
2022-11-29,EUR,1.423700
2022-11-29,GBP,1.651279
2022-11-29,JPY,0.009931
2022-11-29,CHF,1.443622
2022-11-29,CNY,0.191643
2022-11-29,HKD,0.175841
2022-11-29,MYR,0.304633
2022-11-29,ZAR,0.080880
2022-11-30,USD,1.366615
2022-11-30,EUR,1.418000
2022-11-30,GBP,1.639534
2022-11-30,JPY,0.009828
2022-11-30,CHF,1.439010
2022-11-30,CNY,0.193091
2022-11-30,HKD,0.175183
2022-11-30,MYR,0.307279
2022-11-30,ZAR,0.080675
2022-12-01,USD,1.357853
2022-12-01,EUR,1.419500
2022-12-01,GBP,1.656070
2022-12-01,JPY,0.009963
2022-12-01,CHF,1.438488
2022-12-01,CNY,0.191915
2022-12-01,HKD,0.174448
2022-12-01,MYR,0.308252
2022-12-01,ZAR,0.076567
2022-12-02,USD,1.350066
2022-12-02,EUR,1.422700
2022-12-02,GBP,1.657096
2022-12-02,JPY,0.010067
2022-12-02,CHF,1.446715
2022-12-02,CNY,0.192332
2022-12-02,HKD,0.173426
2022-12-02,MYR,0.307671
2022-12-02,ZAR,0.077850
2022-12-05,USD,1.347974
2022-12-05,EUR,1.427100
2022-12-05,GBP,1.657780
2022-12-05,JPY,0.009975
2022-12-05,CHF,1.442535
2022-12-05,CNY,0.193971
2022-12-05,HKD,0.173537
2022-12-05,MYR,0.308529
2022-12-05,ZAR,0.078396
2022-12-06,USD,1.356314
2022-12-06,EUR,1.426300
2022-12-06,GBP,1.655216
2022-12-06,JPY,0.009951
2022-12-06,CHF,1.444793
2022-12-06,CNY,0.194070
2022-12-06,HKD,0.174337
2022-12-06,MYR,0.308569
2022-12-06,ZAR,0.078339
2022-12-07,USD,1.356824
2022-12-07,EUR,1.428600
2022-12-07,GBP,1.653319
2022-12-07,JPY,0.009891
2022-12-07,CHF,1.444051
2022-12-07,CNY,0.194431
2022-12-07,HKD,0.174226
2022-12-07,MYR,0.308546
2022-12-07,ZAR,0.078775
2022-12-08,USD,1.355262
2022-12-08,EUR,1.425600
2022-12-08,GBP,1.652716
2022-12-08,JPY,0.009917
2022-12-08,CHF,1.441602
2022-12-08,CNY,0.194425
2022-12-08,HKD,0.174089
2022-12-08,MYR,0.308191
2022-12-08,ZAR,0.079101
2022-12-09,USD,1.350507
2022-12-09,EUR,1.426000
2022-12-09,GBP,1.659104
2022-12-09,JPY,0.009951
2022-12-09,CHF,1.446834
2022-12-09,CNY,0.194080
2022-12-09,HKD,0.173545
2022-12-09,MYR,0.306588
2022-12-09,ZAR,0.078198
2022-12-12,USD,1.352395
2022-12-12,EUR,1.428400
2022-12-12,GBP,1.660814
2022-12-12,JPY,0.009861
2022-12-12,CHF,1.449417
2022-12-12,CNY,0.193892
2022-12-12,HKD,0.173977
2022-12-12,MYR,0.306182
2022-12-12,ZAR,0.077337
2022-12-13,USD,1.354955
2022-12-13,EUR,1.428800
2022-12-13,GBP,1.666181
2022-12-13,JPY,0.009864
2022-12-13,CHF,1.447766
2022-12-13,CNY,0.194033
2022-12-13,HKD,0.174174
2022-12-13,MYR,0.305927
2022-12-13,ZAR,0.076466
2022-12-14,USD,1.347450
2022-12-14,EUR,1.434900
2022-12-14,GBP,1.666202
2022-12-14,JPY,0.009987
2022-12-14,CHF,1.454536
2022-12-14,CNY,0.193882
2022-12-14,HKD,0.173400
2022-12-14,MYR,0.306832
2022-12-14,ZAR,0.078598
2022-12-15,USD,1.356369
2022-12-15,EUR,1.440600
2022-12-15,GBP,1.671346
2022-12-15,JPY,0.009930
2022-12-15,CHF,1.460758
2022-12-15,CNY,0.194657
2022-12-15,HKD,0.174510
2022-12-15,MYR,0.307046
2022-12-15,ZAR,0.078464
2022-12-16,USD,1.357284
2022-12-16,EUR,1.441300
2022-12-16,GBP,1.652242
2022-12-16,JPY,0.009904
2022-12-16,CHF,1.458953
2022-12-16,CNY,0.194673
2022-12-16,HKD,0.174424
2022-12-16,MYR,0.306764
2022-12-16,ZAR,0.077195
2022-12-19,USD,1.356671
2022-12-19,EUR,1.437800
2022-12-19,GBP,1.650405
2022-12-19,JPY,0.009940
2022-12-19,CHF,1.454674
2022-12-19,CNY,0.194558
2022-12-19,HKD,0.174431
2022-12-19,MYR,0.306489
2022-12-19,ZAR,0.078537
2022-12-20,USD,1.353618
2022-12-20,EUR,1.434700
2022-12-20,GBP,1.639095
2022-12-20,JPY,0.010206
2022-12-20,CHF,1.455957
2022-12-20,CNY,0.194141
2022-12-20,HKD,0.173928
2022-12-20,MYR,0.305314
2022-12-20,ZAR,0.077872
2022-12-21,USD,1.350696
2022-12-21,EUR,1.436600
2022-12-21,GBP,1.639000
2022-12-21,JPY,0.010240
2022-12-21,CHF,1.460553
2022-12-21,CNY,0.193562
2022-12-21,HKD,0.173289
2022-12-21,MYR,0.304384
2022-12-21,ZAR,0.078276
2022-12-22,USD,1.350136
2022-12-22,EUR,1.435600
2022-12-22,GBP,1.626871
2022-12-22,JPY,0.010224
2022-12-22,CHF,1.457166
2022-12-22,CNY,0.193402
2022-12-22,HKD,0.173208
2022-12-22,MYR,0.305116
2022-12-22,ZAR,0.078776
2022-12-23,USD,1.349746
2022-12-23,EUR,1.433700
2022-12-23,GBP,1.628649
2022-12-23,JPY,0.010178
2022-12-23,CHF,1.453025
2022-12-23,CNY,0.193226
2022-12-23,HKD,0.172989
2022-12-23,MYR,0.305030
2022-12-23,ZAR,0.079189
2022-12-27,USD,1.346009
2022-12-27,EUR,1.430000
2022-12-27,GBP,1.618874
2022-12-27,JPY,0.010093
2022-12-27,CHF,1.446636
2022-12-27,CNY,0.193259
2022-12-27,HKD,0.172551
2022-12-27,MYR,0.304320
2022-12-27,ZAR,0.078065
2022-12-28,USD,1.346147
2022-12-28,EUR,1.432300
2022-12-28,GBP,1.626542
2022-12-28,JPY,0.010072
2022-12-28,CHF,1.452195
2022-12-28,CNY,0.192970
2022-12-28,HKD,0.172710
2022-12-28,MYR,0.304388
2022-12-28,ZAR,0.078315
2022-12-29,USD,1.348483
2022-12-29,EUR,1.436000
2022-12-29,GBP,1.621701
2022-12-29,JPY,0.010096
2022-12-29,CHF,1.459350
2022-12-29,CNY,0.193659
2022-12-29,HKD,0.173025
2022-12-29,MYR,0.304844
2022-12-29,ZAR,0.078915
2022-12-30,USD,1.340709
2022-12-30,EUR,1.430000
2022-12-30,GBP,1.612303
2022-12-30,JPY,0.010166
2022-12-30,CHF,1.452219
2022-12-30,CNY,0.194341
2022-12-30,HKD,0.171951
2022-12-30,MYR,0.304359
2022-12-30,ZAR,0.079012
2023-01-02,USD,1.340822
2023-01-02,EUR,1.432400
2023-01-02,GBP,1.616157
2023-01-02,JPY,0.010259
2023-01-02,CHF,1.450825
2023-01-02,CNY,0.194361
2023-01-02,HKD,0.171773
2023-01-02,MYR,0.304384
2023-01-02,ZAR,0.078825
2023-01-03,USD,1.345472
2023-01-03,EUR,1.418800
2023-01-03,GBP,1.611394
2023-01-03,JPY,0.010286
2023-01-03,CHF,1.436178
2023-01-03,CNY,0.194722
2023-01-03,HKD,0.172201
2023-01-03,MYR,0.305519
2023-01-03,ZAR,0.078739
2023-01-04,USD,1.340881
2023-01-04,EUR,1.421200
2023-01-04,GBP,1.613606
2023-01-04,JPY,0.010244
2023-01-04,CHF,1.443869
2023-01-04,CNY,0.194725
2023-01-04,HKD,0.171510
2023-01-04,MYR,0.304710
2023-01-04,ZAR,0.079686
2023-01-05,USD,1.340723
2023-01-05,EUR,1.421300
2023-01-05,GBP,1.609572
2023-01-05,JPY,0.010084
2023-01-05,CHF,1.444557
2023-01-05,CNY,0.195065
2023-01-05,HKD,0.171679
2023-01-05,MYR,0.305544
2023-01-05,ZAR,0.078417
2023-01-06,USD,1.348190
2023-01-06,EUR,1.415600
2023-01-06,GBP,1.600000
2023-01-06,JPY,0.010018
2023-01-06,CHF,1.435118
2023-01-06,CNY,0.196488
2023-01-06,HKD,0.172622
2023-01-06,MYR,0.306162
2023-01-06,ZAR,0.077741
2023-01-09,USD,1.331713
2023-01-09,EUR,1.424400
2023-01-09,GBP,1.617754
2023-01-09,JPY,0.010077
2023-01-09,CHF,1.443893
2023-01-09,CNY,0.196344
2023-01-09,HKD,0.170570
2023-01-09,MYR,0.304359
2023-01-09,ZAR,0.078238
2023-01-10,USD,1.332649
2023-01-10,EUR,1.429000
2023-01-10,GBP,1.617797
2023-01-10,JPY,0.010069
2023-01-10,CHF,1.442269
2023-01-10,CNY,0.196475
2023-01-10,HKD,0.170647
2023-01-10,MYR,0.304762
2023-01-10,ZAR,0.078064
2023-01-11,USD,1.332093
2023-01-11,EUR,1.431600
2023-01-11,GBP,1.614471
2023-01-11,JPY,0.010039
2023-01-11,CHF,1.436340
2023-01-11,CNY,0.196629
2023-01-11,HKD,0.170481
2023-01-11,MYR,0.304758
2023-01-11,ZAR,0.078304
2023-01-12,USD,1.328351
2023-01-12,EUR,1.430900
2023-01-12,GBP,1.613372
2023-01-12,JPY,0.010176
2023-01-12,CHF,1.422932
2023-01-12,CNY,0.196823
2023-01-12,HKD,0.170100
2023-01-12,MYR,0.304739
2023-01-12,ZAR,0.078874
2023-01-13,USD,1.323377
2023-01-13,EUR,1.431100
2023-01-13,GBP,1.611599
2023-01-13,JPY,0.010294
2023-01-13,CHF,1.423838
2023-01-13,CNY,0.196772
2023-01-13,HKD,0.169419
2023-01-13,MYR,0.305204
2023-01-13,ZAR,0.078424
2023-01-16,USD,1.321495
2023-01-16,EUR,1.428800
2023-01-16,GBP,1.609770
2023-01-16,JPY,0.010285
2023-01-16,CHF,1.425095
2023-01-16,CNY,0.196288
2023-01-16,HKD,0.169191
2023-01-16,MYR,0.306182
2023-01-16,ZAR,0.077463
2023-01-17,USD,1.322789
2023-01-17,EUR,1.434300
2023-01-17,GBP,1.618940
2023-01-17,JPY,0.010282
2023-01-17,CHF,1.434587
2023-01-17,CNY,0.195215
2023-01-17,HKD,0.169125
2023-01-17,MYR,0.305743
2023-01-17,ZAR,0.077102
2023-01-18,USD,1.317465
2023-01-18,EUR,1.428000
2023-01-18,GBP,1.631441
2023-01-18,JPY,0.010215
2023-01-18,CHF,1.441551
2023-01-18,CNY,0.195101
2023-01-18,HKD,0.168368
2023-01-18,MYR,0.305428
2023-01-18,ZAR,0.077626
2023-01-19,USD,1.324642
2023-01-19,EUR,1.432600
2023-01-19,GBP,1.634493
2023-01-19,JPY,0.010305
2023-01-19,CHF,1.444008
2023-01-19,CNY,0.195113
2023-01-19,HKD,0.169146
2023-01-19,MYR,0.307484
2023-01-19,ZAR,0.076638
2023-01-20,USD,1.321910
2023-01-20,EUR,1.431100
2023-01-20,GBP,1.633676
2023-01-20,JPY,0.010160
2023-01-20,CHF,1.436559
2023-01-20,CNY,0.194906
2023-01-20,HKD,0.168812
2023-01-20,MYR,0.308460
2023-01-20,ZAR,0.077036
2023-01-23,USD,1.318002
2023-01-23,EUR,1.432800
2023-01-23,GBP,1.628737
2023-01-23,JPY,0.010115
2023-01-23,CHF,1.430940
2023-01-23,CNY,0.194331
2023-01-23,HKD,0.168357
2023-01-23,MYR,0.307547
2023-01-23,ZAR,0.076786
2023-01-24,USD,1.320409
2023-01-24,EUR,1.433700
2023-01-24,GBP,1.622420
2023-01-24,JPY,0.010134
2023-01-24,CHF,1.426141
2023-01-24,CNY,0.194685
2023-01-24,HKD,0.168643
2023-01-24,MYR,0.308668
2023-01-24,ZAR,0.076388
2023-01-25,USD,1.315223
2023-01-25,EUR,1.430700
2023-01-25,GBP,1.621227
2023-01-25,JPY,0.010135
2023-01-25,CHF,1.427844
2023-01-25,CNY,0.193920
2023-01-25,HKD,0.167919
2023-01-25,MYR,0.308627
2023-01-25,ZAR,0.076612
2023-01-26,USD,1.311794
2023-01-26,EUR,1.429200
2023-01-26,GBP,1.625107
2023-01-26,JPY,0.010109
2023-01-26,CHF,1.428914
2023-01-26,CNY,0.193415
2023-01-26,HKD,0.167560
2023-01-26,MYR,0.308983
2023-01-26,ZAR,0.076786
2023-01-27,USD,1.314036
2023-01-27,EUR,1.427700
2023-01-27,GBP,1.624509
2023-01-27,JPY,0.010118
2023-01-27,CHF,1.425277
2023-01-27,CNY,0.193744
2023-01-27,HKD,0.167844
2023-01-27,MYR,0.309589
2023-01-27,ZAR,0.076272
2023-01-30,USD,1.312483
2023-01-30,EUR,1.431000
2023-01-30,GBP,1.626543
2023-01-30,JPY,0.010092
2023-01-30,CHF,1.424589
2023-01-30,CNY,0.194427
2023-01-30,HKD,0.167535
2023-01-30,MYR,0.309258
2023-01-30,ZAR,0.075758
2023-01-31,USD,1.317087
2023-01-31,EUR,1.426800
2023-01-31,GBP,1.620020
2023-01-31,JPY,0.010100
2023-01-31,CHF,1.422249
2023-01-31,CNY,0.194923
2023-01-31,HKD,0.168060
2023-01-31,MYR,0.308758
2023-01-31,ZAR,0.075403
2023-02-01,USD,1.312925
2023-02-01,EUR,1.430300
2023-02-01,GBP,1.617749
2023-02-01,JPY,0.010117
2023-02-01,CHF,1.433166
2023-02-01,CNY,0.194726
2023-02-01,HKD,0.167396
2023-02-01,MYR,0.307783
2023-02-01,ZAR,0.075947
2023-02-02,USD,1.306152
2023-02-02,EUR,1.435200
2023-02-02,GBP,1.607365
2023-02-02,JPY,0.010170
2023-02-02,CHF,1.436349
2023-02-02,CNY,0.194266
2023-02-02,HKD,0.166529
2023-02-02,MYR,0.307620
2023-02-02,ZAR,0.076730
2023-02-03,USD,1.310323
2023-02-03,EUR,1.433100
2023-02-03,GBP,1.605714
2023-02-03,JPY,0.010204
2023-02-03,CHF,1.434678
2023-02-03,CNY,0.194480
2023-02-03,HKD,0.167024
2023-02-03,MYR,0.307730
2023-02-03,ZAR,0.076381
2023-02-06,USD,1.323868
2023-02-06,EUR,1.426600
2023-02-06,GBP,1.597930
2023-02-06,JPY,0.010018
2023-02-06,CHF,1.431754
2023-02-06,CNY,0.195184
2023-02-06,HKD,0.168751
2023-02-06,MYR,0.310914
2023-02-06,ZAR,0.075476
2023-02-07,USD,1.327009
2023-02-07,EUR,1.419900
2023-02-07,GBP,1.589357
2023-02-07,JPY,0.010049
2023-02-07,CHF,1.433374
2023-02-07,CNY,0.195557
2023-02-07,HKD,0.169088
2023-02-07,MYR,0.308439
2023-02-07,ZAR,0.075228
2023-02-08,USD,1.324639
2023-02-08,EUR,1.422000
2023-02-08,GBP,1.601351
2023-02-08,JPY,0.010099
2023-02-08,CHF,1.439126
2023-02-08,CNY,0.195220
2023-02-08,HKD,0.168753
2023-02-08,MYR,0.308166
2023-02-08,ZAR,0.075187
2023-02-09,USD,1.321790
2023-02-09,EUR,1.423700
2023-02-09,GBP,1.608428
2023-02-09,JPY,0.010112
2023-02-09,CHF,1.439535
2023-02-09,CNY,0.195049
2023-02-09,HKD,0.168384
2023-02-09,MYR,0.306251
2023-02-09,ZAR,0.074879
2023-02-10,USD,1.328251
2023-02-10,EUR,1.419900
2023-02-10,GBP,1.607167
2023-02-10,JPY,0.010151
2023-02-10,CHF,1.438310
2023-02-10,CNY,0.194942
2023-02-10,HKD,0.169205
2023-02-10,MYR,0.306581
2023-02-10,ZAR,0.074405
2023-02-13,USD,1.331555
2023-02-13,EUR,1.422900
2023-02-13,GBP,1.611785
2023-02-13,JPY,0.010045
2023-02-13,CHF,1.444715
2023-02-13,CNY,0.195105
2023-02-13,HKD,0.169625
2023-02-13,MYR,0.305225
2023-02-13,ZAR,0.074239
2023-02-14,USD,1.326331
2023-02-14,EUR,1.427000
2023-02-14,GBP,1.619291
2023-02-14,JPY,0.010039
2023-02-14,CHF,1.445795
2023-02-14,CNY,0.194642
2023-02-14,HKD,0.168962
2023-02-14,MYR,0.305006
2023-02-14,ZAR,0.074456
2023-02-15,USD,1.335047
2023-02-15,EUR,1.428500
2023-02-15,GBP,1.608218
2023-02-15,JPY,0.009986
2023-02-15,CHF,1.445119
2023-02-15,CNY,0.195073
2023-02-15,HKD,0.170094
2023-02-15,MYR,0.303936
2023-02-15,ZAR,0.074057
2023-02-16,USD,1.335234
2023-02-16,EUR,1.428700
2023-02-16,GBP,1.607394
2023-02-16,JPY,0.009969
2023-02-16,CHF,1.447078
2023-02-16,CNY,0.194776
2023-02-16,HKD,0.170114
2023-02-16,MYR,0.303185
2023-02-16,ZAR,0.073619
2023-02-17,USD,1.339388
2023-02-17,EUR,1.423100
2023-02-17,GBP,1.601004
2023-02-17,JPY,0.009939
2023-02-17,CHF,1.438056
2023-02-17,CNY,0.194729
2023-02-17,HKD,0.170740
2023-02-17,MYR,0.302209
2023-02-17,ZAR,0.073870
2023-02-20,USD,1.335863
2023-02-20,EUR,1.425900
2023-02-20,GBP,1.606865
2023-02-20,JPY,0.009965
2023-02-20,CHF,1.445999
2023-02-20,CNY,0.194819
2023-02-20,HKD,0.170515
2023-02-20,MYR,0.301516
2023-02-20,ZAR,0.073701
2023-02-21,USD,1.338335
2023-02-21,EUR,1.427200
2023-02-21,GBP,1.623202
2023-02-21,JPY,0.009928
2023-02-21,CHF,1.448493
2023-02-21,CNY,0.194516
2023-02-21,HKD,0.170626
2023-02-21,MYR,0.301938
2023-02-21,ZAR,0.073348
2023-02-22,USD,1.338970
2023-02-22,EUR,1.425200
2023-02-22,GBP,1.620558
2023-02-22,JPY,0.009950
2023-02-22,CHF,1.443972
2023-02-22,CNY,0.194256
2023-02-22,HKD,0.170658
2023-02-22,MYR,0.301470
2023-02-22,ZAR,0.073446
2023-02-23,USD,1.342219
2023-02-23,EUR,1.424900
2023-02-23,GBP,1.616633
2023-02-23,JPY,0.009942
2023-02-23,CHF,1.440457
2023-02-23,CNY,0.194587
2023-02-23,HKD,0.171075
2023-02-23,MYR,0.302713
2023-02-23,ZAR,0.073420
2023-02-24,USD,1.347114
2023-02-24,EUR,1.423900
2023-02-24,GBP,1.613576
2023-02-24,JPY,0.009919
2023-02-24,CHF,1.438573
2023-02-24,CNY,0.193997
2023-02-24,HKD,0.171639
2023-02-24,MYR,0.303713
2023-02-24,ZAR,0.072930
2023-02-27,USD,1.349820
2023-02-27,EUR,1.424600
2023-02-27,GBP,1.617522
2023-02-27,JPY,0.009901
2023-02-27,CHF,1.434787
2023-02-27,CNY,0.194145
2023-02-27,HKD,0.172016
2023-02-27,MYR,0.301401
2023-02-27,ZAR,0.073216
2023-02-28,USD,1.347961
2023-02-28,EUR,1.431400
2023-02-28,GBP,1.632136
2023-02-28,JPY,0.009856
2023-02-28,CHF,1.439027
2023-02-28,CNY,0.194317
2023-02-28,HKD,0.171732
2023-02-28,MYR,0.300380
2023-02-28,ZAR,0.073211
2023-03-01,USD,1.339948
2023-03-01,EUR,1.431600
2023-03-01,GBP,1.616276
2023-03-01,JPY,0.009885
2023-03-01,CHF,1.432030
2023-03-01,CNY,0.195176
2023-03-01,HKD,0.170701
2023-03-01,MYR,0.299598
2023-03-01,ZAR,0.073882
2023-03-02,USD,1.349081
2023-03-02,EUR,1.430700
2023-03-02,GBP,1.611421
2023-03-02,JPY,0.009862
2023-03-02,CHF,1.432419
2023-03-02,CNY,0.195224
2023-03-02,HKD,0.171868
2023-03-02,MYR,0.301435
2023-03-02,ZAR,0.074049
2023-03-03,USD,1.346773
2023-03-03,EUR,1.429600
2023-03-03,GBP,1.614820
2023-03-03,JPY,0.009890
2023-03-03,CHF,1.435630
2023-03-03,CNY,0.194965
2023-03-03,HKD,0.171569
2023-03-03,MYR,0.300886
2023-03-03,ZAR,0.074135
2023-03-06,USD,1.345482
2023-03-06,EUR,1.432400
2023-03-06,GBP,1.616157
2023-03-06,JPY,0.009903
2023-03-06,CHF,1.440032
2023-03-06,CNY,0.194087
2023-03-06,HKD,0.171401
2023-03-06,MYR,0.300464
2023-03-06,ZAR,0.073954
2023-03-07,USD,1.346179
2023-03-07,EUR,1.435700
2023-03-07,GBP,1.613726
2023-03-07,JPY,0.009887
2023-03-07,CHF,1.441611
2023-03-07,CNY,0.194079
2023-03-07,HKD,0.171490
2023-03-07,MYR,0.300992
2023-03-07,ZAR,0.073259
2023-03-08,USD,1.353153
2023-03-08,EUR,1.426900
2023-03-08,GBP,1.601926
2023-03-08,JPY,0.009861
2023-03-08,CHF,1.436814
2023-03-08,CNY,0.194626
2023-03-08,HKD,0.172379
2023-03-08,MYR,0.299009
2023-03-08,ZAR,0.072841
2023-03-09,USD,1.352947
2023-03-09,EUR,1.427900
2023-03-09,GBP,1.607742
2023-03-09,JPY,0.009928
2023-03-09,CHF,1.440722
2023-03-09,CNY,0.194232
2023-03-09,HKD,0.172352
2023-03-09,MYR,0.299256
2023-03-09,ZAR,0.072638
2023-03-10,USD,1.355469
2023-03-10,EUR,1.434900
2023-03-10,GBP,1.625802
2023-03-10,JPY,0.009916
2023-03-10,CHF,1.460607
2023-03-10,CNY,0.194975
2023-03-10,HKD,0.172682
2023-03-10,MYR,0.299881
2023-03-10,ZAR,0.073869
2023-03-13,USD,1.348776
2023-03-13,EUR,1.444000
2023-03-13,GBP,1.634039
2023-03-13,JPY,0.010172
2023-03-13,CHF,1.481026
2023-03-13,CNY,0.196695
2023-03-13,HKD,0.171981
2023-03-13,MYR,0.299927
2023-03-13,ZAR,0.074224
2023-03-14,USD,1.343765
2023-03-14,EUR,1.442800
2023-03-14,GBP,1.638540
2023-03-14,JPY,0.010013
2023-03-14,CHF,1.474652
2023-03-14,CNY,0.195613
2023-03-14,HKD,0.171256
2023-03-14,MYR,0.299479
2023-03-14,ZAR,0.074398
2023-03-15,USD,1.350365
2023-03-15,EUR,1.424500
2023-03-15,GBP,1.632796
2023-03-15,JPY,0.010211
2023-03-15,CHF,1.464480
2023-03-15,CNY,0.195499
2023-03-15,HKD,0.172049
2023-03-15,MYR,0.301188
2023-03-15,ZAR,0.073356
2023-03-16,USD,1.347428
2023-03-16,EUR,1.427600
2023-03-16,GBP,1.625598
2023-03-16,JPY,0.010184
2023-03-16,CHF,1.453768
2023-03-16,CNY,0.195441
2023-03-16,HKD,0.171659
2023-03-16,MYR,0.299162
2023-03-16,ZAR,0.073301
2023-03-17,USD,1.342559
2023-03-17,EUR,1.426200
2023-03-17,GBP,1.630166
2023-03-17,JPY,0.010146
2023-03-17,CHF,1.446744
2023-03-17,CNY,0.195057
2023-03-17,HKD,0.171034
2023-03-17,MYR,0.299314
2023-03-17,ZAR,0.073143
2023-03-20,USD,1.339367
2023-03-20,EUR,1.435400
2023-03-20,GBP,1.639333
2023-03-20,JPY,0.010197
2023-03-20,CHF,1.445810
2023-03-20,CNY,0.194660
2023-03-20,HKD,0.170804
2023-03-20,MYR,0.298569
2023-03-20,ZAR,0.072546
2023-03-21,USD,1.335561
2023-03-21,EUR,1.439200
2023-03-21,GBP,1.634841
2023-03-21,JPY,0.010090
2023-03-21,CHF,1.443531
2023-03-21,CNY,0.194334
2023-03-21,HKD,0.170225
2023-03-21,MYR,0.298614
2023-03-21,ZAR,0.072083
2023-03-22,USD,1.334353
2023-03-22,EUR,1.439100
2023-03-22,GBP,1.636736
2023-03-22,JPY,0.010054
2023-03-22,CHF,1.444880
2023-03-22,CNY,0.193850
2023-03-22,HKD,0.170034
2023-03-22,MYR,0.299519
2023-03-22,ZAR,0.072488
2023-03-23,USD,1.326776
2023-03-23,EUR,1.443400
2023-03-23,GBP,1.630537
2023-03-23,JPY,0.010103
2023-03-23,CHF,1.447888
2023-03-23,CNY,0.194235
2023-03-23,HKD,0.169024
2023-03-23,MYR,0.300314
2023-03-23,ZAR,0.072977
2023-03-24,USD,1.333644
2023-03-24,EUR,1.433000
2023-03-24,GBP,1.629520
2023-03-24,JPY,0.010247
2023-03-24,CHF,1.451286
2023-03-24,CNY,0.194105
2023-03-24,HKD,0.169899
2023-03-24,MYR,0.301183
2023-03-24,ZAR,0.073204
2023-03-27,USD,1.332127
2023-03-27,EUR,1.435100
2023-03-27,GBP,1.634175
2023-03-27,JPY,0.010132
2023-03-27,CHF,1.453266
2023-03-27,CNY,0.193590
2023-03-27,HKD,0.169702
2023-03-27,MYR,0.301283
2023-03-27,ZAR,0.072710
2023-03-28,USD,1.327737
2023-03-28,EUR,1.439400
2023-03-28,GBP,1.636835
2023-03-28,JPY,0.010159
2023-03-28,CHF,1.447069
2023-03-28,CNY,0.193068
2023-03-28,HKD,0.169142
2023-03-28,MYR,0.301653
2023-03-28,ZAR,0.073055
2023-03-29,USD,1.329861
2023-03-29,EUR,1.442500
2023-03-29,GBP,1.639428
2023-03-29,JPY,0.010047
2023-03-29,CHF,1.446405
2023-03-29,CNY,0.193160
2023-03-29,HKD,0.169413
2023-03-29,MYR,0.300979
2023-03-29,ZAR,0.073412
2023-03-30,USD,1.328771
2023-03-30,EUR,1.446500
2023-03-30,GBP,1.640692
2023-03-30,JPY,0.010016
2023-03-30,CHF,1.451872
2023-03-30,CNY,0.193129
2023-03-30,HKD,0.169270
2023-03-30,MYR,0.300459
2023-03-30,ZAR,0.073628
2023-03-31,USD,1.330023
2023-03-31,EUR,1.446400
2023-03-31,GBP,1.645132
2023-03-31,JPY,0.009987
2023-03-31,CHF,1.451043
2023-03-31,CNY,0.193465
2023-03-31,HKD,0.169433
2023-03-31,MYR,0.301421
2023-03-31,ZAR,0.074836
2023-04-03,USD,1.330635
2023-04-03,EUR,1.446400
2023-04-03,GBP,1.647568
2023-04-03,JPY,0.010009
2023-04-03,CHF,1.453814
2023-04-03,CNY,0.193286
2023-04-03,HKD,0.169511
2023-04-03,MYR,0.301114
2023-04-03,ZAR,0.074477
2023-04-04,USD,1.327126
2023-04-04,EUR,1.446700
2023-04-04,GBP,1.656533
2023-04-04,JPY,0.009981
2023-04-04,CHF,1.453386
2023-04-04,CNY,0.192806
2023-04-04,HKD,0.169068
2023-04-04,MYR,0.301208
2023-04-04,ZAR,0.074413
2023-04-05,USD,1.326508
2023-04-05,EUR,1.451200
2023-04-05,GBP,1.655015
2023-04-05,JPY,0.010096
2023-04-05,CHF,1.465711
2023-04-05,CNY,0.192812
2023-04-05,HKD,0.168986
2023-04-05,MYR,0.301579
2023-04-05,ZAR,0.074000
2023-04-06,USD,1.329088
2023-04-06,EUR,1.450700
2023-04-06,GBP,1.658038
2023-04-06,JPY,0.010110
2023-04-06,CHF,1.468617
2023-04-06,CNY,0.193391
2023-04-06,HKD,0.169312
2023-04-06,MYR,0.302135
2023-04-06,ZAR,0.072926
2023-04-11,USD,1.332050
2023-04-11,EUR,1.452600
2023-04-11,GBP,1.655611
2023-04-11,JPY,0.009999
2023-04-11,CHF,1.472031
2023-04-11,CNY,0.193474
2023-04-11,HKD,0.169690
2023-04-11,MYR,0.301469
2023-04-11,ZAR,0.072990
2023-04-12,USD,1.331075
2023-04-12,EUR,1.453800
2023-04-12,GBP,1.651332
2023-04-12,JPY,0.009951
2023-04-12,CHF,1.475490
2023-04-12,CNY,0.193368
2023-04-12,HKD,0.169565
2023-04-12,MYR,0.301662
2023-04-12,ZAR,0.072210
2023-04-13,USD,1.324739
2023-04-13,EUR,1.459200
2023-04-13,GBP,1.657090
2023-04-13,JPY,0.009939
2023-04-13,CHF,1.488372
2023-04-13,CNY,0.192613
2023-04-13,HKD,0.168756
2023-04-13,MYR,0.301077
2023-04-13,ZAR,0.073066
2023-04-14,USD,1.326309
2023-04-14,EUR,1.466500
2023-04-14,GBP,1.658186
2023-04-14,JPY,0.010003
2023-04-14,CHF,1.492317
2023-04-14,CNY,0.193569
2023-04-14,HKD,0.168957
2023-04-14,MYR,0.301296
2023-04-14,ZAR,0.073563
2023-04-17,USD,1.330935
2023-04-17,EUR,1.461500
2023-04-17,GBP,1.653786
2023-04-17,JPY,0.009944
2023-04-17,CHF,1.489503
2023-04-17,CNY,0.193748
2023-04-17,HKD,0.169548
2023-04-17,MYR,0.300980
2023-04-17,ZAR,0.073465
2023-04-18,USD,1.331936
2023-04-18,EUR,1.461400
2023-04-18,GBP,1.657988
2023-04-18,JPY,0.009949
2023-04-18,CHF,1.486522
2023-04-18,CNY,0.193727
2023-04-18,HKD,0.169676
2023-04-18,MYR,0.300391
2023-04-18,ZAR,0.073327
2023-04-19,USD,1.336779
2023-04-19,EUR,1.461500
2023-04-19,GBP,1.658760
2023-04-19,JPY,0.009926
2023-04-19,CHF,1.487078
2023-04-19,CNY,0.193817
2023-04-19,HKD,0.170306
2023-04-19,MYR,0.300943
2023-04-19,ZAR,0.073145
2023-04-20,USD,1.333973
2023-04-20,EUR,1.459900
2023-04-20,GBP,1.656098
2023-04-20,JPY,0.009900
2023-04-20,CHF,1.488175
2023-04-20,CNY,0.193883
2023-04-20,HKD,0.169940
2023-04-20,MYR,0.300614
2023-04-20,ZAR,0.073527
2023-04-21,USD,1.334578
2023-04-21,EUR,1.465100
2023-04-21,GBP,1.654172
2023-04-21,JPY,0.009972
2023-04-21,CHF,1.495763
2023-04-21,CNY,0.193748
2023-04-21,HKD,0.170050
2023-04-21,MYR,0.300749
2023-04-21,ZAR,0.073635
2023-04-24,USD,1.334666
2023-04-24,EUR,1.468400
2023-04-24,GBP,1.659903
2023-04-24,JPY,0.009910
2023-04-24,CHF,1.498367
2023-04-24,CNY,0.193626
2023-04-24,HKD,0.170060
2023-04-24,MYR,0.300772
2023-04-24,ZAR,0.073613
2023-04-25,USD,1.336872
2023-04-25,EUR,1.473500
2023-04-25,GBP,1.662248
2023-04-25,JPY,0.009962
2023-04-25,CHF,1.505722
2023-04-25,CNY,0.193147
2023-04-25,HKD,0.170307
2023-04-25,MYR,0.300432
2023-04-25,ZAR,0.073126
2023-04-26,USD,1.335719
2023-04-26,EUR,1.474500
2023-04-26,GBP,1.664973
2023-04-26,JPY,0.009985
2023-04-26,CHF,1.500916
2023-04-26,CNY,0.192937
2023-04-26,HKD,0.170158
2023-04-26,MYR,0.299689
2023-04-26,ZAR,0.072607
2023-04-27,USD,1.335718
2023-04-27,EUR,1.474900
2023-04-27,GBP,1.667911
2023-04-27,JPY,0.010022
2023-04-27,CHF,1.495538
2023-04-27,CNY,0.192913
2023-04-27,HKD,0.170157
2023-04-27,MYR,0.299290
2023-04-27,ZAR,0.073213
2023-04-28,USD,1.336764
2023-04-28,EUR,1.467900
2023-04-28,GBP,1.667121
2023-04-28,JPY,0.009829
2023-04-28,CHF,1.491920
2023-04-28,CNY,0.193198
2023-04-28,HKD,0.170292
2023-04-28,MYR,0.299688
2023-04-28,ZAR,0.072828
2023-05-02,USD,1.335705
2023-05-02,EUR,1.464600
2023-05-02,GBP,1.666818
2023-05-02,JPY,0.009719
2023-05-02,CHF,1.488263
2023-05-02,CNY,0.193242
2023-05-02,HKD,0.170154
2023-05-02,MYR,0.299215
2023-05-02,ZAR,0.072699
2023-05-03,USD,1.331522
2023-05-03,EUR,1.470400
2023-05-03,GBP,1.665892
2023-05-03,JPY,0.009825
2023-05-03,CHF,1.499032
2023-05-03,CNY,0.192637
2023-05-03,HKD,0.169622
2023-05-03,MYR,0.299020
2023-05-03,ZAR,0.072916
2023-05-04,USD,1.326982
2023-05-04,EUR,1.469500
2023-05-04,GBP,1.669602
2023-05-04,JPY,0.009868
2023-05-04,CHF,1.499184
2023-05-04,CNY,0.191996
2023-05-04,HKD,0.169085
2023-05-04,MYR,0.297994
2023-05-04,ZAR,0.072980
2023-05-05,USD,1.325586
2023-05-05,EUR,1.460000
2023-05-05,GBP,1.670901
2023-05-05,JPY,0.009878
2023-05-05,CHF,1.485551
2023-05-05,CNY,0.191823
2023-05-05,HKD,0.168915
2023-05-05,MYR,0.298758
2023-05-05,ZAR,0.072154
2023-05-08,USD,1.324635
2023-05-08,EUR,1.462000
2023-05-08,GBP,1.676067
2023-05-08,JPY,0.009802
2023-05-08,CHF,1.489860
2023-05-08,CNY,0.191494
2023-05-08,HKD,0.168787
2023-05-08,MYR,0.298544
2023-05-08,ZAR,0.072179
2023-05-09,USD,1.327128
2023-05-09,EUR,1.454400
2023-05-09,GBP,1.671916
2023-05-09,JPY,0.009829
2023-05-09,CHF,1.485901
2023-05-09,CNY,0.191739
2023-05-09,HKD,0.169246
2023-05-09,MYR,0.298265
2023-05-09,ZAR,0.071999
2023-05-10,USD,1.327945
2023-05-10,EUR,1.454100
2023-05-10,GBP,1.674980
2023-05-10,JPY,0.009813
2023-05-10,CHF,1.488179
2023-05-10,CNY,0.191788
2023-05-10,HKD,0.169596
2023-05-10,MYR,0.297843
2023-05-10,ZAR,0.070930
2023-05-11,USD,1.327539
2023-05-11,EUR,1.451000
2023-05-11,GBP,1.671755
2023-05-11,JPY,0.009902
2023-05-11,CHF,1.486985
2023-05-11,CNY,0.191382
2023-05-11,HKD,0.169369
2023-05-11,MYR,0.297488
2023-05-11,ZAR,0.069933
2023-05-12,USD,1.334374
2023-05-12,EUR,1.453400
2023-05-12,GBP,1.670191
2023-05-12,JPY,0.009886
2023-05-12,CHF,1.491585
2023-05-12,CNY,0.191939
2023-05-12,HKD,0.170138
2023-05-12,MYR,0.297919
2023-05-12,ZAR,0.069398
2023-05-15,USD,1.337624
2023-05-15,EUR,1.454800
2023-05-15,GBP,1.673280
2023-05-15,JPY,0.009820
2023-05-15,CHF,1.492562
2023-05-15,CNY,0.192380
2023-05-15,HKD,0.170651
2023-05-15,MYR,0.297414
2023-05-15,ZAR,0.070112
2023-05-16,USD,1.336734
2023-05-16,EUR,1.454500
2023-05-16,GBP,1.673031
2023-05-16,JPY,0.009835
2023-05-16,CHF,1.494554
2023-05-16,CNY,0.191904
2023-05-16,HKD,0.170530
2023-05-16,MYR,0.297116
2023-05-16,ZAR,0.070098
2023-05-17,USD,1.342876
2023-05-17,EUR,1.454200
2023-05-17,GBP,1.673514
2023-05-17,JPY,0.009805
2023-05-17,CHF,1.492099
2023-05-17,CNY,0.191943
2023-05-17,HKD,0.171510
2023-05-17,MYR,0.296769
2023-05-17,ZAR,0.069648
2023-05-18,USD,1.345048
2023-05-18,EUR,1.454400
2023-05-18,GBP,1.673840
2023-05-18,JPY,0.009756
2023-05-18,CHF,1.493991
2023-05-18,CNY,0.191411
2023-05-18,HKD,0.171834
2023-05-18,MYR,0.296496
2023-05-18,ZAR,0.069359
2023-05-19,USD,1.345115
2023-05-19,EUR,1.453800
2023-05-19,GBP,1.674113
2023-05-19,JPY,0.009721
2023-05-19,CHF,1.492914
2023-05-19,CNY,0.191880
2023-05-19,HKD,0.172060
2023-05-19,MYR,0.296379
2023-05-19,ZAR,0.069610
2023-05-22,USD,1.344853
2023-05-22,EUR,1.455400
2023-05-22,GBP,1.675840
2023-05-22,JPY,0.009726
2023-05-22,CHF,1.500412
2023-05-22,CNY,0.191331
2023-05-22,HKD,0.171838
2023-05-22,MYR,0.295705
2023-05-22,ZAR,0.069591
2023-05-23,USD,1.347713
2023-05-23,EUR,1.452700
2023-05-23,GBP,1.669904
2023-05-23,JPY,0.009737
2023-05-23,CHF,1.494855
2023-05-23,CNY,0.191047
2023-05-23,HKD,0.171958
2023-05-23,MYR,0.294905
2023-05-23,ZAR,0.069868
2023-05-24,USD,1.346871
2023-05-24,EUR,1.452600
2023-05-24,GBP,1.669790
2023-05-24,JPY,0.009729
2023-05-24,CHF,1.492602
2023-05-24,CNY,0.191119
2023-05-24,HKD,0.171983
2023-05-24,MYR,0.293241
2023-05-24,ZAR,0.070012
2023-05-25,USD,1.352119
2023-05-25,EUR,1.451500
2023-05-25,GBP,1.672370
2023-05-25,JPY,0.009701
2023-05-25,CHF,1.495159
2023-05-25,CNY,0.191261
2023-05-25,HKD,0.172609
2023-05-25,MYR,0.292317
2023-05-25,ZAR,0.069963
2023-05-26,USD,1.350572
2023-05-26,EUR,1.452000
2023-05-26,GBP,1.672561
2023-05-26,JPY,0.009665
2023-05-26,CHF,1.495828
2023-05-26,CNY,0.191370
2023-05-26,HKD,0.172385
2023-05-26,MYR,0.293541
2023-05-26,ZAR,0.069094
2023-05-29,USD,1.353150
2023-05-29,EUR,1.449900
2023-05-29,GBP,1.670295
2023-05-29,JPY,0.009647
2023-05-29,CHF,1.497367
2023-05-29,CNY,0.191229
2023-05-29,HKD,0.172813
2023-05-29,MYR,0.293841
2023-05-29,ZAR,0.068843
2023-05-30,USD,1.349590
2023-05-30,EUR,1.450000
2023-05-30,GBP,1.678921
2023-05-30,JPY,0.009666
2023-05-30,CHF,1.496388
2023-05-30,CNY,0.190815
2023-05-30,HKD,0.172295
2023-05-30,MYR,0.293291
2023-05-30,ZAR,0.068633
2023-05-31,USD,1.354208
2023-05-31,EUR,1.446700
2023-05-31,GBP,1.674324
2023-05-31,JPY,0.009701
2023-05-31,CHF,1.487762
2023-05-31,CNY,0.190541
2023-05-31,HKD,0.172852
2023-05-31,MYR,0.293407
2023-05-31,ZAR,0.068449
2023-06-01,USD,1.352342
2023-06-01,EUR,1.446600
2023-06-01,GBP,1.685562
2023-06-01,JPY,0.009692
2023-06-01,CHF,1.486436
2023-06-01,CNY,0.190177
2023-06-01,HKD,0.172654
2023-06-01,MYR,0.293125
2023-06-01,ZAR,0.068376
2023-06-02,USD,1.344792
2023-06-02,EUR,1.447400
2023-06-02,GBP,1.684394
2023-06-02,JPY,0.009684
2023-06-02,CHF,1.483296
2023-06-02,CNY,0.190285
2023-06-02,HKD,0.171603
2023-06-02,MYR,0.293781
2023-06-02,ZAR,0.069101
2023-06-05,USD,1.351824
2023-06-05,EUR,1.445100
2023-06-05,GBP,1.674061
2023-06-05,JPY,0.009637
2023-06-05,CHF,1.484895
2023-06-05,CNY,0.189990
2023-06-05,HKD,0.172473
2023-06-05,MYR,0.295322
2023-06-05,ZAR,0.069861
2023-06-06,USD,1.348966
2023-06-06,EUR,1.441100
2023-06-06,GBP,1.673693
2023-06-06,JPY,0.009666
2023-06-06,CHF,1.485976
2023-06-06,CNY,0.189519
2023-06-06,HKD,0.172016
2023-06-06,MYR,0.292776
2023-06-06,ZAR,0.070095
2023-06-07,USD,1.346646
2023-06-07,EUR,1.443200
2023-06-07,GBP,1.678725
2023-06-07,JPY,0.009659
2023-06-07,CHF,1.487222
2023-06-07,CNY,0.189309
2023-06-07,HKD,0.171750
2023-06-07,MYR,0.292911
2023-06-07,ZAR,0.070750
2023-06-08,USD,1.346745
2023-06-08,EUR,1.446000
2023-06-08,GBP,1.679189
2023-06-08,JPY,0.009641
2023-06-08,CHF,1.482925
2023-06-08,CNY,0.188918
2023-06-08,HKD,0.171885
2023-06-08,MYR,0.291597
2023-06-08,ZAR,0.071132
2023-06-09,USD,1.343228
2023-06-09,EUR,1.448000
2023-06-09,GBP,1.687744
2023-06-09,JPY,0.009638
2023-06-09,CHF,1.490325
2023-06-09,CNY,0.188446
2023-06-09,HKD,0.171375
2023-06-09,MYR,0.291120
2023-06-09,ZAR,0.071752
2023-06-12,USD,1.342963
2023-06-12,EUR,1.445700
2023-06-12,GBP,1.687364
2023-06-12,JPY,0.009636
2023-06-12,CHF,1.482617
2023-06-12,CNY,0.188027
2023-06-12,HKD,0.171442
2023-06-12,MYR,0.290686
2023-06-12,ZAR,0.072346
2023-06-13,USD,1.340406
2023-06-13,EUR,1.446700
2023-06-13,GBP,1.685149
2023-06-13,JPY,0.009605
2023-06-13,CHF,1.478639
2023-06-13,CNY,0.187477
2023-06-13,HKD,0.171106
2023-06-13,MYR,0.290321
2023-06-13,ZAR,0.071944
2023-06-14,USD,1.341382
2023-06-14,EUR,1.449900
2023-06-14,GBP,1.696682
2023-06-14,JPY,0.009589
2023-06-14,CHF,1.486924
2023-06-14,CNY,0.187415
2023-06-14,HKD,0.171292
2023-06-14,MYR,0.290247
2023-06-14,ZAR,0.072815
2023-06-15,USD,1.344209
2023-06-15,EUR,1.454300
2023-06-15,GBP,1.699842
2023-06-15,JPY,0.009514
2023-06-15,CHF,1.489909
2023-06-15,CNY,0.187673
2023-06-15,HKD,0.171779
2023-06-15,MYR,0.290575
2023-06-15,ZAR,0.072988
2023-06-16,USD,1.335674
2023-06-16,EUR,1.464700
2023-06-16,GBP,1.714543
2023-06-16,JPY,0.009471
2023-06-16,CHF,1.499181
2023-06-16,CNY,0.187542
2023-06-16,HKD,0.170713
2023-06-16,MYR,0.289449
2023-06-16,ZAR,0.073595
2023-06-19,USD,1.340963
2023-06-19,EUR,1.464600
2023-06-19,GBP,1.717643
2023-06-19,JPY,0.009453
2023-06-19,CHF,1.498772
2023-06-19,CNY,0.187332
2023-06-19,HKD,0.171541
2023-06-19,MYR,0.289779
2023-06-19,ZAR,0.073784
2023-06-20,USD,1.343456
2023-06-20,EUR,1.468800
2023-06-20,GBP,1.713786
2023-06-20,JPY,0.009506
2023-06-20,CHF,1.497553
2023-06-20,CNY,0.187199
2023-06-20,HKD,0.171669
2023-06-20,MYR,0.289539
2023-06-20,ZAR,0.073541
2023-06-21,USD,1.343770
2023-06-21,EUR,1.467800
2023-06-21,GBP,1.710165
2023-06-21,JPY,0.009476
2023-06-21,CHF,1.497297
2023-06-21,CNY,0.186936
2023-06-21,HKD,0.171652
2023-06-21,MYR,0.289296
2023-06-21,ZAR,0.073104
2023-06-22,USD,1.341921
2023-06-22,EUR,1.474100
2023-06-22,GBP,1.711781
2023-06-22,JPY,0.009446
2023-06-22,CHF,1.500356
2023-06-22,CNY,0.186912
2023-06-22,HKD,0.171433
2023-06-22,MYR,0.288524
2023-06-22,ZAR,0.072768
2023-06-23,USD,1.352995
2023-06-23,EUR,1.472600
2023-06-23,GBP,1.722762
2023-06-23,JPY,0.009449
2023-06-23,CHF,1.506804
2023-06-23,CNY,0.188454
2023-06-23,HKD,0.172808
2023-06-23,MYR,0.289318
2023-06-23,ZAR,0.072310
2023-06-26,USD,1.352354
2023-06-26,EUR,1.476500
2023-06-26,GBP,1.719299
2023-06-26,JPY,0.009440
2023-06-26,CHF,1.516381
2023-06-26,CNY,0.186965
2023-06-26,HKD,0.172728
2023-06-26,MYR,0.289368
2023-06-26,ZAR,0.072682
2023-06-27,USD,1.348461
2023-06-27,EUR,1.476700
2023-06-27,GBP,1.717293
2023-06-27,JPY,0.009397
2023-06-27,CHF,1.508530
2023-06-27,CNY,0.186981
2023-06-27,HKD,0.172146
2023-06-27,MYR,0.288999
2023-06-27,ZAR,0.073019
2023-06-28,USD,1.352990
2023-06-28,EUR,1.479900
2023-06-28,GBP,1.712451
2023-06-28,JPY,0.009377
2023-06-28,CHF,1.506720
2023-06-28,CNY,0.186710
2023-06-28,HKD,0.172750
2023-06-28,MYR,0.289626
2023-06-28,ZAR,0.072251
2023-06-29,USD,1.352167
2023-06-29,EUR,1.479000
2023-06-29,GBP,1.711806
2023-06-29,JPY,0.009376
2023-06-29,CHF,1.511806
2023-06-29,CNY,0.186884
2023-06-29,HKD,0.172553
2023-06-29,MYR,0.289449
2023-06-29,ZAR,0.072271
2023-06-30,USD,1.355789
2023-06-30,EUR,1.473200
2023-06-30,GBP,1.716456
2023-06-30,JPY,0.009374
2023-06-30,CHF,1.505108
2023-06-30,CNY,0.186521
2023-06-30,HKD,0.172998
2023-06-30,MYR,0.290475
2023-06-30,ZAR,0.071589
2023-07-03,USD,1.352051
2023-07-03,EUR,1.473600
2023-07-03,GBP,1.713887
2023-07-03,JPY,0.009338
2023-07-03,CHF,1.503673
2023-07-03,CNY,0.186515
2023-07-03,HKD,0.172549
2023-07-03,MYR,0.289674
2023-07-03,ZAR,0.072082
2023-07-04,USD,1.348692
2023-07-04,EUR,1.469400
2023-07-04,GBP,1.715126
2023-07-04,JPY,0.009339
2023-07-04,CHF,1.505224
2023-07-04,CNY,0.186837
2023-07-04,HKD,0.172234
2023-07-04,MYR,0.289914
2023-07-04,ZAR,0.072332
2023-07-05,USD,1.352514
2023-07-05,EUR,1.471400
2023-07-05,GBP,1.717220
2023-07-05,JPY,0.009356
2023-07-05,CHF,1.504191
2023-07-05,CNY,0.186731
2023-07-05,HKD,0.172886
2023-07-05,MYR,0.290676
2023-07-05,ZAR,0.072165
2023-07-06,USD,1.349849
2023-07-06,EUR,1.471200
2023-07-06,GBP,1.724534
2023-07-06,JPY,0.009396
2023-07-06,CHF,1.507841
2023-07-06,CNY,0.186653
2023-07-06,HKD,0.172597
2023-07-06,MYR,0.289544
2023-07-06,ZAR,0.071322
2023-07-07,USD,1.351672
2023-07-07,EUR,1.471700
2023-07-07,GBP,1.725363
2023-07-07,JPY,0.009433
2023-07-07,CHF,1.508817
2023-07-07,CNY,0.186828
2023-07-07,HKD,0.172670
2023-07-07,MYR,0.289465
2023-07-07,ZAR,0.070784
2023-07-10,USD,1.348394
2023-07-10,EUR,1.477300
2023-07-10,GBP,1.723140
2023-07-10,JPY,0.009486
2023-07-10,CHF,1.514713
2023-07-10,CNY,0.186314
2023-07-10,HKD,0.172214
2023-07-10,MYR,0.288733
2023-07-10,ZAR,0.071532
2023-07-11,USD,1.342069
2023-07-11,EUR,1.474800
2023-07-11,GBP,1.732816
2023-07-11,JPY,0.009560
2023-07-11,CHF,1.521510
2023-07-11,CNY,0.186346
2023-07-11,HKD,0.171443
2023-07-11,MYR,0.288154
2023-07-11,ZAR,0.071958
2023-07-12,USD,1.338323
2023-07-12,EUR,1.475100
2023-07-12,GBP,1.727728
2023-07-12,JPY,0.009589
2023-07-12,CHF,1.523392
2023-07-12,CNY,0.186076
2023-07-12,HKD,0.170990
2023-07-12,MYR,0.287751
2023-07-12,ZAR,0.072534
2023-07-13,USD,1.324987
2023-07-13,EUR,1.481600
2023-07-13,GBP,1.731792
2023-07-13,JPY,0.009569
2023-07-13,CHF,1.536292
2023-07-13,CNY,0.184973
2023-07-13,HKD,0.169362
2023-07-13,MYR,0.288924
2023-07-13,ZAR,0.073293
2023-07-14,USD,1.320738
2023-07-14,EUR,1.482000
2023-07-14,GBP,1.731511
2023-07-14,JPY,0.009530
2023-07-14,CHF,1.535910
2023-07-14,CNY,0.185074
2023-07-14,HKD,0.168997
2023-07-14,MYR,0.291813
2023-07-14,ZAR,0.073355
2023-07-17,USD,1.321371
2023-07-17,EUR,1.483900
2023-07-17,GBP,1.728017
2023-07-17,JPY,0.009550
2023-07-17,CHF,1.537402
2023-07-17,CNY,0.184434
2023-07-17,HKD,0.169105
2023-07-17,MYR,0.291018
2023-07-17,ZAR,0.073249
2023-07-18,USD,1.320835
2023-07-18,EUR,1.486600
2023-07-18,GBP,1.731867
2023-07-18,JPY,0.009566
2023-07-18,CHF,1.540997
2023-07-18,CNY,0.184110
2023-07-18,HKD,0.169089
2023-07-18,MYR,0.290772
2023-07-18,ZAR,0.073768
2023-07-19,USD,1.325521
2023-07-19,EUR,1.487500
2023-07-19,GBP,1.711383
2023-07-19,JPY,0.009489
2023-07-19,CHF,1.544973
2023-07-19,CNY,0.183610
2023-07-19,HKD,0.169783
2023-07-19,MYR,0.291804
2023-07-19,ZAR,0.073978
2023-07-20,USD,1.322408
2023-07-20,EUR,1.480700
2023-07-20,GBP,1.703520
2023-07-20,JPY,0.009470
2023-07-20,CHF,1.536793
2023-07-20,CNY,0.184534
2023-07-20,HKD,0.169291
2023-07-20,MYR,0.291087
2023-07-20,ZAR,0.074165
2023-07-21,USD,1.329857
2023-07-21,EUR,1.479200
2023-07-21,GBP,1.705995
2023-07-21,JPY,0.009384
2023-07-21,CHF,1.536033
2023-07-21,CNY,0.185224
2023-07-21,HKD,0.170129
2023-07-21,MYR,0.291537
2023-07-21,ZAR,0.073818
2023-07-24,USD,1.330389
2023-07-24,EUR,1.476200
2023-07-24,GBP,1.709554
2023-07-24,JPY,0.009434
2023-07-24,CHF,1.538510
2023-07-24,CNY,0.185106
2023-07-24,HKD,0.170289
2023-07-24,MYR,0.290957
2023-07-24,ZAR,0.074583
2023-07-25,USD,1.328115
2023-07-25,EUR,1.467700
2023-07-25,GBP,1.703696
2023-07-25,JPY,0.009397
2023-07-25,CHF,1.529173
2023-07-25,CNY,0.185985
2023-07-25,HKD,0.169999
2023-07-25,MYR,0.291095
2023-07-25,ZAR,0.075555
2023-07-26,USD,1.327606
2023-07-26,EUR,1.468200
2023-07-26,GBP,1.713285
2023-07-26,JPY,0.009454
2023-07-26,CHF,1.537543
2023-07-26,CNY,0.185592
2023-07-26,HKD,0.170112
2023-07-26,MYR,0.291813
2023-07-26,ZAR,0.074984
2023-07-27,USD,1.323775
2023-07-27,EUR,1.472700
2023-07-27,GBP,1.714735
2023-07-27,JPY,0.009443
2023-07-27,CHF,1.543387
2023-07-27,CNY,0.185222
2023-07-27,HKD,0.169691
2023-07-27,MYR,0.292743
2023-07-27,ZAR,0.075586
2023-07-28,USD,1.330881
2023-07-28,EUR,1.465300
2023-07-28,GBP,1.712599
2023-07-28,JPY,0.009555
2023-07-28,CHF,1.533703
2023-07-28,CNY,0.185954
2023-07-28,HKD,0.170652
2023-07-28,MYR,0.292213
2023-07-28,ZAR,0.075411
2023-07-31,USD,1.329946
2023-07-31,EUR,1.466000
2023-07-31,GBP,1.709322
2023-07-31,JPY,0.009354
2023-07-31,CHF,1.524067
2023-07-31,CNY,0.186022
2023-07-31,HKD,0.170533
2023-07-31,MYR,0.294952
2023-07-31,ZAR,0.074983
2023-08-01,USD,1.334640
2023-08-01,EUR,1.464100
2023-08-01,GBP,1.705118
2023-08-01,JPY,0.009334
2023-08-01,CHF,1.523517
2023-08-01,CNY,0.186225
2023-08-01,HKD,0.171224
2023-08-01,MYR,0.295372
2023-08-01,ZAR,0.073666
2023-08-02,USD,1.337551
2023-08-02,EUR,1.469300
2023-08-02,GBP,1.707734
2023-08-02,JPY,0.009366
2023-08-02,CHF,1.523854
2023-08-02,CNY,0.186391
2023-08-02,HKD,0.171489
2023-08-02,MYR,0.294355
2023-08-02,ZAR,0.072890
2023-08-03,USD,1.342664
2023-08-03,EUR,1.467800
2023-08-03,GBP,1.697507
2023-08-03,JPY,0.009395
2023-08-03,CHF,1.532310
2023-08-03,CNY,0.187227
2023-08-03,HKD,0.172013
2023-08-03,MYR,0.294769
2023-08-03,ZAR,0.072057
2023-08-04,USD,1.343048
2023-08-04,EUR,1.470100
2023-08-04,GBP,1.705591
2023-08-04,JPY,0.009417
2023-08-04,CHF,1.531673
2023-08-04,CNY,0.186891
2023-08-04,HKD,0.171972
2023-08-04,MYR,0.294851
2023-08-04,ZAR,0.071988
2023-08-07,USD,1.341042
2023-08-07,EUR,1.473000
2023-08-07,GBP,1.709551
2023-08-07,JPY,0.009430
2023-08-07,CHF,1.530390
2023-08-07,CNY,0.186512
2023-08-07,HKD,0.171790
2023-08-07,MYR,0.294153
2023-08-07,ZAR,0.072075
2023-08-08,USD,1.349232
2023-08-08,EUR,1.476600
2023-08-08,GBP,1.713828
2023-08-08,JPY,0.009432
2023-08-08,CHF,1.538125
2023-08-08,CNY,0.187030
2023-08-08,HKD,0.172720
2023-08-08,MYR,0.294431
2023-08-08,ZAR,0.071378
2023-08-09,USD,1.345824
2023-08-09,EUR,1.476100
2023-08-09,GBP,1.712810
2023-08-09,JPY,0.009381
2023-08-09,CHF,1.533292
2023-08-09,CNY,0.186777
2023-08-09,HKD,0.172108
2023-08-09,MYR,0.294360
2023-08-09,ZAR,0.070654
2023-08-10,USD,1.345494
2023-08-10,EUR,1.482600
2023-08-10,GBP,1.717702
2023-08-10,JPY,0.009358
2023-08-10,CHF,1.541485
2023-08-10,CNY,0.186646
2023-08-10,HKD,0.172141
2023-08-10,MYR,0.294354
2023-08-10,ZAR,0.071668
2023-08-11,USD,1.349509
2023-08-11,EUR,1.485000
2023-08-11,GBP,1.718452
2023-08-11,JPY,0.009341
2023-08-11,CHF,1.544141
2023-08-11,CNY,0.186595
2023-08-11,HKD,0.172660
2023-08-11,MYR,0.294205
2023-08-11,ZAR,0.071691
2023-08-14,USD,1.355261
2023-08-14,EUR,1.481300
2023-08-14,GBP,1.718146
2023-08-14,JPY,0.009335
2023-08-14,CHF,1.541736
2023-08-14,CNY,0.186665
2023-08-14,HKD,0.173337
2023-08-14,MYR,0.293536
2023-08-14,ZAR,0.071257
2023-08-15,USD,1.357221
2023-08-15,EUR,1.482900
2023-08-15,GBP,1.725205
2023-08-15,JPY,0.009324
2023-08-15,CHF,1.546943
2023-08-15,CNY,0.186282
2023-08-15,HKD,0.173475
2023-08-15,MYR,0.292774
2023-08-15,ZAR,0.070677
2023-08-16,USD,1.357823
2023-08-16,EUR,1.482200
2023-08-16,GBP,1.730632
2023-08-16,JPY,0.009318
2023-08-16,CHF,1.543155
2023-08-16,CNY,0.186073
2023-08-16,HKD,0.173426
2023-08-16,MYR,0.293296
2023-08-16,ZAR,0.071030
2023-08-17,USD,1.357156
2023-08-17,EUR,1.479300
2023-08-17,GBP,1.732303
2023-08-17,JPY,0.009311
2023-08-17,CHF,1.548195
2023-08-17,CNY,0.186340
2023-08-17,HKD,0.173387
2023-08-17,MYR,0.291706
2023-08-17,ZAR,0.071320
2023-08-18,USD,1.357412
2023-08-18,EUR,1.475100
2023-08-18,GBP,1.725404
2023-08-18,JPY,0.009330
2023-08-18,CHF,1.541218
2023-08-18,CNY,0.186257
2023-08-18,HKD,0.173327
2023-08-18,MYR,0.292076
2023-08-18,ZAR,0.071215
2023-08-21,USD,1.355977
2023-08-21,EUR,1.479100
2023-08-21,GBP,1.730447
2023-08-21,JPY,0.009294
2023-08-21,CHF,1.542657
2023-08-21,CNY,0.186153
2023-08-21,HKD,0.173018
2023-08-21,MYR,0.291701
2023-08-21,ZAR,0.071537
2023-08-22,USD,1.355194
2023-08-22,EUR,1.475400
2023-08-22,GBP,1.729903
2023-08-22,JPY,0.009297
2023-08-22,CHF,1.542499
2023-08-22,CNY,0.185849
2023-08-22,HKD,0.172909
2023-08-22,MYR,0.291564
2023-08-22,ZAR,0.072348
2023-08-23,USD,1.358353
2023-08-23,EUR,1.467700
2023-08-23,GBP,1.713542
2023-08-23,JPY,0.009332
2023-08-23,CHF,1.541054
2023-08-23,CNY,0.186266
2023-08-23,HKD,0.173249
2023-08-23,MYR,0.291714
2023-08-23,ZAR,0.072624
2023-08-24,USD,1.354336
2023-08-24,EUR,1.468100
2023-08-24,GBP,1.714069
2023-08-24,JPY,0.009294
2023-08-24,CHF,1.535348
2023-08-24,CNY,0.185991
2023-08-24,HKD,0.172699
2023-08-24,MYR,0.291567
2023-08-24,ZAR,0.072506
2023-08-25,USD,1.354645
2023-08-25,EUR,1.464100
2023-08-25,GBP,1.709538
2023-08-25,JPY,0.009281
2023-08-25,CHF,1.530845
2023-08-25,CNY,0.185840
2023-08-25,HKD,0.172714
2023-08-25,MYR,0.291950
2023-08-25,ZAR,0.072632
2023-08-28,USD,1.356310
2023-08-28,EUR,1.465900
2023-08-28,GBP,1.708210
2023-08-28,JPY,0.009257
2023-08-28,CHF,1.533529
2023-08-28,CNY,0.185976
2023-08-28,HKD,0.172888
2023-08-28,MYR,0.291397
2023-08-28,ZAR,0.072714
2023-08-29,USD,1.356012
2023-08-29,EUR,1.464900
2023-08-29,GBP,1.706150
2023-08-29,JPY,0.009217
2023-08-29,CHF,1.532643
2023-08-29,CNY,0.185901
2023-08-29,HKD,0.172809
2023-08-29,MYR,0.291900
2023-08-29,ZAR,0.073064
2023-08-30,USD,1.352471
2023-08-30,EUR,1.472300
2023-08-30,GBP,1.713571
2023-08-30,JPY,0.009251
2023-08-30,CHF,1.538775
2023-08-30,CNY,0.185552
2023-08-30,HKD,0.172346
2023-08-30,MYR,0.291481
2023-08-30,ZAR,0.072825
2023-08-31,USD,1.351307
2023-08-31,EUR,1.468600
2023-08-31,GBP,1.713292
2023-08-31,JPY,0.009266
2023-08-31,CHF,1.532346
2023-08-31,CNY,0.185439
2023-08-31,HKD,0.172270
2023-08-31,MYR,0.291227
2023-08-31,ZAR,0.071920
2023-09-01,USD,1.350055
2023-09-01,EUR,1.464000
2023-09-01,GBP,1.711520
2023-09-01,JPY,0.009297
2023-09-01,CHF,1.529141
2023-09-01,CNY,0.186073
2023-09-01,HKD,0.172098
2023-09-01,MYR,0.290493
2023-09-01,ZAR,0.072221
2023-09-04,USD,1.353764
2023-09-04,EUR,1.462200
2023-09-04,GBP,1.709176
2023-09-04,JPY,0.009248
2023-09-04,CHF,1.531420
2023-09-04,CNY,0.186201
2023-09-04,HKD,0.172796
2023-09-04,MYR,0.290817
2023-09-04,ZAR,0.071466
2023-09-05,USD,1.361849
2023-09-05,EUR,1.461400
2023-09-05,GBP,1.708540
2023-09-05,JPY,0.009238
2023-09-05,CHF,1.530582
2023-09-05,CNY,0.186451
2023-09-05,HKD,0.173699
2023-09-05,MYR,0.291930
2023-09-05,ZAR,0.070926
2023-09-06,USD,1.361005
2023-09-06,EUR,1.462400
2023-09-06,GBP,1.710349
2023-09-06,JPY,0.009245
2023-09-06,CHF,1.529547
2023-09-06,CNY,0.186350
2023-09-06,HKD,0.173556
2023-09-06,MYR,0.291187
2023-09-06,ZAR,0.070749
2023-09-07,USD,1.364426
2023-09-07,EUR,1.461300
2023-09-07,GBP,1.701164
2023-09-07,JPY,0.009266
2023-09-07,CHF,1.529036
2023-09-07,CNY,0.186181
2023-09-07,HKD,0.174045
2023-09-07,MYR,0.291636
2023-09-07,ZAR,0.071207
2023-09-08,USD,1.364443
2023-09-08,EUR,1.460500
2023-09-08,GBP,1.703505
2023-09-08,JPY,0.009253
2023-09-08,CHF,1.530441
2023-09-08,CNY,0.185897
2023-09-08,HKD,0.174045
2023-09-08,MYR,0.291767
2023-09-08,ZAR,0.071464
2023-09-11,USD,1.360873
2023-09-11,EUR,1.459400
2023-09-11,GBP,1.703911
2023-09-11,JPY,0.009286
2023-09-11,CHF,1.526569
2023-09-11,CNY,0.186552
2023-09-11,HKD,0.173748
2023-09-11,MYR,0.291129
2023-09-11,ZAR,0.072005
2023-09-12,USD,1.362550
2023-09-12,EUR,1.459700
2023-09-12,GBP,1.698807
2023-09-12,JPY,0.009273
2023-09-12,CHF,1.526723
2023-09-12,CNY,0.186866
2023-09-12,HKD,0.174024
2023-09-12,MYR,0.291328
2023-09-12,ZAR,0.071806
2023-09-13,USD,1.361688
2023-09-13,EUR,1.461500
2023-09-13,GBP,1.697642
2023-09-13,JPY,0.009234
2023-09-13,CHF,1.524142
2023-09-13,CNY,0.187027
2023-09-13,HKD,0.174021
2023-09-13,MYR,0.290962
2023-09-13,ZAR,0.071889
2023-09-14,USD,1.360764
2023-09-14,EUR,1.460100
2023-09-14,GBP,1.697889
2023-09-14,JPY,0.009234
2023-09-14,CHF,1.522841
2023-09-14,CNY,0.186969
2023-09-14,HKD,0.173826
2023-09-14,MYR,0.290637
2023-09-14,ZAR,0.071888
2023-09-15,USD,1.362732
2023-09-15,EUR,1.452400
2023-09-15,GBP,1.691236
2023-09-15,JPY,0.009222
2023-09-15,CHF,1.520201
2023-09-15,CNY,0.187259
2023-09-15,HKD,0.174115
2023-09-15,MYR,0.290934
2023-09-15,ZAR,0.071558
2023-09-18,USD,1.364625
2023-09-18,EUR,1.455100
2023-09-18,GBP,1.689207
2023-09-18,JPY,0.009242
2023-09-18,CHF,1.521435
2023-09-18,CNY,0.187040
2023-09-18,HKD,0.174502
2023-09-18,MYR,0.291026
2023-09-18,ZAR,0.071698
2023-09-19,USD,1.362457
2023-09-19,EUR,1.459600
2023-09-19,GBP,1.692035
2023-09-19,JPY,0.009226
2023-09-19,CHF,1.521209
2023-09-19,CNY,0.186862
2023-09-19,HKD,0.174268
2023-09-19,MYR,0.290133
2023-09-19,ZAR,0.071962
2023-09-20,USD,1.362456
2023-09-20,EUR,1.458100
2023-09-20,GBP,1.685080
2023-09-20,JPY,0.009212
2023-09-20,CHF,1.518696
2023-09-20,CNY,0.186795
2023-09-20,HKD,0.174166
2023-09-20,MYR,0.290783
2023-09-20,ZAR,0.072329
2023-09-21,USD,1.368970
2023-09-21,EUR,1.455900
2023-09-21,GBP,1.678987
2023-09-21,JPY,0.009253
2023-09-21,CHF,1.512152
2023-09-21,CNY,0.187387
2023-09-21,HKD,0.175028
2023-09-21,MYR,0.291799
2023-09-21,ZAR,0.072245
2023-09-22,USD,1.364610
2023-09-22,EUR,1.452900
2023-09-22,GBP,1.673944
2023-09-22,JPY,0.009203
2023-09-22,CHF,1.505596
2023-09-22,CNY,0.186830
2023-09-22,HKD,0.174497
2023-09-22,MYR,0.291116
2023-09-22,ZAR,0.072656
2023-09-25,USD,1.365936
2023-09-25,EUR,1.452400
2023-09-25,GBP,1.670097
2023-09-25,JPY,0.009188
2023-09-25,CHF,1.501033
2023-09-25,CNY,0.186857
2023-09-25,HKD,0.174723
2023-09-25,MYR,0.291553
2023-09-25,ZAR,0.072835
2023-09-26,USD,1.367280
2023-09-26,EUR,1.450000
2023-09-26,GBP,1.666284
2023-09-26,JPY,0.009185
2023-09-26,CHF,1.498708
2023-09-26,CNY,0.187056
2023-09-26,HKD,0.174821
2023-09-26,MYR,0.291533
2023-09-26,ZAR,0.072001
2023-09-27,USD,1.371393
2023-09-27,EUR,1.444900
2023-09-27,GBP,1.664440
2023-09-27,JPY,0.009191
2023-09-27,CHF,1.492665
2023-09-27,CNY,0.187574
2023-09-27,HKD,0.175358
2023-09-27,MYR,0.291293
2023-09-27,ZAR,0.071453
2023-09-28,USD,1.369295
2023-09-28,EUR,1.443100
2023-09-28,GBP,1.671551
2023-09-28,JPY,0.009172
2023-09-28,CHF,1.491114
2023-09-28,CNY,0.187450
2023-09-28,HKD,0.174940
2023-09-28,MYR,0.290842
2023-09-28,ZAR,0.071547
2023-09-29,USD,1.363319
2023-09-29,EUR,1.444300
2023-09-29,GBP,1.670522
2023-09-29,JPY,0.009135
2023-09-29,CHF,1.493743
2023-09-29,CNY,0.186718
2023-09-29,HKD,0.174098
2023-09-29,MYR,0.290364
2023-09-29,ZAR,0.072283
2023-10-02,USD,1.372175
2023-10-02,EUR,1.444900
2023-10-02,GBP,1.667936
2023-10-02,JPY,0.009164
2023-10-02,CHF,1.499792
2023-10-02,CNY,0.187930
2023-10-02,HKD,0.175190
2023-10-02,MYR,0.290900
2023-10-02,ZAR,0.071704
2023-10-03,USD,1.374821
2023-10-03,EUR,1.439300
2023-10-03,GBP,1.658657
2023-10-03,JPY,0.009167
2023-10-03,CHF,1.489959
2023-10-03,CNY,0.188294
2023-10-03,HKD,0.175542
2023-10-03,MYR,0.291062
2023-10-03,ZAR,0.071111
2023-10-04,USD,1.372011
2023-10-04,EUR,1.440200
2023-10-04,GBP,1.663279
2023-10-04,JPY,0.009204
2023-10-04,CHF,1.494914
2023-10-04,CNY,0.187908
2023-10-04,HKD,0.175226
2023-10-04,MYR,0.290006
2023-10-04,ZAR,0.071149
2023-10-05,USD,1.370036
2023-10-05,EUR,1.442100
2023-10-05,GBP,1.665146
2023-10-05,JPY,0.009202
2023-10-05,CHF,1.498286
2023-10-05,CNY,0.187637
2023-10-05,HKD,0.174987
2023-10-05,MYR,0.289799
2023-10-05,ZAR,0.070044
2023-10-06,USD,1.366657
2023-10-06,EUR,1.443600
2023-10-06,GBP,1.668709
2023-10-06,JPY,0.009167
2023-10-06,CHF,1.499221
2023-10-06,CNY,0.187087
2023-10-06,HKD,0.174500
2023-10-06,MYR,0.289944
2023-10-06,ZAR,0.070442
2023-10-09,USD,1.369196
2023-10-09,EUR,1.441900
2023-10-09,GBP,1.666551
2023-10-09,JPY,0.009181
2023-10-09,CHF,1.504958
2023-10-09,CNY,0.187787
2023-10-09,HKD,0.174865
2023-10-09,MYR,0.289346
2023-10-09,ZAR,0.070647
2023-10-10,USD,1.366471
2023-10-10,EUR,1.446000
2023-10-10,GBP,1.673805
2023-10-10,JPY,0.009169
2023-10-10,CHF,1.507978
2023-10-10,CNY,0.187214
2023-10-10,HKD,0.174756
2023-10-10,MYR,0.288894
2023-10-10,ZAR,0.071310
2023-10-11,USD,1.362788
2023-10-11,EUR,1.445100
2023-10-11,GBP,1.675187
2023-10-11,JPY,0.009154
2023-10-11,CHF,1.509085
2023-10-11,CNY,0.186626
2023-10-11,HKD,0.174283
2023-10-11,MYR,0.288818
2023-10-11,ZAR,0.072126
2023-10-12,USD,1.362652
2023-10-12,EUR,1.447000
2023-10-12,GBP,1.677487
2023-10-12,JPY,0.009138
2023-10-12,CHF,1.512649
2023-10-12,CNY,0.186676
2023-10-12,HKD,0.174220
2023-10-12,MYR,0.289157
2023-10-12,ZAR,0.072319
2023-10-13,USD,1.368776
2023-10-13,EUR,1.440500
2023-10-13,GBP,1.666956
2023-10-13,JPY,0.009150
2023-10-13,CHF,1.509009
2023-10-13,CNY,0.187316
2023-10-13,HKD,0.174918
2023-10-13,MYR,0.289472
2023-10-13,ZAR,0.072164
2023-10-16,USD,1.369045
2023-10-16,EUR,1.442700
2023-10-16,GBP,1.666994
2023-10-16,JPY,0.009158
2023-10-16,CHF,1.517833
2023-10-16,CNY,0.187223
2023-10-16,HKD,0.175123
2023-10-16,MYR,0.289072
2023-10-16,ZAR,0.072838
2023-10-17,USD,1.369193
2023-10-17,EUR,1.447100
2023-10-17,GBP,1.666782
2023-10-17,JPY,0.009157
2023-10-17,CHF,1.520542
2023-10-17,CNY,0.187235
2023-10-17,HKD,0.175022
2023-10-17,MYR,0.289102
2023-10-17,ZAR,0.072668
2023-10-18,USD,1.369333
2023-10-18,EUR,1.446700
2023-10-18,GBP,1.670361
2023-10-18,JPY,0.009151
2023-10-18,CHF,1.524126
2023-10-18,CNY,0.187207
2023-10-18,HKD,0.174961
2023-10-18,MYR,0.288613
2023-10-18,ZAR,0.072729
2023-10-19,USD,1.373271
2023-10-19,EUR,1.449900
2023-10-19,GBP,1.664677
2023-10-19,JPY,0.009164
2023-10-19,CHF,1.531045
2023-10-19,CNY,0.187731
2023-10-19,HKD,0.175482
2023-10-19,MYR,0.288142
2023-10-19,ZAR,0.071780
2023-10-20,USD,1.371542
2023-10-20,EUR,1.452600
2023-10-20,GBP,1.665577
2023-10-20,JPY,0.009147
2023-10-20,CHF,1.538445
2023-10-20,CNY,0.187459
2023-10-20,HKD,0.175327
2023-10-20,MYR,0.287683
2023-10-20,ZAR,0.071962
2023-10-23,USD,1.372181
2023-10-23,EUR,1.454100
2023-10-23,GBP,1.668445
2023-10-23,JPY,0.009150
2023-10-23,CHF,1.536941
2023-10-23,CNY,0.187556
2023-10-23,HKD,0.175341
2023-10-23,MYR,0.286173
2023-10-23,ZAR,0.071987
2023-10-24,USD,1.366817
2023-10-24,EUR,1.453200
2023-10-24,GBP,1.669865
2023-10-24,JPY,0.009125
2023-10-24,CHF,1.529523
2023-10-24,CNY,0.186979
2023-10-24,HKD,0.174729
2023-10-24,MYR,0.285647
2023-10-24,ZAR,0.071528
2023-10-25,USD,1.369516
2023-10-25,EUR,1.448400
2023-10-25,GBP,1.660248
2023-10-25,JPY,0.009135
2023-10-25,CHF,1.528816
2023-10-25,CNY,0.187178
2023-10-25,HKD,0.175080
2023-10-25,MYR,0.286511
2023-10-25,ZAR,0.071554
2023-10-26,USD,1.371347
2023-10-26,EUR,1.445400
2023-10-26,GBP,1.658139
2023-10-26,JPY,0.009120
2023-10-26,CHF,1.526939
2023-10-26,CNY,0.187369
2023-10-26,HKD,0.175345
2023-10-26,MYR,0.286519
2023-10-26,ZAR,0.071864
2023-10-27,USD,1.371312
2023-10-27,EUR,1.445500
2023-10-27,GBP,1.661055
2023-10-27,JPY,0.009144
2023-10-27,CHF,1.521259
2023-10-27,CNY,0.187379
2023-10-27,HKD,0.175369
2023-10-27,MYR,0.286976
2023-10-27,ZAR,0.072508
2023-10-30,USD,1.365677
2023-10-30,EUR,1.448300
2023-10-30,GBP,1.658137
2023-10-30,JPY,0.009120
2023-10-30,CHF,1.514325
2023-10-30,CNY,0.186649
2023-10-30,HKD,0.174622
2023-10-30,MYR,0.286758
2023-10-30,ZAR,0.072804
2023-10-31,USD,1.367831
2023-10-31,EUR,1.452500
2023-10-31,GBP,1.662546
2023-10-31,JPY,0.009061
2023-10-31,CHF,1.511918
2023-10-31,CNY,0.186971
2023-10-31,HKD,0.174834
2023-10-31,MYR,0.287089
2023-10-31,ZAR,0.072804
2023-11-01,USD,1.370694
2023-11-01,EUR,1.444300
2023-11-01,GBP,1.661165
2023-11-01,JPY,0.009065
2023-11-01,CHF,1.508880
2023-11-01,CNY,0.187280
2023-11-01,HKD,0.175203
2023-11-01,MYR,0.287297
2023-11-01,ZAR,0.073558
2023-11-02,USD,1.362161
2023-11-02,EUR,1.452200
2023-11-02,GBP,1.663364
2023-11-02,JPY,0.009082
2023-11-02,CHF,1.509250
2023-11-02,CNY,0.186158
2023-11-02,HKD,0.174075
2023-11-02,MYR,0.286679
2023-11-02,ZAR,0.074207
2023-11-03,USD,1.356382
2023-11-03,EUR,1.451600
2023-11-03,GBP,1.668832
2023-11-03,JPY,0.009080
2023-11-03,CHF,1.508156
2023-11-03,CNY,0.185643
2023-11-03,HKD,0.173336
2023-11-03,MYR,0.286792
2023-11-03,ZAR,0.073956
2023-11-06,USD,1.350061
2023-11-06,EUR,1.450100
2023-11-06,GBP,1.673707
2023-11-06,JPY,0.009014
2023-11-06,CHF,1.503317
2023-11-06,CNY,0.185686
2023-11-06,HKD,0.172590
2023-11-06,MYR,0.291179
2023-11-06,ZAR,0.073928
2023-11-07,USD,1.355325
2023-11-07,EUR,1.448300
2023-11-07,GBP,1.667492
2023-11-07,JPY,0.009009
2023-11-07,CHF,1.504571
2023-11-07,CNY,0.186064
2023-11-07,HKD,0.173329
2023-11-07,MYR,0.290124
2023-11-07,ZAR,0.073699
2023-11-08,USD,1.357042
2023-11-08,EUR,1.448100
2023-11-08,GBP,1.664196
2023-11-08,JPY,0.008996
2023-11-08,CHF,1.508595
2023-11-08,CNY,0.186373
2023-11-08,HKD,0.173616
2023-11-08,MYR,0.289747
2023-11-08,ZAR,0.073400
2023-11-09,USD,1.358432
2023-11-09,EUR,1.452300
2023-11-09,GBP,1.665386
2023-11-09,JPY,0.008989
2023-11-09,CHF,1.507004
2023-11-09,CNY,0.186465
2023-11-09,HKD,0.173918
2023-11-09,MYR,0.289487
2023-11-09,ZAR,0.073007
2023-11-10,USD,1.359637
2023-11-10,EUR,1.452500
2023-11-10,GBP,1.661234
2023-11-10,JPY,0.008979
2023-11-10,CHF,1.507368
2023-11-10,CNY,0.186519
2023-11-10,HKD,0.174092
2023-11-10,MYR,0.288790
2023-11-10,ZAR,0.072518
2023-11-13,USD,1.360825
2023-11-13,EUR,1.452000
2023-11-13,GBP,1.665997
2023-11-13,JPY,0.008965
2023-11-13,CHF,1.503728
2023-11-13,CNY,0.186647
2023-11-13,HKD,0.174291
2023-11-13,MYR,0.289047
2023-11-13,ZAR,0.072591
2023-11-14,USD,1.360686
2023-11-14,EUR,1.459200
2023-11-14,GBP,1.672819
2023-11-14,JPY,0.008970
2023-11-14,CHF,1.509309
2023-11-14,CNY,0.186668
2023-11-14,HKD,0.174225
2023-11-14,MYR,0.288402
2023-11-14,ZAR,0.072708
2023-11-15,USD,1.347534
2023-11-15,EUR,1.464500
2023-11-15,GBP,1.679704
2023-11-15,JPY,0.008963
2023-11-15,CHF,1.519191
2023-11-15,CNY,0.186082
2023-11-15,HKD,0.172595
2023-11-15,MYR,0.288395
2023-11-15,ZAR,0.074292
2023-11-16,USD,1.348880
2023-11-16,EUR,1.463400
2023-11-16,GBP,1.672075
2023-11-16,JPY,0.008920
2023-11-16,CHF,1.516320
2023-11-16,CNY,0.186053
2023-11-16,HKD,0.172897
2023-11-16,MYR,0.287697
2023-11-16,ZAR,0.073642
2023-11-17,USD,1.343819
2023-11-17,EUR,1.461000
2023-11-17,GBP,1.671720
2023-11-17,JPY,0.009002
2023-11-17,CHF,1.515089
2023-11-17,CNY,0.186319
2023-11-17,HKD,0.172318
2023-11-17,MYR,0.287141
2023-11-17,ZAR,0.073323
2023-11-20,USD,1.339769
2023-11-20,EUR,1.464100
2023-11-20,GBP,1.670775
2023-11-20,JPY,0.009031
2023-11-20,CHF,1.514847
2023-11-20,CNY,0.186800
2023-11-20,HKD,0.171913
2023-11-20,MYR,0.287045
2023-11-20,ZAR,0.072680
2023-11-21,USD,1.336194
2023-11-21,EUR,1.463800
2023-11-21,GBP,1.676248
2023-11-21,JPY,0.009058
2023-11-21,CHF,1.513284
2023-11-21,CNY,0.187239
2023-11-21,HKD,0.171387
2023-11-21,MYR,0.287166
2023-11-21,ZAR,0.072680
2023-11-22,USD,1.340115
2023-11-22,EUR,1.462200
2023-11-22,GBP,1.680110
2023-11-22,JPY,0.009012
2023-11-22,CHF,1.516805
2023-11-22,CNY,0.187425
2023-11-22,HKD,0.171900
2023-11-22,MYR,0.286470
2023-11-22,ZAR,0.072027
2023-11-23,USD,1.341101
2023-11-23,EUR,1.461800
2023-11-23,GBP,1.681389
2023-11-23,JPY,0.008969
2023-11-23,CHF,1.515761
2023-11-23,CNY,0.187767
2023-11-23,HKD,0.171976
2023-11-23,MYR,0.286622
2023-11-23,ZAR,0.071229
2023-11-24,USD,1.341151
2023-11-24,EUR,1.464000
2023-11-24,GBP,1.686286
2023-11-24,JPY,0.008965
2023-11-24,CHF,1.518672
2023-11-24,CNY,0.187476
2023-11-24,HKD,0.172061
2023-11-24,MYR,0.286295
2023-11-24,ZAR,0.070960
2023-11-27,USD,1.336956
2023-11-27,EUR,1.464100
2023-11-27,GBP,1.689262
2023-11-27,JPY,0.008990
2023-11-27,CHF,1.518776
2023-11-27,CNY,0.186912
2023-11-27,HKD,0.171621
2023-11-27,MYR,0.285611
2023-11-27,ZAR,0.071739
2023-11-28,USD,1.336195
2023-11-28,EUR,1.463000
2023-11-28,GBP,1.685096
2023-11-28,JPY,0.008990
2023-11-28,CHF,1.516848
2023-11-28,CNY,0.186791
2023-11-28,HKD,0.171376
2023-11-28,MYR,0.286033
2023-11-28,ZAR,0.071424
2023-11-29,USD,1.331725
2023-11-29,EUR,1.462900
2023-11-29,GBP,1.690725
2023-11-29,JPY,0.009024
2023-11-29,CHF,1.519423
2023-11-29,CNY,0.186842
2023-11-29,HKD,0.170678
2023-11-29,MYR,0.286254
2023-11-29,ZAR,0.071923
2023-11-30,USD,1.335834
2023-11-30,EUR,1.460200
2023-11-30,GBP,1.690672
2023-11-30,JPY,0.009059
2023-11-30,CHF,1.527086
2023-11-30,CNY,0.187186
2023-11-30,HKD,0.171016
2023-11-30,MYR,0.286690
2023-11-30,ZAR,0.070986
2023-12-01,USD,1.338023
2023-12-01,EUR,1.455100
2023-12-01,GBP,1.691092
2023-12-01,JPY,0.009030
2023-12-01,CHF,1.526863
2023-12-01,CNY,0.187308
2023-12-01,HKD,0.171249
2023-12-01,MYR,0.286302
2023-12-01,ZAR,0.071564
2023-12-04,USD,1.335572
2023-12-04,EUR,1.451500
2023-12-04,GBP,1.691922
2023-12-04,JPY,0.009102
2023-12-04,CHF,1.531764
2023-12-04,CNY,0.187097
2023-12-04,HKD,0.170907
2023-12-04,MYR,0.286756
2023-12-04,ZAR,0.071282
2023-12-05,USD,1.339281
2023-12-05,EUR,1.448700
2023-12-05,GBP,1.689978
2023-12-05,JPY,0.009104
2023-12-05,CHF,1.532043
2023-12-05,CNY,0.187488
2023-12-05,HKD,0.171318
2023-12-05,MYR,0.286968
2023-12-05,ZAR,0.070767
2023-12-06,USD,1.340880
2023-12-06,EUR,1.445200
2023-12-06,GBP,1.688121
2023-12-06,JPY,0.009106
2023-12-06,CHF,1.532718
2023-12-06,CNY,0.187328
2023-12-06,HKD,0.171694
2023-12-06,MYR,0.287219
2023-12-06,ZAR,0.070704
2023-12-07,USD,1.340266
2023-12-07,EUR,1.443600
2023-12-07,GBP,1.683499
2023-12-07,JPY,0.009243
2023-12-07,CHF,1.528266
2023-12-07,CNY,0.187339
2023-12-07,HKD,0.171502
2023-12-07,MYR,0.286747
2023-12-07,ZAR,0.071446
2023-12-08,USD,1.338591
2023-12-08,EUR,1.442600
2023-12-08,GBP,1.683510
2023-12-08,JPY,0.009275
2023-12-08,CHF,1.528502
2023-12-08,CNY,0.186916
2023-12-08,HKD,0.171351
2023-12-08,MYR,0.286976
2023-12-08,ZAR,0.070835
2023-12-11,USD,1.343683
2023-12-11,EUR,1.445400
2023-12-11,GBP,1.688946
2023-12-11,JPY,0.009175
2023-12-11,CHF,1.525005
2023-12-11,CNY,0.187213
2023-12-11,HKD,0.172131
2023-12-11,MYR,0.286957
2023-12-11,ZAR,0.070356
2023-12-12,USD,1.340152
2023-12-12,EUR,1.447900
2023-12-12,GBP,1.685015
2023-12-12,JPY,0.009232
2023-12-12,CHF,1.533305
2023-12-12,CNY,0.186954
2023-12-12,HKD,0.171599
2023-12-12,MYR,0.286084
2023-12-12,ZAR,0.070872
2023-12-13,USD,1.343284
2023-12-13,EUR,1.449000
2023-12-13,GBP,1.682536
2023-12-13,JPY,0.009222
2023-12-13,CHF,1.533009
2023-12-13,CNY,0.187146
2023-12-13,HKD,0.171911
2023-12-13,MYR,0.285438
2023-12-13,ZAR,0.070384
2023-12-14,USD,1.330433
2023-12-14,EUR,1.452700
2023-12-14,GBP,1.690070
2023-12-14,JPY,0.009384
2023-12-14,CHF,1.530769
2023-12-14,CNY,0.186564
2023-12-14,HKD,0.170403
2023-12-14,MYR,0.284737
2023-12-14,ZAR,0.071670
2023-12-15,USD,1.330166
2023-12-15,EUR,1.456000
2023-12-15,GBP,1.696317
2023-12-15,JPY,0.009384
2023-12-15,CHF,1.534570
2023-12-15,CNY,0.187118
2023-12-15,HKD,0.170416
2023-12-15,MYR,0.284803
2023-12-15,ZAR,0.072873
2023-12-18,USD,1.331654
2023-12-18,EUR,1.453900
2023-12-18,GBP,1.685427
2023-12-18,JPY,0.009323
2023-12-18,CHF,1.533650
2023-12-18,CNY,0.186653
2023-12-18,HKD,0.170776
2023-12-18,MYR,0.283693
2023-12-18,ZAR,0.071859
2023-12-19,USD,1.330870
2023-12-19,EUR,1.458900
2023-12-19,GBP,1.694523
2023-12-19,JPY,0.009222
2023-12-19,CHF,1.540549
2023-12-19,CNY,0.186486
2023-12-19,HKD,0.170636
2023-12-19,MYR,0.284281
2023-12-19,ZAR,0.072020
2023-12-20,USD,1.330592
2023-12-20,EUR,1.456200
2023-12-20,GBP,1.682398
2023-12-20,JPY,0.009268
2023-12-20,CHF,1.539323
2023-12-20,CNY,0.186403
2023-12-20,HKD,0.170437
2023-12-20,MYR,0.285658
2023-12-20,ZAR,0.072409
2023-12-21,USD,1.329145
2023-12-21,EUR,1.459800
2023-12-21,GBP,1.681700
2023-12-21,JPY,0.009311
2023-12-21,CHF,1.547710
2023-12-21,CNY,0.186137
2023-12-21,HKD,0.170178
2023-12-21,MYR,0.285502
2023-12-21,ZAR,0.072495
2023-12-22,USD,1.323868
2023-12-22,EUR,1.459300
2023-12-22,GBP,1.683937
2023-12-22,JPY,0.009315
2023-12-22,CHF,1.549644
2023-12-22,CNY,0.185567
2023-12-22,HKD,0.169479
2023-12-22,MYR,0.285807
2023-12-22,ZAR,0.071862
2023-12-27,USD,1.322006
2023-12-27,EUR,1.462800
2023-12-27,GBP,1.684671
2023-12-27,JPY,0.009269
2023-12-27,CHF,1.549905
2023-12-27,CNY,0.184963
2023-12-27,HKD,0.169288
2023-12-27,MYR,0.285592
2023-12-27,ZAR,0.071605
2023-12-28,USD,1.317527
2023-12-28,EUR,1.464300
2023-12-28,GBP,1.681943
2023-12-28,JPY,0.009352
2023-12-28,CHF,1.574178
2023-12-28,CNY,0.185493
2023-12-28,HKD,0.168551
2023-12-28,MYR,0.285923
2023-12-28,ZAR,0.071081
2023-12-29,USD,1.320452
2023-12-29,EUR,1.459100
2023-12-29,GBP,1.678960
2023-12-29,JPY,0.009333
2023-12-29,CHF,1.575702
2023-12-29,CNY,0.185851
2023-12-29,HKD,0.169046
2023-12-29,MYR,0.287366
2023-12-29,ZAR,0.071708
2024-01-02,USD,1.326488
2024-01-02,EUR,1.453300
2024-01-02,GBP,1.677304
2024-01-02,JPY,0.009335
2024-01-02,CHF,1.561848
2024-01-02,CNY,0.185692
2024-01-02,HKD,0.169760
2024-01-02,MYR,0.288210
2024-01-02,ZAR,0.071361
2024-01-03,USD,1.328235
2024-01-03,EUR,1.450300
2024-01-03,GBP,1.677229
2024-01-03,JPY,0.009287
2024-01-03,CHF,1.555782
2024-01-03,CNY,0.185800
2024-01-03,HKD,0.170109
2024-01-03,MYR,0.286813
2024-01-03,ZAR,0.070634
2024-01-04,USD,1.328038
2024-01-04,EUR,1.454600
2024-01-04,GBP,1.685945
2024-01-04,JPY,0.009212
2024-01-04,CHF,1.561903
2024-01-04,CNY,0.185702
2024-01-04,HKD,0.170083
2024-01-04,MYR,0.286553
2024-01-04,ZAR,0.071209
2024-01-05,USD,1.331105
2024-01-05,EUR,1.453700
2024-01-05,GBP,1.686231
2024-01-05,JPY,0.009168
2024-01-05,CHF,1.559764
2024-01-05,CNY,0.186062
2024-01-05,HKD,0.170428
2024-01-05,MYR,0.286015
2024-01-05,ZAR,0.070736
2024-01-08,USD,1.331080
2024-01-08,EUR,1.457000
2024-01-08,GBP,1.691236
2024-01-08,JPY,0.009210
2024-01-08,CHF,1.565320
2024-01-08,CNY,0.185849
2024-01-08,HKD,0.170491
2024-01-08,MYR,0.286191
2024-01-08,ZAR,0.071079
2024-01-09,USD,1.330622
2024-01-09,EUR,1.455700
2024-01-09,GBP,1.693896
2024-01-09,JPY,0.009235
2024-01-09,CHF,1.563084
2024-01-09,CNY,0.185721
2024-01-09,HKD,0.170259
2024-01-09,MYR,0.286555
2024-01-09,ZAR,0.071225
2024-01-10,USD,1.331354
2024-01-10,EUR,1.457300
2024-01-10,GBP,1.694082
2024-01-10,JPY,0.009164
2024-01-10,CHF,1.560947
2024-01-10,CNY,0.185700
2024-01-10,HKD,0.170241
2024-01-10,MYR,0.286836
2024-01-10,ZAR,0.071388
2024-01-11,USD,1.328843
2024-01-11,EUR,1.460000
2024-01-11,GBP,1.694817
2024-01-11,JPY,0.009142
2024-01-11,CHF,1.563504
2024-01-11,CNY,0.185635
2024-01-11,HKD,0.169967
2024-01-11,MYR,0.286017
2024-01-11,ZAR,0.071453
2024-01-12,USD,1.332755
2024-01-12,EUR,1.458300
2024-01-12,GBP,1.696684
2024-01-12,JPY,0.009162
2024-01-12,CHF,1.559679
2024-01-12,CNY,0.185887
2024-01-12,HKD,0.170364
2024-01-12,MYR,0.286768
2024-01-12,ZAR,0.071343
2024-01-15,USD,1.334034
2024-01-15,EUR,1.460100
2024-01-15,GBP,1.696311
2024-01-15,JPY,0.009144
2024-01-15,CHF,1.561437
2024-01-15,CNY,0.185931
2024-01-15,HKD,0.170574
2024-01-15,MYR,0.285689
2024-01-15,ZAR,0.071465
2024-01-16,USD,1.340654
2024-01-16,EUR,1.458900
2024-01-16,GBP,1.694858
2024-01-16,JPY,0.009139
2024-01-16,CHF,1.558487
2024-01-16,CNY,0.186472
2024-01-16,HKD,0.171313
2024-01-16,MYR,0.285734
2024-01-16,ZAR,0.070983
2024-01-17,USD,1.343661
2024-01-17,EUR,1.461500
2024-01-17,GBP,1.703023
2024-01-17,JPY,0.009097
2024-01-17,CHF,1.553795
2024-01-17,CNY,0.186745
2024-01-17,HKD,0.171719
2024-01-17,MYR,0.284826
2024-01-17,ZAR,0.070491
2024-01-18,USD,1.344276
2024-01-18,EUR,1.461900
2024-01-18,GBP,1.704382
2024-01-18,JPY,0.009086
2024-01-18,CHF,1.549936
2024-01-18,CNY,0.186870
2024-01-18,HKD,0.171863
2024-01-18,MYR,0.284926
2024-01-18,ZAR,0.070976
2024-01-19,USD,1.340957
2024-01-19,EUR,1.459900
2024-01-19,GBP,1.701020
2024-01-19,JPY,0.009058
2024-01-19,CHF,1.543398
2024-01-19,CNY,0.186471
2024-01-19,HKD,0.171495
2024-01-19,MYR,0.284254
2024-01-19,ZAR,0.070563
2024-01-22,USD,1.341230
2024-01-22,EUR,1.460600
2024-01-22,GBP,1.706807
2024-01-22,JPY,0.009075
2024-01-22,CHF,1.544301
2024-01-22,CNY,0.186422
2024-01-22,HKD,0.171573
2024-01-22,MYR,0.283766
2024-01-22,ZAR,0.069937
2024-01-23,USD,1.339956
2024-01-23,EUR,1.456800
2024-01-23,GBP,1.703999
2024-01-23,JPY,0.009055
2024-01-23,CHF,1.542240
2024-01-23,CNY,0.186882
2024-01-23,HKD,0.171296
2024-01-23,MYR,0.283468
2024-01-23,ZAR,0.070369
2024-01-24,USD,1.337460
2024-01-24,EUR,1.458500
2024-01-24,GBP,1.704990
2024-01-24,JPY,0.009089
2024-01-24,CHF,1.549124
2024-01-24,CNY,0.186997
2024-01-24,HKD,0.171055
2024-01-24,MYR,0.282671
2024-01-24,ZAR,0.071020
2024-01-25,USD,1.339484
2024-01-25,EUR,1.459100
2024-01-25,GBP,1.705792
2024-01-25,JPY,0.009073
2024-01-25,CHF,1.548938
2024-01-25,CNY,0.186841
2024-01-25,HKD,0.171385
2024-01-25,MYR,0.283101
2024-01-25,ZAR,0.070895
2024-01-26,USD,1.340263
2024-01-26,EUR,1.457000
2024-01-26,GBP,1.706729
2024-01-26,JPY,0.009071
2024-01-26,CHF,1.550660
2024-01-26,CNY,0.186809
2024-01-26,HKD,0.171547
2024-01-26,MYR,0.283502
2024-01-26,ZAR,0.071329
2024-01-29,USD,1.341218
2024-01-29,EUR,1.451600
2024-01-29,GBP,1.702757
2024-01-29,JPY,0.009065
2024-01-29,CHF,1.554342
2024-01-29,CNY,0.186816
2024-01-29,HKD,0.171687
2024-01-29,MYR,0.283316
2024-01-29,ZAR,0.071500
2024-01-30,USD,1.340033
2024-01-30,EUR,1.453400
2024-01-30,GBP,1.697342
2024-01-30,JPY,0.009085
2024-01-30,CHF,1.551949
2024-01-30,CNY,0.186654
2024-01-30,HKD,0.171442
2024-01-30,MYR,0.283458
2024-01-30,ZAR,0.070920
2024-01-31,USD,1.339577
2024-01-31,EUR,1.451700
2024-01-31,GBP,1.699187
2024-01-31,JPY,0.009062
2024-01-31,CHF,1.552953
2024-01-31,CNY,0.186620
2024-01-31,HKD,0.171324
2024-01-31,MYR,0.283209
2024-01-31,ZAR,0.071429
2024-02-01,USD,1.340762
2024-02-01,EUR,1.449900
2024-02-01,GBP,1.698710
2024-02-01,JPY,0.009121
2024-02-01,CHF,1.553021
2024-02-01,CNY,0.186679
2024-02-01,HKD,0.171458
2024-02-01,MYR,0.283460
2024-02-01,ZAR,0.071656
2024-02-02,USD,1.335385
2024-02-02,EUR,1.453300
2024-02-02,GBP,1.704491
2024-02-02,JPY,0.009107
2024-02-02,CHF,1.560172
2024-02-02,CNY,0.186056
2024-02-02,HKD,0.170796
2024-02-02,MYR,0.283118
2024-02-02,ZAR,0.071601
2024-02-05,USD,1.346920
2024-02-05,EUR,1.447400
2024-02-05,GBP,1.690987
2024-02-05,JPY,0.009062
2024-02-05,CHF,1.548518
2024-02-05,CNY,0.187123
2024-02-05,HKD,0.172201
2024-02-05,MYR,0.283532
2024-02-05,ZAR,0.070870
2024-02-06,USD,1.344876
2024-02-06,EUR,1.444800
2024-02-06,GBP,1.690615
2024-02-06,JPY,0.009055
2024-02-06,CHF,1.542601
2024-02-06,CNY,0.187075
2024-02-06,HKD,0.171914
2024-02-06,MYR,0.282210
2024-02-06,ZAR,0.071077
2024-02-07,USD,1.342984
2024-02-07,EUR,1.447200
2024-02-07,GBP,1.696501
2024-02-07,JPY,0.009061
2024-02-07,CHF,1.540722
2024-02-07,CNY,0.186666
2024-02-07,HKD,0.171728
2024-02-07,MYR,0.282078
2024-02-07,ZAR,0.071051
2024-02-08,USD,1.346812
2024-02-08,EUR,1.448900
2024-02-08,GBP,1.697041
2024-02-08,JPY,0.009025
2024-02-08,CHF,1.539909
2024-02-08,CNY,0.187148
2024-02-08,HKD,0.172203
2024-02-08,MYR,0.282382
2024-02-08,ZAR,0.071049
2024-02-09,USD,1.346361
2024-02-09,EUR,1.450300
2024-02-09,GBP,1.697449
2024-02-09,JPY,0.009008
2024-02-09,CHF,1.537638
2024-02-09,CNY,0.187162
2024-02-09,HKD,0.172169
2024-02-09,MYR,0.282550
2024-02-09,ZAR,0.070799
2024-02-12,USD,1.344472
2024-02-12,EUR,1.448400
2024-02-12,GBP,1.696197
2024-02-12,JPY,0.009024
2024-02-12,CHF,1.535949
2024-02-12,CNY,0.186898
2024-02-12,HKD,0.171927
2024-02-12,MYR,0.282097
2024-02-12,ZAR,0.070770
2024-02-13,USD,1.344390
2024-02-13,EUR,1.451000
2024-02-13,GBP,1.705093
2024-02-13,JPY,0.009003
2024-02-13,CHF,1.530429
2024-02-13,CNY,0.186886
2024-02-13,HKD,0.171976
2024-02-13,MYR,0.282082
2024-02-13,ZAR,0.071415
2024-02-14,USD,1.348922
2024-02-14,EUR,1.445100
2024-02-14,GBP,1.694973
2024-02-14,JPY,0.008960
2024-02-14,CHF,1.522280
2024-02-14,CNY,0.187517
2024-02-14,HKD,0.172541
2024-02-14,MYR,0.281855
2024-02-14,ZAR,0.070844
2024-02-15,USD,1.347110
2024-02-15,EUR,1.447200
2024-02-15,GBP,1.689963
2024-02-15,JPY,0.008974
2024-02-15,CHF,1.525938
2024-02-15,CNY,0.187248
2024-02-15,HKD,0.172267
2024-02-15,MYR,0.281759
2024-02-15,ZAR,0.070814
2024-02-16,USD,1.346582
2024-02-16,EUR,1.450000
2024-02-16,GBP,1.693826
2024-02-16,JPY,0.008957
2024-02-16,CHF,1.527763
2024-02-16,CNY,0.187191
2024-02-16,HKD,0.172135
2024-02-16,MYR,0.281685
2024-02-16,ZAR,0.071297
2024-02-19,USD,1.345861
2024-02-19,EUR,1.450300
2024-02-19,GBP,1.697290
2024-02-19,JPY,0.008975
2024-02-19,CHF,1.527918
2024-02-19,CNY,0.186967
2024-02-19,HKD,0.172095
2024-02-19,MYR,0.281148
2024-02-19,ZAR,0.070985
2024-02-20,USD,1.344658
2024-02-20,EUR,1.452500
2024-02-20,GBP,1.695657
2024-02-20,JPY,0.008956
2024-02-20,CHF,1.524774
2024-02-20,CNY,0.186894
2024-02-20,HKD,0.171920
2024-02-20,MYR,0.280281
2024-02-20,ZAR,0.070967
2024-02-21,USD,1.343695
2024-02-21,EUR,1.452400
2024-02-21,GBP,1.696352
2024-02-21,JPY,0.008959
2024-02-21,CHF,1.527234
2024-02-21,CNY,0.186852
2024-02-21,HKD,0.171792
2024-02-21,MYR,0.280289
2024-02-21,ZAR,0.071390
2024-02-22,USD,1.341940
2024-02-22,EUR,1.455200
2024-02-22,GBP,1.699504
2024-02-22,JPY,0.008921
2024-02-22,CHF,1.526167
2024-02-22,CNY,0.186593
2024-02-22,HKD,0.171569
2024-02-22,MYR,0.280948
2024-02-22,ZAR,0.070406
2024-02-23,USD,1.343271
2024-02-23,EUR,1.455300
2024-02-23,GBP,1.705296
2024-02-23,JPY,0.008933
2024-02-23,CHF,1.528355
2024-02-23,CNY,0.186644
2024-02-23,HKD,0.171697
2024-02-23,MYR,0.281168
2024-02-23,ZAR,0.069741
2024-02-26,USD,1.343715
2024-02-26,EUR,1.458200
2024-02-26,GBP,1.705597
2024-02-26,JPY,0.008925
2024-02-26,CHF,1.527551
2024-02-26,CNY,0.186709
2024-02-26,HKD,0.171759
2024-02-26,MYR,0.281289
2024-02-26,ZAR,0.069604
2024-02-27,USD,1.343405
2024-02-27,EUR,1.458400
2024-02-27,GBP,1.703340
2024-02-27,JPY,0.008945
2024-02-27,CHF,1.528080
2024-02-27,CNY,0.186639
2024-02-27,HKD,0.171684
2024-02-27,MYR,0.282111
2024-02-27,ZAR,0.070210
2024-02-28,USD,1.346595
2024-02-28,EUR,1.455400
2024-02-28,GBP,1.701267
2024-02-28,JPY,0.008936
2024-02-28,CHF,1.528782
2024-02-28,CNY,0.187053
2024-02-28,HKD,0.172035
2024-02-28,MYR,0.282246
2024-02-28,ZAR,0.070019
2024-02-29,USD,1.345834
2024-02-29,EUR,1.457000
2024-02-29,GBP,1.701010
2024-02-29,JPY,0.008964
2024-02-29,CHF,1.528215
2024-02-29,CNY,0.187063
2024-02-29,HKD,0.171948
2024-02-29,MYR,0.283601
2024-02-29,ZAR,0.069711
2024-03-01,USD,1.346805
2024-03-01,EUR,1.456300
2024-03-01,GBP,1.701524
2024-03-01,JPY,0.008944
2024-03-01,CHF,1.519829
2024-03-01,CNY,0.187096
2024-03-01,HKD,0.172038
2024-03-01,MYR,0.283780
2024-03-01,ZAR,0.070231
2024-03-04,USD,1.343352
2024-03-04,EUR,1.457000
2024-03-04,GBP,1.702441
2024-03-04,JPY,0.008927
2024-03-04,CHF,1.517076
2024-03-04,CNY,0.186594
2024-03-04,HKD,0.171693
2024-03-04,MYR,0.284398
2024-03-04,ZAR,0.070596
2024-03-05,USD,1.343718
2024-03-05,EUR,1.457800
2024-03-05,GBP,1.704172
2024-03-05,JPY,0.008943
2024-03-05,CHF,1.517119
2024-03-05,CNY,0.186649
2024-03-05,HKD,0.171763
2024-03-05,MYR,0.283784
2024-03-05,ZAR,0.070814
2024-03-06,USD,1.340629
2024-03-06,EUR,1.457800
2024-03-06,GBP,1.705069
2024-03-06,JPY,0.008962
2024-03-06,CHF,1.515542
2024-03-06,CNY,0.186227
2024-03-06,HKD,0.171329
2024-03-06,MYR,0.283310
2024-03-06,ZAR,0.070978
2024-03-07,USD,1.335383
2024-03-07,EUR,1.454900
2024-03-07,GBP,1.702733
2024-03-07,JPY,0.009032
2024-03-07,CHF,1.519160
2024-03-07,CNY,0.185546
2024-03-07,HKD,0.170733
2024-03-07,MYR,0.283794
2024-03-07,ZAR,0.071102
2024-03-08,USD,1.331687
2024-03-08,EUR,1.455800
2024-03-08,GBP,1.709327
2024-03-08,JPY,0.009043
2024-03-08,CHF,1.518356
2024-03-08,CNY,0.185230
2024-03-08,HKD,0.170285
2024-03-08,MYR,0.284247
2024-03-08,ZAR,0.071431
2024-03-11,USD,1.330313
2024-03-11,EUR,1.453500
2024-03-11,GBP,1.705826
2024-03-11,JPY,0.009060
2024-03-11,CHF,1.515009
2024-03-11,CNY,0.185228
2024-03-11,HKD,0.170119
2024-03-11,MYR,0.284014
2024-03-11,ZAR,0.071153
2024-03-12,USD,1.332539
2024-03-12,EUR,1.454600
2024-03-12,GBP,1.702123
2024-03-12,JPY,0.009013
2024-03-12,CHF,1.517105
2024-03-12,CNY,0.185654
2024-03-12,HKD,0.170318
2024-03-12,MYR,0.284881
2024-03-12,ZAR,0.071342
2024-03-13,USD,1.332937
2024-03-13,EUR,1.458100
2024-03-13,GBP,1.706358
2024-03-13,JPY,0.009010
2024-03-13,CHF,1.519012
2024-03-13,CNY,0.185325
2024-03-13,HKD,0.170391
2024-03-13,MYR,0.284330
2024-03-13,ZAR,0.071289
2024-03-14,USD,1.333364
2024-03-14,EUR,1.456700
2024-03-14,GBP,1.705338
2024-03-14,JPY,0.009009
2024-03-14,CHF,1.514871
2024-03-14,CNY,0.185416
2024-03-14,HKD,0.170464
2024-03-14,MYR,0.284540
2024-03-14,ZAR,0.071526
2024-03-15,USD,1.336945
2024-03-15,EUR,1.456200
2024-03-15,GBP,1.704953
2024-03-15,JPY,0.008987
2024-03-15,CHF,1.514824
2024-03-15,CNY,0.185787
2024-03-15,HKD,0.170917
2024-03-15,MYR,0.284186
2024-03-15,ZAR,0.071552
2024-03-18,USD,1.338138
2024-03-18,EUR,1.457500
2024-03-18,GBP,1.704180
2024-03-18,JPY,0.008969
2024-03-18,CHF,1.513499
2024-03-18,CNY,0.185901
2024-03-18,HKD,0.171132
2024-03-18,MYR,0.283593
2024-03-18,ZAR,0.070801
2024-03-19,USD,1.341902
2024-03-19,EUR,1.456500
2024-03-19,GBP,1.704605
2024-03-19,JPY,0.008915
2024-03-19,CHF,1.512461
2024-03-19,CNY,0.186396
2024-03-19,HKD,0.171551
2024-03-19,MYR,0.283520
2024-03-19,ZAR,0.070896
2024-03-20,USD,1.344430
2024-03-20,EUR,1.457900
2024-03-20,GBP,1.706384
2024-03-20,JPY,0.008860
2024-03-20,CHF,1.509526
2024-03-20,CNY,0.186771
2024-03-20,HKD,0.171847
2024-03-20,MYR,0.283754
2024-03-20,ZAR,0.071260
2024-03-21,USD,1.340332
2024-03-21,EUR,1.461900
2024-03-21,GBP,1.706272
2024-03-21,JPY,0.008862
2024-03-21,CHF,1.496928
2024-03-21,CNY,0.186182
2024-03-21,HKD,0.171383
2024-03-21,MYR,0.284284
2024-03-21,ZAR,0.071598
2024-03-22,USD,1.348332
2024-03-22,EUR,1.459300
2024-03-22,GBP,1.700915
2024-03-22,JPY,0.008912
2024-03-22,CHF,1.499949
2024-03-22,CNY,0.186504
2024-03-22,HKD,0.172402
2024-03-22,MYR,0.284608
2024-03-22,ZAR,0.070979
2024-03-25,USD,1.344993
2024-03-25,EUR,1.457300
2024-03-25,GBP,1.700506
2024-03-25,JPY,0.008898
2024-03-25,CHF,1.498663
2024-03-25,CNY,0.186513
2024-03-25,HKD,0.171957
2024-03-25,MYR,0.284657
2024-03-25,ZAR,0.071126
2024-03-26,USD,1.344542
2024-03-26,EUR,1.459500
2024-03-26,GBP,1.700137
2024-03-26,JPY,0.008878
2024-03-26,CHF,1.487768
2024-03-26,CNY,0.186260
2024-03-26,HKD,0.171868
2024-03-26,MYR,0.284858
2024-03-26,ZAR,0.071093
2024-03-27,USD,1.348558
2024-03-27,EUR,1.458600
2024-03-27,GBP,1.700634
2024-03-27,JPY,0.008920
2024-03-27,CHF,1.486699
2024-03-27,CNY,0.186565
2024-03-27,HKD,0.172381
2024-03-27,MYR,0.284927
2024-03-27,ZAR,0.071250
2024-03-28,USD,1.349274
2024-03-28,EUR,1.458700
2024-03-28,GBP,1.705882
2024-03-28,JPY,0.008924
2024-03-28,CHF,1.493651
2024-03-28,CNY,0.186668
2024-03-28,HKD,0.172435
2024-03-28,MYR,0.285081
2024-03-28,ZAR,0.071078
2024-04-02,USD,1.352219
2024-04-02,EUR,1.453500
2024-04-02,GBP,1.699801
2024-04-02,JPY,0.008917
2024-04-02,CHF,1.488479
2024-04-02,CNY,0.186876
2024-04-02,HKD,0.172731
2024-04-02,MYR,0.284409
2024-04-02,ZAR,0.071814
2024-04-03,USD,1.351294
2024-04-03,EUR,1.457100
2024-04-03,GBP,1.699975
2024-04-03,JPY,0.008903
2024-04-03,CHF,1.488051
2024-04-03,CNY,0.186753
2024-04-03,HKD,0.172599
2024-04-03,MYR,0.284185
2024-04-03,ZAR,0.071896
2024-04-04,USD,1.347954
2024-04-04,EUR,1.462800
2024-04-04,GBP,1.705134
2024-04-04,JPY,0.008882
2024-04-04,CHF,1.485679
2024-04-04,CNY,0.186342
2024-04-04,HKD,0.172181
2024-04-04,MYR,0.284409
2024-04-04,ZAR,0.072164
2024-04-05,USD,1.347477
2024-04-05,EUR,1.460800
2024-04-05,GBP,1.703100
2024-04-05,JPY,0.008902
2024-04-05,CHF,1.491678
2024-04-05,CNY,0.186277
2024-04-05,HKD,0.172126
2024-04-05,MYR,0.283860
2024-04-05,ZAR,0.072421
2024-04-08,USD,1.349626
2024-04-08,EUR,1.460700
2024-04-08,GBP,1.702547
2024-04-08,JPY,0.008883
2024-04-08,CHF,1.489446
2024-04-08,CNY,0.186595
2024-04-08,HKD,0.172332
2024-04-08,MYR,0.284045
2024-04-08,ZAR,0.072465
2024-04-09,USD,1.345634
2024-04-09,EUR,1.462300
2024-04-09,GBP,1.707038
2024-04-09,JPY,0.008864
2024-04-09,CHF,1.489256
2024-04-09,CNY,0.186036
2024-04-09,HKD,0.171841
2024-04-09,MYR,0.283441
2024-04-09,ZAR,0.072802
2024-04-10,USD,1.344843
2024-04-10,EUR,1.460500
2024-04-10,GBP,1.707888
2024-04-10,JPY,0.008857
2024-04-10,CHF,1.488787
2024-04-10,CNY,0.185937
2024-04-10,HKD,0.171702
2024-04-10,MYR,0.283273
2024-04-10,ZAR,0.072716
2024-04-11,USD,1.353155
2024-04-11,EUR,1.451800
2024-04-11,GBP,1.697515
2024-04-11,JPY,0.008843
2024-04-11,CHF,1.483396
2024-04-11,CNY,0.186977
2024-04-11,HKD,0.172714
2024-04-11,MYR,0.285024
2024-04-11,ZAR,0.072009
2024-04-12,USD,1.359181
2024-04-12,EUR,1.447800
2024-04-12,GBP,1.694840
2024-04-12,JPY,0.008873
2024-04-12,CHF,1.490119
2024-04-12,CNY,0.187797
2024-04-12,HKD,0.173435
2024-04-12,MYR,0.284944
2024-04-12,ZAR,0.072424
2024-04-15,USD,1.360548
2024-04-15,EUR,1.449800
2024-04-15,GBP,1.697559
2024-04-15,JPY,0.008838
2024-04-15,CHF,1.490797
2024-04-15,CNY,0.187959
2024-04-15,HKD,0.173797
2024-04-15,MYR,0.284693
2024-04-15,ZAR,0.071748
2024-04-16,USD,1.364012
2024-04-16,EUR,1.450900
2024-04-16,GBP,1.698151
2024-04-16,JPY,0.008818
2024-04-16,CHF,1.493925
2024-04-16,CNY,0.188441
2024-04-16,HKD,0.174169
2024-04-16,MYR,0.284641
2024-04-16,ZAR,0.071790
2024-04-17,USD,1.362568
2024-04-17,EUR,1.449500
2024-04-17,GBP,1.697307
2024-04-17,JPY,0.008809
2024-04-17,CHF,1.495409
2024-04-17,CNY,0.188232
2024-04-17,HKD,0.173995
2024-04-17,MYR,0.284372
2024-04-17,ZAR,0.071491
2024-04-18,USD,1.359678
2024-04-18,EUR,1.452000
2024-04-18,GBP,1.695707
2024-04-18,JPY,0.008810
2024-04-18,CHF,1.496290
2024-04-18,CNY,0.187854
2024-04-18,HKD,0.173612
2024-04-18,MYR,0.284243
2024-04-18,ZAR,0.071365
2024-04-19,USD,1.362058
2024-04-19,EUR,1.451000
2024-04-19,GBP,1.694698
2024-04-19,JPY,0.008811
2024-04-19,CHF,1.498967
2024-04-19,CNY,0.188102
2024-04-19,HKD,0.173891
2024-04-19,MYR,0.284739
2024-04-19,ZAR,0.070852
2024-04-22,USD,1.362867
2024-04-22,EUR,1.449000
2024-04-22,GBP,1.678482
2024-04-22,JPY,0.008808
2024-04-22,CHF,1.494893
2024-04-22,CNY,0.188152
2024-04-22,HKD,0.173916
2024-04-22,MYR,0.285236
2024-04-22,ZAR,0.071215
2024-04-23,USD,1.362470
2024-04-23,EUR,1.454300
2024-04-23,GBP,1.690064
2024-04-23,JPY,0.008802
2024-04-23,CHF,1.495578
2024-04-23,CNY,0.188008
2024-04-23,HKD,0.173876
2024-04-23,MYR,0.285034
2024-04-23,ZAR,0.070824
2024-04-24,USD,1.361314
2024-04-24,EUR,1.454700
2024-04-24,GBP,1.692594
2024-04-24,JPY,0.008786
2024-04-24,CHF,1.488336
2024-04-24,CNY,0.187870
2024-04-24,HKD,0.173799
2024-04-24,MYR,0.284911
2024-04-24,ZAR,0.070940
2024-04-25,USD,1.360168
2024-04-25,EUR,1.458100
2024-04-25,GBP,1.701897
2024-04-25,JPY,0.008744
2024-04-25,CHF,1.489073
2024-04-25,CNY,0.187701
2024-04-25,HKD,0.173749
2024-04-25,MYR,0.284702
2024-04-25,ZAR,0.071694
2024-04-26,USD,1.361490
2024-04-26,EUR,1.458700
2024-04-26,GBP,1.703233
2024-04-26,JPY,0.008681
2024-04-26,CHF,1.491666
2024-04-26,CNY,0.187885
2024-04-26,HKD,0.173918
2024-04-26,MYR,0.285577
2024-04-26,ZAR,0.072200
2024-04-29,USD,1.359888
2024-04-29,EUR,1.457800
2024-04-29,GBP,1.705169
2024-04-29,JPY,0.008702
2024-04-29,CHF,1.491203
2024-04-29,CNY,0.187795
2024-04-29,HKD,0.173746
2024-04-29,MYR,0.285239
2024-04-29,ZAR,0.072707
2024-04-30,USD,1.361541
2024-04-30,EUR,1.459300
2024-04-30,GBP,1.707223
2024-04-30,JPY,0.008672
2024-04-30,CHF,1.491060
2024-04-30,CNY,0.188032
2024-04-30,HKD,0.174105
2024-04-30,MYR,0.285410
2024-04-30,ZAR,0.072717
2024-05-02,USD,1.358946
2024-05-02,EUR,1.453800
2024-05-02,GBP,1.699596
2024-05-02,JPY,0.008777
2024-05-02,CHF,1.489702
2024-05-02,CNY,0.187672
2024-05-02,HKD,0.173831
2024-05-02,MYR,0.285821
2024-05-02,ZAR,0.072803
2024-05-03,USD,1.352103
2024-05-03,EUR,1.452700
2024-05-03,GBP,1.697615
2024-05-03,JPY,0.008825
2024-05-03,CHF,1.490866
2024-05-03,CNY,0.186727
2024-05-03,HKD,0.173021
2024-05-03,MYR,0.285251
2024-05-03,ZAR,0.073018
2024-05-06,USD,1.350037
2024-05-06,EUR,1.454800
2024-05-06,GBP,1.698342
2024-05-06,JPY,0.008780
2024-05-06,CHF,1.491491
2024-05-06,CNY,0.187325
2024-05-06,HKD,0.172732
2024-05-06,MYR,0.284881
2024-05-06,ZAR,0.073338
2024-05-07,USD,1.353335
2024-05-07,EUR,1.457000
2024-05-07,GBP,1.698036
2024-05-07,JPY,0.008753
2024-05-07,CHF,1.491300
2024-05-07,CNY,0.187499
2024-05-07,HKD,0.173047
2024-05-07,MYR,0.285636
2024-05-07,ZAR,0.073169
2024-05-08,USD,1.356418
2024-05-08,EUR,1.457200
2024-05-08,GBP,1.692785
2024-05-08,JPY,0.008718
2024-05-08,CHF,1.491505
2024-05-08,CNY,0.187660
2024-05-08,HKD,0.173499
2024-05-08,MYR,0.286012
2024-05-08,ZAR,0.072711
2024-05-09,USD,1.356504
2024-05-09,EUR,1.455800
2024-05-09,GBP,1.692889
2024-05-09,JPY,0.008701
2024-05-09,CHF,1.491598
2024-05-09,CNY,0.187714
2024-05-09,HKD,0.173555
2024-05-09,MYR,0.286135
2024-05-09,ZAR,0.073209
2024-05-10,USD,1.353743
2024-05-10,EUR,1.459200
2024-05-10,GBP,1.695660
2024-05-10,JPY,0.008692
2024-05-10,CHF,1.492177
2024-05-10,CNY,0.187372
2024-05-10,HKD,0.173244
2024-05-10,MYR,0.285658
2024-05-10,ZAR,0.073447
2024-05-13,USD,1.352941
2024-05-13,EUR,1.460500
2024-05-13,GBP,1.697802
2024-05-13,JPY,0.008681
2024-05-13,CHF,1.492743
2024-05-13,CNY,0.187016
2024-05-13,HKD,0.173191
2024-05-13,MYR,0.285913
2024-05-13,ZAR,0.073694
2024-05-14,USD,1.353186
2024-05-14,EUR,1.460900
2024-05-14,GBP,1.699057
2024-05-14,JPY,0.008650
2024-05-14,CHF,1.490562
2024-05-14,CNY,0.187048
2024-05-14,HKD,0.173214
2024-05-14,MYR,0.286721
2024-05-14,ZAR,0.073473
2024-05-15,USD,1.348689
2024-05-15,EUR,1.460900
2024-05-15,GBP,1.701887
2024-05-15,JPY,0.008674
2024-05-15,CHF,1.490714
2024-05-15,CNY,0.186787
2024-05-15,HKD,0.172728
2024-05-15,MYR,0.286530
2024-05-15,ZAR,0.073385
2024-05-16,USD,1.345205
2024-05-16,EUR,1.461700
2024-05-16,GBP,1.702621
2024-05-16,JPY,0.008684
2024-05-16,CHF,1.488190
2024-05-16,CNY,0.186370
2024-05-16,HKD,0.172374
2024-05-16,MYR,0.287256
2024-05-16,ZAR,0.073856
2024-05-17,USD,1.347197
2024-05-17,EUR,1.460900
2024-05-17,GBP,1.704966
2024-05-17,JPY,0.008646
2024-05-17,CHF,1.482395
2024-05-17,CNY,0.186411
2024-05-17,HKD,0.172683
2024-05-17,MYR,0.287403
2024-05-17,ZAR,0.073757
2024-05-20,USD,1.346837
2024-05-20,EUR,1.462800
2024-05-20,GBP,1.709917
2024-05-20,JPY,0.008643
2024-05-20,CHF,1.480567
2024-05-20,CNY,0.186202
2024-05-20,HKD,0.172679
2024-05-20,MYR,0.287477
2024-05-20,ZAR,0.073859
2024-05-21,USD,1.346834
2024-05-21,EUR,1.463200
2024-05-21,GBP,1.712547
2024-05-21,JPY,0.008614
2024-05-21,CHF,1.480372
2024-05-21,CNY,0.186134
2024-05-21,HKD,0.172592
2024-05-21,MYR,0.287020
2024-05-21,ZAR,0.074291
2024-05-22,USD,1.349584
2024-05-22,EUR,1.461600
2024-05-22,GBP,1.716198
2024-05-22,JPY,0.008621
2024-05-22,CHF,1.475618
2024-05-22,CNY,0.186395
2024-05-22,HKD,0.172893
2024-05-22,MYR,0.287603
2024-05-22,ZAR,0.074019
2024-05-23,USD,1.348535
2024-05-23,EUR,1.463700
2024-05-23,GBP,1.718462
2024-05-23,JPY,0.008615
2024-05-23,CHF,1.477440
2024-05-23,CNY,0.186274
2024-05-23,HKD,0.172710
2024-05-23,MYR,0.286646
2024-05-23,ZAR,0.073509
2024-05-24,USD,1.350461
2024-05-24,EUR,1.463900
2024-05-24,GBP,1.717366
2024-05-24,JPY,0.008597
2024-05-24,CHF,1.475111
2024-05-24,CNY,0.186432
2024-05-24,HKD,0.172874
2024-05-24,MYR,0.286629
2024-05-24,ZAR,0.073376
2024-05-27,USD,1.349534
2024-05-27,EUR,1.463300
2024-05-27,GBP,1.720113
2024-05-27,JPY,0.008604
2024-05-27,CHF,1.474803
2024-05-27,CNY,0.186301
2024-05-27,HKD,0.172838
2024-05-27,MYR,0.287316
2024-05-27,ZAR,0.073300
2024-05-28,USD,1.347087
2024-05-28,EUR,1.465900
2024-05-28,GBP,1.722967
2024-05-28,JPY,0.008596
2024-05-28,CHF,1.479512
2024-05-28,CNY,0.185929
2024-05-28,HKD,0.172471
2024-05-28,MYR,0.286998
2024-05-28,ZAR,0.073500
2024-05-29,USD,1.349544
2024-05-29,EUR,1.465200
2024-05-29,GBP,1.721132
2024-05-29,JPY,0.008581
2024-05-29,CHF,1.478954
2024-05-29,CNY,0.186161
2024-05-29,HKD,0.172761
2024-05-29,MYR,0.286923
2024-05-29,ZAR,0.073628
2024-05-30,USD,1.351086
2024-05-30,EUR,1.461200
2024-05-30,GBP,1.716938
2024-05-30,JPY,0.008621
2024-05-30,CHF,1.489804
2024-05-30,CNY,0.186709
2024-05-30,HKD,0.172809
2024-05-30,MYR,0.287219
2024-05-30,ZAR,0.072516
2024-05-31,USD,1.351180
2024-05-31,EUR,1.466300
2024-05-31,GBP,1.717683
2024-05-31,JPY,0.008599
2024-05-31,CHF,1.493481
2024-05-31,CNY,0.186607
2024-05-31,HKD,0.172835
2024-05-31,MYR,0.287060
2024-05-31,ZAR,0.072258
2024-06-03,USD,1.350120
2024-06-03,EUR,1.463800
2024-06-03,GBP,1.718579
2024-06-03,JPY,0.008606
2024-06-03,CHF,1.497953
2024-06-03,CNY,0.186324
2024-06-03,HKD,0.172624
2024-06-03,MYR,0.286834
2024-06-03,ZAR,0.072274
2024-06-04,USD,1.347446
2024-06-04,EUR,1.464000
2024-06-04,GBP,1.719460
2024-06-04,JPY,0.008699
2024-06-04,CHF,1.508812
2024-06-04,CNY,0.186188
2024-06-04,HKD,0.172436
2024-06-04,MYR,0.286570
2024-06-04,ZAR,0.072123
2024-06-05,USD,1.348142
2024-06-05,EUR,1.465700
2024-06-05,GBP,1.723380
2024-06-05,JPY,0.008636
2024-06-05,CHF,1.510408
2024-06-05,CNY,0.186014
2024-06-05,HKD,0.172630
2024-06-05,MYR,0.286959
2024-06-05,ZAR,0.071196
2024-06-06,USD,1.348182
2024-06-06,EUR,1.464800
2024-06-06,GBP,1.721512
2024-06-06,JPY,0.008630
2024-06-06,CHF,1.512130
2024-06-06,CNY,0.186089
2024-06-06,HKD,0.172628
2024-06-06,MYR,0.287216
2024-06-06,ZAR,0.071010
2024-06-07,USD,1.344559
2024-06-07,EUR,1.465300
2024-06-07,GBP,1.721452
2024-06-07,JPY,0.008644
2024-06-07,CHF,1.511242
2024-06-07,CNY,0.185678
2024-06-07,HKD,0.172196
2024-06-07,MYR,0.286622
2024-06-07,ZAR,0.071541
2024-06-10,USD,1.352547
2024-06-10,EUR,1.454800
2024-06-10,GBP,1.720333
2024-06-10,JPY,0.008622
2024-06-10,CHF,1.509598
2024-06-10,CNY,0.186616
2024-06-10,HKD,0.173102
2024-06-10,MYR,0.286496
2024-06-10,ZAR,0.072296
2024-06-11,USD,1.352936
2024-06-11,EUR,1.451700
2024-06-11,GBP,1.724150
2024-06-11,JPY,0.008617
2024-06-11,CHF,1.508730
2024-06-11,CNY,0.186500
2024-06-11,HKD,0.173230
2024-06-11,MYR,0.286671
2024-06-11,ZAR,0.072740
2024-06-12,USD,1.351881
2024-06-12,EUR,1.455300
2024-06-12,GBP,1.725004
2024-06-12,JPY,0.008593
2024-06-12,CHF,1.509491
2024-06-12,CNY,0.186371
2024-06-12,HKD,0.173081
2024-06-12,MYR,0.286567
2024-06-12,ZAR,0.072589
2024-06-13,USD,1.349870
2024-06-13,EUR,1.455700
2024-06-13,GBP,1.723375
2024-06-13,JPY,0.008584
2024-06-13,CHF,1.505689
2024-06-13,CNY,0.186125
2024-06-13,HKD,0.172837
2024-06-13,MYR,0.286747
2024-06-13,ZAR,0.073378
2024-06-14,USD,1.353547
2024-06-14,EUR,1.446400
2024-06-14,GBP,1.717713
2024-06-14,JPY,0.008620
2024-06-14,CHF,1.517097
2024-06-14,CNY,0.186562
2024-06-14,HKD,0.173284
2024-06-14,MYR,0.286796
2024-06-14,ZAR,0.073789
2024-06-17,USD,1.353342
2024-06-17,EUR,1.449700
2024-06-17,GBP,1.714140
2024-06-17,JPY,0.008573
2024-06-17,CHF,1.516264
2024-06-17,CNY,0.186509
2024-06-17,HKD,0.173270
2024-06-17,MYR,0.286757
2024-06-17,ZAR,0.074016
2024-06-18,USD,1.354176
2024-06-18,EUR,1.451000
2024-06-18,GBP,1.716347
2024-06-18,JPY,0.008565
2024-06-18,CHF,1.525442
2024-06-18,CNY,0.186629
2024-06-18,HKD,0.173432
2024-06-18,MYR,0.287264
2024-06-18,ZAR,0.074679
2024-06-19,USD,1.350730
2024-06-19,EUR,1.451900
2024-06-19,GBP,1.719140
2024-06-19,JPY,0.008552
2024-06-19,CHF,1.527351
2024-06-19,CNY,0.186129
2024-06-19,HKD,0.173041
2024-06-19,MYR,0.286993
2024-06-19,ZAR,0.074936
2024-06-20,USD,1.353111
2024-06-20,EUR,1.450400
2024-06-20,GBP,1.716186
2024-06-20,JPY,0.008541
2024-06-20,CHF,1.519380
2024-06-20,CNY,0.186367
2024-06-20,HKD,0.173381
2024-06-20,MYR,0.287253
2024-06-20,ZAR,0.074737
2024-06-21,USD,1.353668
2024-06-21,EUR,1.446800
2024-06-21,GBP,1.711561
2024-06-21,JPY,0.008520
2024-06-21,CHF,1.517039
2024-06-21,CNY,0.186438
2024-06-21,HKD,0.173475
2024-06-21,MYR,0.287217
2024-06-21,ZAR,0.075653
2024-06-24,USD,1.353215
2024-06-24,EUR,1.452000
2024-06-24,GBP,1.713679
2024-06-24,JPY,0.008483
2024-06-24,CHF,1.514709
2024-06-24,CNY,0.186414
2024-06-24,HKD,0.173328
2024-06-24,MYR,0.287218
2024-06-24,ZAR,0.074415
2024-06-25,USD,1.353276
2024-06-25,EUR,1.449900
2024-06-25,GBP,1.716569
2024-06-25,JPY,0.008487
2024-06-25,CHF,1.514256
2024-06-25,CNY,0.186336
2024-06-25,HKD,0.173325
2024-06-25,MYR,0.287656
2024-06-25,ZAR,0.074531
2024-06-26,USD,1.357751
2024-06-26,EUR,1.451300
2024-06-26,GBP,1.718471
2024-06-26,JPY,0.008466
2024-06-26,CHF,1.514137
2024-06-26,CNY,0.186847
2024-06-26,HKD,0.173894
2024-06-26,MYR,0.287842
2024-06-26,ZAR,0.074716
2024-06-27,USD,1.357423
2024-06-27,EUR,1.451900
2024-06-27,GBP,1.716397
2024-06-27,JPY,0.008458
2024-06-27,CHF,1.511766
2024-06-27,CNY,0.186752
2024-06-27,HKD,0.173837
2024-06-27,MYR,0.287619
2024-06-27,ZAR,0.073847
2024-06-28,USD,1.355722
2024-06-28,EUR,1.451300
2024-06-28,GBP,1.714714
2024-06-28,JPY,0.008441
2024-06-28,CHF,1.506436
2024-06-28,CNY,0.186667
2024-06-28,HKD,0.173613
2024-06-28,MYR,0.287380
2024-06-28,ZAR,0.074437
2024-07-01,USD,1.355700
2024-07-01,EUR,1.456700
2024-07-01,GBP,1.718009
2024-07-01,JPY,0.008413
2024-07-01,CHF,1.503458
2024-07-01,CNY,0.186524
2024-07-01,HKD,0.173530
2024-07-01,MYR,0.287652
2024-07-01,ZAR,0.074697
2024-07-02,USD,1.357908
2024-07-02,EUR,1.456900
2024-07-02,GBP,1.718955
2024-07-02,JPY,0.008406
2024-07-02,CHF,1.502423
2024-07-02,CNY,0.186749
2024-07-02,HKD,0.173794
2024-07-02,MYR,0.287754
2024-07-02,ZAR,0.073521
2024-07-03,USD,1.356479
2024-07-03,EUR,1.459300
2024-07-03,GBP,1.723311
2024-07-03,JPY,0.008378
2024-07-03,CHF,1.501646
2024-07-03,CNY,0.186499
2024-07-03,HKD,0.173658
2024-07-03,MYR,0.287360
2024-07-03,ZAR,0.073313
2024-07-04,USD,1.351296
2024-07-04,EUR,1.459400
2024-07-04,GBP,1.723775
2024-07-04,JPY,0.008395
2024-07-04,CHF,1.501904
2024-07-04,CNY,0.185875
2024-07-04,HKD,0.173038
2024-07-04,MYR,0.286928
2024-07-04,ZAR,0.073757
2024-07-05,USD,1.349963
2024-07-05,EUR,1.461200
2024-07-05,GBP,1.726921
2024-07-05,JPY,0.008395
2024-07-05,CHF,1.501747
2024-07-05,CNY,0.185773
2024-07-05,HKD,0.172833
2024-07-05,MYR,0.286678
2024-07-05,ZAR,0.074033
2024-07-08,USD,1.349146
2024-07-08,EUR,1.461800
2024-07-08,GBP,1.731785
2024-07-08,JPY,0.008383
2024-07-08,CHF,1.505303
2024-07-08,CNY,0.185588
2024-07-08,HKD,0.172726
2024-07-08,MYR,0.286504
2024-07-08,ZAR,0.074346
2024-07-09,USD,1.350842
2024-07-09,EUR,1.460800
2024-07-09,GBP,1.728942
2024-07-09,JPY,0.008386
2024-07-09,CHF,1.504119
2024-07-09,CNY,0.185760
2024-07-09,HKD,0.172923
2024-07-09,MYR,0.286955
2024-07-09,ZAR,0.074326
2024-07-10,USD,1.349192
2024-07-10,EUR,1.460500
2024-07-10,GBP,1.728034
2024-07-10,JPY,0.008356
2024-07-10,CHF,1.502108
2024-07-10,CNY,0.185430
2024-07-10,HKD,0.172730
2024-07-10,MYR,0.287031
2024-07-10,ZAR,0.074675
2024-07-11,USD,1.347490
2024-07-11,EUR,1.462700
2024-07-11,GBP,1.735010
2024-07-11,JPY,0.008340
2024-07-11,CHF,1.500359
2024-07-11,CNY,0.185476
2024-07-11,HKD,0.172555
2024-07-11,MYR,0.287463
2024-07-11,ZAR,0.074525
2024-07-12,USD,1.342792
2024-07-12,EUR,1.462300
2024-07-12,GBP,1.740233
2024-07-12,JPY,0.008459
2024-07-12,CHF,1.500256
2024-07-12,CNY,0.185139
2024-07-12,HKD,0.171997
2024-07-12,MYR,0.287566
2024-07-12,ZAR,0.074632
2024-07-15,USD,1.342257
2024-07-15,EUR,1.464000
2024-07-15,GBP,1.741924
2024-07-15,JPY,0.008495
2024-07-15,CHF,1.500769
2024-07-15,CNY,0.184834
2024-07-15,HKD,0.171966
2024-07-15,MYR,0.287329
2024-07-15,ZAR,0.073819
2024-07-16,USD,1.343515
2024-07-16,EUR,1.464700
2024-07-16,GBP,1.742487
2024-07-16,JPY,0.008484
2024-07-16,CHF,1.500563
2024-07-16,CNY,0.184883
2024-07-16,HKD,0.172152
2024-07-16,MYR,0.287320
2024-07-16,ZAR,0.074325
2024-07-17,USD,1.340772
2024-07-17,EUR,1.466000
2024-07-17,GBP,1.747006
2024-07-17,JPY,0.008563
2024-07-17,CHF,1.512432
2024-07-17,CNY,0.184700
2024-07-17,HKD,0.171727
2024-07-17,MYR,0.287502
2024-07-17,ZAR,0.073753
2024-07-18,USD,1.340805
2024-07-18,EUR,1.465500
2024-07-18,GBP,1.741016
2024-07-18,JPY,0.008569
2024-07-18,CHF,1.516139
2024-07-18,CNY,0.184742
2024-07-18,HKD,0.171705
2024-07-18,MYR,0.287263
2024-07-18,ZAR,0.073662
2024-07-19,USD,1.344812
2024-07-19,EUR,1.464500
2024-07-19,GBP,1.737660
2024-07-19,JPY,0.008534
2024-07-19,CHF,1.511664
2024-07-19,CNY,0.184993
2024-07-19,HKD,0.172195
2024-07-19,MYR,0.286892
2024-07-19,ZAR,0.073364
2024-07-22,USD,1.345334
2024-07-22,EUR,1.464800
2024-07-22,GBP,1.739358
2024-07-22,JPY,0.008576
2024-07-22,CHF,1.514631
2024-07-22,CNY,0.184971
2024-07-22,HKD,0.172317
2024-07-22,MYR,0.287435
2024-07-22,ZAR,0.073627
2024-07-23,USD,1.345764
2024-07-23,EUR,1.461500
2024-07-23,GBP,1.738370
2024-07-23,JPY,0.008615
2024-07-23,CHF,1.509658
2024-07-23,CNY,0.184993
2024-07-23,HKD,0.172371
2024-07-23,MYR,0.288048
2024-07-23,ZAR,0.073050
2024-07-24,USD,1.343750
2024-07-24,EUR,1.457700
2024-07-24,GBP,1.735915
2024-07-24,JPY,0.008717
2024-07-24,CHF,1.517015
2024-07-24,CNY,0.184673
2024-07-24,HKD,0.172069
2024-07-24,MYR,0.287589
2024-07-24,ZAR,0.073376
2024-07-25,USD,1.342365
2024-07-25,EUR,1.456600
2024-07-25,GBP,1.728287
2024-07-25,JPY,0.008795
2024-07-25,CHF,1.527795
2024-07-25,CNY,0.185954
2024-07-25,HKD,0.172008
2024-07-25,MYR,0.287877
2024-07-25,ZAR,0.072594
2024-07-26,USD,1.343831
2024-07-26,EUR,1.459400
2024-07-26,GBP,1.729598
2024-07-26,JPY,0.008695
2024-07-26,CHF,1.521159
2024-07-26,CNY,0.185321
2024-07-26,HKD,0.172136
2024-07-26,MYR,0.288533
2024-07-26,ZAR,0.073662
2024-07-29,USD,1.344180
2024-07-29,EUR,1.454000
2024-07-29,GBP,1.723872
2024-07-29,JPY,0.008736
2024-07-29,CHF,1.518062
2024-07-29,CNY,0.185180
2024-07-29,HKD,0.172091
2024-07-29,MYR,0.289757
2024-07-29,ZAR,0.073050
2024-07-30,USD,1.344605
2024-07-30,EUR,1.455400
2024-07-30,GBP,1.727273
2024-07-30,JPY,0.008683
2024-07-30,CHF,1.517306
2024-07-30,CNY,0.185427
2024-07-30,HKD,0.172119
2024-07-30,MYR,0.290882
2024-07-30,ZAR,0.073204
2024-07-31,USD,1.338290
2024-07-31,EUR,1.449100
2024-07-31,GBP,1.717350
2024-07-31,JPY,0.008903
2024-07-31,CHF,1.520088
2024-07-31,CNY,0.185321
2024-07-31,HKD,0.171311
2024-07-31,MYR,0.291282
2024-07-31,ZAR,0.073409
2024-08-01,USD,1.338122
2024-08-01,EUR,1.443700
2024-08-01,GBP,1.712006
2024-08-01,JPY,0.008876
2024-08-01,CHF,1.524982
2024-08-01,CNY,0.184609
2024-08-01,HKD,0.171217
2024-08-01,MYR,0.292869
2024-08-01,ZAR,0.073608
2024-08-02,USD,1.331241
2024-08-02,EUR,1.442400
2024-08-02,GBP,1.696941
2024-08-02,JPY,0.008938
2024-08-02,CHF,1.529100
2024-08-02,CNY,0.184745
2024-08-02,HKD,0.170446
2024-08-02,MYR,0.295998
2024-08-02,ZAR,0.073200
2024-08-05,USD,1.319989
2024-08-05,EUR,1.447500
2024-08-05,GBP,1.685531
2024-08-05,JPY,0.009280
2024-08-05,CHF,1.555782
2024-08-05,CNY,0.185468
2024-08-05,HKD,0.169626
2024-08-05,MYR,0.298300
2024-08-05,ZAR,0.071056
2024-08-06,USD,1.327073
2024-08-06,EUR,1.448500
2024-08-06,GBP,1.684341
2024-08-06,JPY,0.009151
2024-08-06,CHF,1.553351
2024-08-06,CNY,0.185536
2024-08-06,HKD,0.170302
2024-08-06,MYR,0.296617
2024-08-06,ZAR,0.071844
2024-08-07,USD,1.327504
2024-08-07,EUR,1.449900
2024-08-07,GBP,1.689703
2024-08-07,JPY,0.009027
2024-08-07,CHF,1.540971
2024-08-07,CNY,0.184877
2024-08-07,HKD,0.170252
2024-08-07,MYR,0.295229
2024-08-07,ZAR,0.072372
2024-08-08,USD,1.324245
2024-08-08,EUR,1.447400
2024-08-08,GBP,1.681205
2024-08-08,JPY,0.009061
2024-08-08,CHF,1.545047
2024-08-08,CNY,0.184634
2024-08-08,HKD,0.169946
2024-08-08,MYR,0.295919
2024-08-08,ZAR,0.072012
2024-08-09,USD,1.323899
2024-08-09,EUR,1.445300
2024-08-09,GBP,1.686307
2024-08-09,JPY,0.009015
2024-08-09,CHF,1.531849
2024-08-09,CNY,0.184632
2024-08-09,HKD,0.169756
2024-08-09,MYR,0.299358
2024-08-09,ZAR,0.072204
2024-08-12,USD,1.324851
2024-08-12,EUR,1.447400
2024-08-12,GBP,1.691797
2024-08-12,JPY,0.008976
2024-08-12,CHF,1.525024
2024-08-12,CNY,0.184526
2024-08-12,HKD,0.169968
2024-08-12,MYR,0.297317
2024-08-12,ZAR,0.072716
2024-08-13,USD,1.322294
2024-08-13,EUR,1.445400
2024-08-13,GBP,1.691357
2024-08-13,JPY,0.008968
2024-08-13,CHF,1.524684
2024-08-13,CNY,0.184595
2024-08-13,HKD,0.169761
2024-08-13,MYR,0.297114
2024-08-13,ZAR,0.072772
2024-08-14,USD,1.315364
2024-08-14,EUR,1.449400
2024-08-14,GBP,1.689612
2024-08-14,JPY,0.008948
2024-08-14,CHF,1.523279
2024-08-14,CNY,0.184339
2024-08-14,HKD,0.168880
2024-08-14,MYR,0.297594
2024-08-14,ZAR,0.072737
2024-08-15,USD,1.317319
2024-08-15,EUR,1.450500
2024-08-15,GBP,1.694212
2024-08-15,JPY,0.008946
2024-08-15,CHF,1.520281
2024-08-15,CNY,0.184036
2024-08-15,HKD,0.169056
2024-08-15,MYR,0.297027
2024-08-15,ZAR,0.073153
2024-08-16,USD,1.318628
2024-08-16,EUR,1.449700
2024-08-16,GBP,1.702965
2024-08-16,JPY,0.008909
2024-08-16,CHF,1.519602
2024-08-16,CNY,0.184070
2024-08-16,HKD,0.169150
2024-08-16,MYR,0.297557
2024-08-16,ZAR,0.073591
2024-08-19,USD,1.310026
2024-08-19,EUR,1.446400
2024-08-19,GBP,1.696796
2024-08-19,JPY,0.008972
2024-08-19,CHF,1.515666
2024-08-19,CNY,0.183442
2024-08-19,HKD,0.168108
2024-08-19,MYR,0.298991
2024-08-19,ZAR,0.073440
2024-08-20,USD,1.307560
2024-08-20,EUR,1.449300
2024-08-20,GBP,1.701176
2024-08-20,JPY,0.008936
2024-08-20,CHF,1.521255
2024-08-20,CNY,0.183011
2024-08-20,HKD,0.167850
2024-08-20,MYR,0.298702
2024-08-20,ZAR,0.073459
2024-08-21,USD,1.307035
2024-08-21,EUR,1.452900
2024-08-21,GBP,1.703223
2024-08-21,JPY,0.008954
2024-08-21,CHF,1.528886
2024-08-21,CNY,0.183202
2024-08-21,HKD,0.167706
2024-08-21,MYR,0.298410
2024-08-21,ZAR,0.073284
2024-08-22,USD,1.308307
2024-08-22,EUR,1.456800
2024-08-22,GBP,1.715032
2024-08-22,JPY,0.008957
2024-08-22,CHF,1.535090
2024-08-22,CNY,0.183266
2024-08-22,HKD,0.167807
2024-08-22,MYR,0.298837
2024-08-22,ZAR,0.072754
2024-08-23,USD,1.308426
2024-08-23,EUR,1.455100
2024-08-23,GBP,1.717277
2024-08-23,JPY,0.008962
2024-08-23,CHF,1.535564
2024-08-23,CNY,0.183345
2024-08-23,HKD,0.167777
2024-08-23,MYR,0.299071
2024-08-23,ZAR,0.072904
2024-08-26,USD,1.303055
2024-08-26,EUR,1.454600
2024-08-26,GBP,1.718471
2024-08-26,JPY,0.009038
2024-08-26,CHF,1.537632
2024-08-26,CNY,0.182941
2024-08-26,HKD,0.167151
2024-08-26,MYR,0.299726
2024-08-26,ZAR,0.073347
2024-08-27,USD,1.303709
2024-08-27,EUR,1.455200
2024-08-27,GBP,1.723395
2024-08-27,JPY,0.009025
2024-08-27,CHF,1.541525
2024-08-27,CNY,0.182936
2024-08-27,HKD,0.167124
2024-08-27,MYR,0.299874
2024-08-27,ZAR,0.073538
2024-08-28,USD,1.303679
2024-08-28,EUR,1.449300
2024-08-28,GBP,1.722016
2024-08-28,JPY,0.009026
2024-08-28,CHF,1.545920
2024-08-28,CNY,0.182870
2024-08-28,HKD,0.167141
2024-08-28,MYR,0.300180
2024-08-28,ZAR,0.073252
2024-08-29,USD,1.301587
2024-08-29,EUR,1.443200
2024-08-29,GBP,1.714523
2024-08-29,JPY,0.009000
2024-08-29,CHF,1.541222
2024-08-29,CNY,0.183490
2024-08-29,HKD,0.166995
2024-08-29,MYR,0.301925
2024-08-29,ZAR,0.073501
2024-08-30,USD,1.302516
2024-08-30,EUR,1.444100
2024-08-30,GBP,1.716714
2024-08-30,JPY,0.008959
2024-08-30,CHF,1.533666
2024-08-30,CNY,0.183763
2024-08-30,HKD,0.167035
2024-08-30,MYR,0.301476
2024-08-30,ZAR,0.073921
2024-09-02,USD,1.307658
2024-09-02,EUR,1.446400
2024-09-02,GBP,1.717448
2024-09-02,JPY,0.008898
2024-09-02,CHF,1.536272
2024-09-02,CNY,0.183840
2024-09-02,HKD,0.167720
2024-09-02,MYR,0.300264
2024-09-02,ZAR,0.072989
2024-09-03,USD,1.309742
2024-09-03,EUR,1.445300
2024-09-03,GBP,1.718856
2024-09-03,JPY,0.008963
2024-09-03,CHF,1.536082
2024-09-03,CNY,0.183848
2024-09-03,HKD,0.167960
2024-09-03,MYR,0.299886
2024-09-03,ZAR,0.072868
2024-09-04,USD,1.306787
2024-09-04,EUR,1.444000
2024-09-04,GBP,1.713987
2024-09-04,JPY,0.009010
2024-09-04,CHF,1.536824
2024-09-04,CNY,0.183603
2024-09-04,HKD,0.167568
2024-09-04,MYR,0.300202
2024-09-04,ZAR,0.072930
2024-09-05,USD,1.301613
2024-09-05,EUR,1.444400
2024-09-05,GBP,1.713039
2024-09-05,JPY,0.009073
2024-09-05,CHF,1.538232
2024-09-05,CNY,0.183441
2024-09-05,HKD,0.166996
2024-09-05,MYR,0.300066
2024-09-05,ZAR,0.073186
2024-09-06,USD,1.299469
2024-09-06,EUR,1.442800
2024-09-06,GBP,1.711649
2024-09-06,JPY,0.009078
2024-09-06,CHF,1.540630
2024-09-06,CNY,0.183446
2024-09-06,HKD,0.166748
2024-09-06,MYR,0.300071
2024-09-06,ZAR,0.073285
2024-09-09,USD,1.306529
2024-09-09,EUR,1.442800
2024-09-09,GBP,1.710188
2024-09-09,JPY,0.009101
2024-09-09,CHF,1.538823
2024-09-09,CNY,0.183588
2024-09-09,HKD,0.167571
2024-09-09,MYR,0.298877
2024-09-09,ZAR,0.072994
2024-09-10,USD,1.305140
2024-09-10,EUR,1.439700
2024-09-10,GBP,1.708539
2024-09-10,JPY,0.009123
2024-09-10,CHF,1.539951
2024-09-10,CNY,0.183331
2024-09-10,HKD,0.167399
2024-09-10,MYR,0.300551
2024-09-10,ZAR,0.072909
2024-09-11,USD,1.302635
2024-09-11,EUR,1.438500
2024-09-11,GBP,1.704889
2024-09-11,JPY,0.009186
2024-09-11,CHF,1.537187
2024-09-11,CNY,0.183169
2024-09-11,HKD,0.167062
2024-09-11,MYR,0.300841
2024-09-11,ZAR,0.072875
2024-09-12,USD,1.305374
2024-09-12,EUR,1.438000
2024-09-12,GBP,1.702581
2024-09-12,JPY,0.009158
2024-09-12,CHF,1.527512
2024-09-12,CNY,0.183322
2024-09-12,HKD,0.167316
2024-09-12,MYR,0.301177
2024-09-12,ZAR,0.072732
2024-09-13,USD,1.299883
2024-09-13,EUR,1.440400
2024-09-13,GBP,1.705120
2024-09-13,JPY,0.009223
2024-09-13,CHF,1.534463
2024-09-13,CNY,0.183178
2024-09-13,HKD,0.166692
2024-09-13,MYR,0.302192
2024-09-13,ZAR,0.073048
2024-09-16,USD,1.294895
2024-09-16,EUR,1.440700
2024-09-16,GBP,1.709462
2024-09-16,JPY,0.009255
2024-09-16,CHF,1.533638
2024-09-16,CNY,0.182476
2024-09-16,HKD,0.166127
2024-09-16,MYR,0.301036
2024-09-16,ZAR,0.073401
2024-09-17,USD,1.293384
2024-09-17,EUR,1.440700
2024-09-17,GBP,1.709462
2024-09-17,JPY,0.009193
2024-09-17,CHF,1.531845
2024-09-17,CNY,0.182261
2024-09-17,HKD,0.165987
2024-09-17,MYR,0.303682
2024-09-17,ZAR,0.073349
2024-09-18,USD,1.294049
2024-09-18,EUR,1.439500
2024-09-18,GBP,1.709112
2024-09-18,JPY,0.009114
2024-09-18,CHF,1.533340
2024-09-18,CNY,0.182685
2024-09-18,HKD,0.166048
2024-09-18,MYR,0.304914
2024-09-18,ZAR,0.073620
2024-09-19,USD,1.292130
2024-09-19,EUR,1.441500
2024-09-19,GBP,1.717032
2024-09-19,JPY,0.009036
2024-09-19,CHF,1.523784
2024-09-19,CNY,0.182869
2024-09-19,HKD,0.165781
2024-09-19,MYR,0.306918
2024-09-19,ZAR,0.074131
2024-09-20,USD,1.291958
2024-09-20,EUR,1.442600
2024-09-20,GBP,1.719223
2024-09-20,JPY,0.008956
2024-09-20,CHF,1.520767
2024-09-20,CNY,0.183127
2024-09-20,HKD,0.165774
2024-09-20,MYR,0.307243
2024-09-20,ZAR,0.073721
2024-09-23,USD,1.291213
2024-09-23,EUR,1.435700
2024-09-23,GBP,1.719031
2024-09-23,JPY,0.008997
2024-09-23,CHF,1.519581
2024-09-23,CNY,0.183036
2024-09-23,HKD,0.165831
2024-09-23,MYR,0.307213
2024-09-23,ZAR,0.074291
2024-09-24,USD,1.288152
2024-09-24,EUR,1.434100
2024-09-24,GBP,1.723264
2024-09-24,JPY,0.008955
2024-09-24,CHF,1.519335
2024-09-24,CNY,0.183178
2024-09-24,HKD,0.165471
2024-09-24,MYR,0.310102
2024-09-24,ZAR,0.074356
2024-09-25,USD,1.284438
2024-09-25,EUR,1.437800
2024-09-25,GBP,1.718767
2024-09-25,JPY,0.008903
2024-09-25,CHF,1.514271
2024-09-25,CNY,0.182712
2024-09-25,HKD,0.164961
2024-09-25,MYR,0.310929
2024-09-25,ZAR,0.074912
2024-09-26,USD,1.284446
2024-09-26,EUR,1.432800
2024-09-26,GBP,1.717409
2024-09-26,JPY,0.008912
2024-09-26,CHF,1.515870
2024-09-26,CNY,0.183192
2024-09-26,HKD,0.165120
2024-09-26,MYR,0.309882
2024-09-26,ZAR,0.074478
2024-09-27,USD,1.282040
2024-09-27,EUR,1.430500
2024-09-27,GBP,1.716504
2024-09-27,JPY,0.008961
2024-09-27,CHF,1.518577
2024-09-27,CNY,0.182858
2024-09-27,HKD,0.164924
2024-09-27,MYR,0.310796
2024-09-27,ZAR,0.074859
2024-09-30,USD,1.280993
2024-09-30,EUR,1.434200
2024-09-30,GBP,1.716721
2024-09-30,JPY,0.008974
2024-09-30,CHF,1.519441
2024-09-30,CNY,0.182675
2024-09-30,HKD,0.164978
2024-09-30,MYR,0.310655
2024-09-30,ZAR,0.074598
2024-10-01,USD,1.287029
2024-10-01,EUR,1.426800
2024-10-01,GBP,1.715048
2024-10-01,JPY,0.008953
2024-10-01,CHF,1.518842
2024-10-01,CNY,0.183377
2024-10-01,HKD,0.165559
2024-10-01,MYR,0.309045
2024-10-01,ZAR,0.074473
2024-10-02,USD,1.288592
2024-10-02,EUR,1.426600
2024-10-02,GBP,1.712852
2024-10-02,JPY,0.008902
2024-10-02,CHF,1.519599
2024-10-02,CNY,0.183599
2024-10-02,HKD,0.165986
2024-10-02,MYR,0.308754
2024-10-02,ZAR,0.074069
2024-10-03,USD,1.296766
2024-10-03,EUR,1.431500
2024-10-03,GBP,1.698948
2024-10-03,JPY,0.008838
2024-10-03,CHF,1.524981
2024-10-03,CNY,0.184765
2024-10-03,HKD,0.166970
2024-10-03,MYR,0.307182
2024-10-03,ZAR,0.074164
2024-10-04,USD,1.297851
2024-10-04,EUR,1.431400
2024-10-04,GBP,1.709440
2024-10-04,JPY,0.008853
2024-10-04,CHF,1.523739
2024-10-04,CNY,0.184919
2024-10-04,HKD,0.167163
2024-10-04,MYR,0.307550
2024-10-04,ZAR,0.074239
2024-10-07,USD,1.302495
2024-10-07,EUR,1.430400
2024-10-07,GBP,1.704521
2024-10-07,JPY,0.008795
2024-10-07,CHF,1.523647
2024-10-07,CNY,0.185581
2024-10-07,HKD,0.167708
2024-10-07,MYR,0.304107
2024-10-07,ZAR,0.074899
2024-10-08,USD,1.302768
2024-10-08,EUR,1.430700
2024-10-08,GBP,1.707728
2024-10-08,JPY,0.008805
2024-10-08,CHF,1.520404
2024-10-08,CNY,0.184728
2024-10-08,HKD,0.167588
2024-10-08,MYR,0.303926
2024-10-08,ZAR,0.074600
2024-10-09,USD,1.304554
2024-10-09,EUR,1.429400
2024-10-09,GBP,1.706950
2024-10-09,JPY,0.008771
2024-10-09,CHF,1.521124
2024-10-09,CNY,0.184594
2024-10-09,HKD,0.167817
2024-10-09,MYR,0.304627
2024-10-09,ZAR,0.073954
2024-10-10,USD,1.308086
2024-10-10,EUR,1.430000
2024-10-10,GBP,1.708768
2024-10-10,JPY,0.008781
2024-10-10,CHF,1.522410
2024-10-10,CNY,0.184812
2024-10-10,HKD,0.168315
2024-10-10,MYR,0.304807
2024-10-10,ZAR,0.074328
2024-10-11,USD,1.305815
2024-10-11,EUR,1.428300
2024-10-11,GBP,1.706350
2024-10-11,JPY,0.008766
2024-10-11,CHF,1.523033
2024-10-11,CNY,0.184817
2024-10-11,HKD,0.168033
2024-10-11,MYR,0.304561
2024-10-11,ZAR,0.074764
2024-10-14,USD,1.308016
2024-10-14,EUR,1.427700
2024-10-14,GBP,1.706448
2024-10-14,JPY,0.008738
2024-10-14,CHF,1.517377
2024-10-14,CNY,0.184620
2024-10-14,HKD,0.168524
2024-10-14,MYR,0.304544
2024-10-14,ZAR,0.074508
2024-10-15,USD,1.308906
2024-10-15,EUR,1.427100
2024-10-15,GBP,1.712075
2024-10-15,JPY,0.008763
2024-10-15,CHF,1.518030
2024-10-15,CNY,0.183966
2024-10-15,HKD,0.168509
2024-10-15,MYR,0.303729
2024-10-15,ZAR,0.074463
2024-10-16,USD,1.308984
2024-10-16,EUR,1.426400
2024-10-16,GBP,1.706118
2024-10-16,JPY,0.008774
2024-10-16,CHF,1.517931
2024-10-16,CNY,0.184025
2024-10-16,HKD,0.168454
2024-10-16,MYR,0.304767
2024-10-16,ZAR,0.074570
2024-10-17,USD,1.312442
2024-10-17,EUR,1.426100
2024-10-17,GBP,1.708825
2024-10-17,JPY,0.008776
2024-10-17,CHF,1.520362
2024-10-17,CNY,0.184286
2024-10-17,HKD,0.168815
2024-10-17,MYR,0.304514
2024-10-17,ZAR,0.074042
2024-10-18,USD,1.312344
2024-10-18,EUR,1.423500
2024-10-18,GBP,1.711658
2024-10-18,JPY,0.008747
2024-10-18,CHF,1.514201
2024-10-18,CNY,0.184714
2024-10-18,HKD,0.168921
2024-10-18,MYR,0.304877
2024-10-18,ZAR,0.074619
2024-10-21,USD,1.312632
2024-10-21,EUR,1.424600
2024-10-21,GBP,1.709896
2024-10-21,JPY,0.008751
2024-10-21,CHF,1.518763
2024-10-21,CNY,0.184538
2024-10-21,HKD,0.168890
2024-10-21,MYR,0.304766
2024-10-21,ZAR,0.074518
2024-10-22,USD,1.315128
2024-10-22,EUR,1.423100
2024-10-22,GBP,1.707583
2024-10-22,JPY,0.008719
2024-10-22,CHF,1.519594
2024-10-22,CNY,0.184693
2024-10-22,HKD,0.169195
2024-10-22,MYR,0.303867
2024-10-22,ZAR,0.074828
2024-10-23,USD,1.322281
2024-10-23,EUR,1.423700
2024-10-23,GBP,1.712248
2024-10-23,JPY,0.008646
2024-10-23,CHF,1.524304
2024-10-23,CNY,0.185477
2024-10-23,HKD,0.170185
2024-10-23,MYR,0.303976
2024-10-23,ZAR,0.074792
2024-10-24,USD,1.319230
2024-10-24,EUR,1.424900
2024-10-24,GBP,1.712414
2024-10-24,JPY,0.008682
2024-10-24,CHF,1.524120
2024-10-24,CNY,0.185418
2024-10-24,HKD,0.169781
2024-10-24,MYR,0.303409
2024-10-24,ZAR,0.074641
2024-10-25,USD,1.320092
2024-10-25,EUR,1.429000
2024-10-25,GBP,1.714293
2024-10-25,JPY,0.008690
2024-10-25,CHF,1.523129
2024-10-25,CNY,0.185288
2024-10-25,HKD,0.169897
2024-10-25,MYR,0.303887
2024-10-25,ZAR,0.074963
2024-10-28,USD,1.322056
2024-10-28,EUR,1.430200
2024-10-28,GBP,1.717133
2024-10-28,JPY,0.008658
2024-10-28,CHF,1.526850
2024-10-28,CNY,0.185502
2024-10-28,HKD,0.170116
2024-10-28,MYR,0.303156
2024-10-28,ZAR,0.074537
2024-10-29,USD,1.326063
2024-10-29,EUR,1.428700
2024-10-29,GBP,1.720911
2024-10-29,JPY,0.008624
2024-10-29,CHF,1.524923
2024-10-29,CNY,0.185799
2024-10-29,HKD,0.170660
2024-10-29,MYR,0.302870
2024-10-29,ZAR,0.074776
2024-10-30,USD,1.324919
2024-10-30,EUR,1.432900
2024-10-30,GBP,1.717591
2024-10-30,JPY,0.008637
2024-10-30,CHF,1.525498
2024-10-30,CNY,0.185960
2024-10-30,HKD,0.170482
2024-10-30,MYR,0.302561
2024-10-30,ZAR,0.074811
2024-10-31,USD,1.321173
2024-10-31,EUR,1.437700
2024-10-31,GBP,1.716595
2024-10-31,JPY,0.008645
2024-10-31,CHF,1.527518
2024-10-31,CNY,0.185663
2024-10-31,HKD,0.169945
2024-10-31,MYR,0.301708
2024-10-31,ZAR,0.074931
2024-11-01,USD,1.322186
2024-11-01,EUR,1.439200
2024-11-01,GBP,1.713374
2024-11-01,JPY,0.008694
2024-11-01,CHF,1.526679
2024-11-01,CNY,0.185936
2024-11-01,HKD,0.169998
2024-11-01,MYR,0.301972
2024-11-01,ZAR,0.075307
2024-11-04,USD,1.316581
2024-11-04,EUR,1.435600
2024-11-04,GBP,1.707767
2024-11-04,JPY,0.008676
2024-11-04,CHF,1.525611
2024-11-04,CNY,0.185567
2024-11-04,HKD,0.169370
2024-11-04,MYR,0.301103
2024-11-04,ZAR,0.075065
2024-11-05,USD,1.316968
2024-11-05,EUR,1.435100
2024-11-05,GBP,1.710081
2024-11-05,JPY,0.008649
2024-11-05,CHF,1.526377
2024-11-05,CNY,0.185401
2024-11-05,HKD,0.169459
2024-11-05,MYR,0.303064
2024-11-05,ZAR,0.075422
2024-11-06,USD,1.335297
2024-11-06,EUR,1.428100
2024-11-06,GBP,1.715992
2024-11-06,JPY,0.008653
2024-11-06,CHF,1.524445
2024-11-06,CNY,0.186001
2024-11-06,HKD,0.171715
2024-11-06,MYR,0.303238
2024-11-06,ZAR,0.075226
2024-11-07,USD,1.322021
2024-11-07,EUR,1.425800
2024-11-07,GBP,1.714011
2024-11-07,JPY,0.008604
2024-11-07,CHF,1.511662
2024-11-07,CNY,0.184787
2024-11-07,HKD,0.170107
2024-11-07,MYR,0.300219
2024-11-07,ZAR,0.076112
2024-11-08,USD,1.322967
2024-11-08,EUR,1.425100
2024-11-08,GBP,1.713108
2024-11-08,JPY,0.008680
2024-11-08,CHF,1.517194
2024-11-08,CNY,0.184520
2024-11-08,HKD,0.170171
2024-11-08,MYR,0.301877
2024-11-08,ZAR,0.075491
2024-11-11,USD,1.332926
2024-11-11,EUR,1.419700
2024-11-11,GBP,1.717102
2024-11-11,JPY,0.008666
2024-11-11,CHF,1.515316
2024-11-11,CNY,0.185052
2024-11-11,HKD,0.171437
2024-11-11,MYR,0.302250
2024-11-11,ZAR,0.074654
2024-11-12,USD,1.337854
2024-11-12,EUR,1.420400
2024-11-12,GBP,1.714734
2024-11-12,JPY,0.008676
2024-11-12,CHF,1.518495
2024-11-12,CNY,0.184994
2024-11-12,HKD,0.171990
2024-11-12,MYR,0.301322
2024-11-12,ZAR,0.074140
2024-11-13,USD,1.337285
2024-11-13,EUR,1.421400
2024-11-13,GBP,1.704051
2024-11-13,JPY,0.008630
2024-11-13,CHF,1.515513
2024-11-13,CNY,0.185498
2024-11-13,HKD,0.171912
2024-11-13,MYR,0.300647
2024-11-13,ZAR,0.074261
2024-11-14,USD,1.345770
2024-11-14,EUR,1.417500
2024-11-14,GBP,1.704586
2024-11-14,JPY,0.008631
2024-11-14,CHF,1.512968
2024-11-14,CNY,0.185860
2024-11-14,HKD,0.172919
2024-11-14,MYR,0.300362
2024-11-14,ZAR,0.073394
2024-11-15,USD,1.340546
2024-11-15,EUR,1.418700
2024-11-15,GBP,1.699958
2024-11-15,JPY,0.008632
2024-11-15,CHF,1.511024
2024-11-15,CNY,0.185470
2024-11-15,HKD,0.172204
2024-11-15,MYR,0.299867
2024-11-15,ZAR,0.073755
2024-11-18,USD,1.344390
2024-11-18,EUR,1.418600
2024-11-18,GBP,1.697702
2024-11-18,JPY,0.008664
2024-11-18,CHF,1.514951
2024-11-18,CNY,0.185579
2024-11-18,HKD,0.172705
2024-11-18,MYR,0.300055
2024-11-18,ZAR,0.074363
2024-11-19,USD,1.338911
2024-11-19,EUR,1.416300
2024-11-19,GBP,1.693369
2024-11-19,JPY,0.008704
2024-11-19,CHF,1.518169
2024-11-19,CNY,0.184949
2024-11-19,HKD,0.172017
2024-11-19,MYR,0.299334
2024-11-19,ZAR,0.074163
2024-11-20,USD,1.341886
2024-11-20,EUR,1.417300
2024-11-20,GBP,1.699808
2024-11-20,JPY,0.008620
2024-11-20,CHF,1.517127
2024-11-20,CNY,0.185200
2024-11-20,HKD,0.172404
2024-11-20,MYR,0.300097
2024-11-20,ZAR,0.074101
2024-11-21,USD,1.343720
2024-11-21,EUR,1.414400
2024-11-21,GBP,1.698510
2024-11-21,JPY,0.008702
2024-11-21,CHF,1.521842
2024-11-21,CNY,0.185607
2024-11-21,HKD,0.172654
2024-11-21,MYR,0.300943
2024-11-21,ZAR,0.074331
2024-11-22,USD,1.347868
2024-11-22,EUR,1.403400
2024-11-22,GBP,1.686677
2024-11-22,JPY,0.008725
2024-11-22,CHF,1.513589
2024-11-22,CNY,0.185984
2024-11-22,HKD,0.173148
2024-11-22,MYR,0.301703
2024-11-22,ZAR,0.074672
2024-11-25,USD,1.346165
2024-11-25,EUR,1.412800
2024-11-25,GBP,1.692686
2024-11-25,JPY,0.008740
2024-11-25,CHF,1.515230
2024-11-25,CNY,0.185851
2024-11-25,HKD,0.173012
2024-11-25,MYR,0.302371
2024-11-25,ZAR,0.074518
2024-11-26,USD,1.345086
2024-11-26,EUR,1.415300
2024-11-26,GBP,1.695376
2024-11-26,JPY,0.008784
2024-11-26,CHF,1.519540
2024-11-26,CNY,0.185577
2024-11-26,HKD,0.172872
2024-11-26,MYR,0.301757
2024-11-26,ZAR,0.074360
2024-11-27,USD,1.343367
2024-11-27,EUR,1.414700
2024-11-27,GBP,1.696283
2024-11-27,JPY,0.008861
2024-11-27,CHF,1.519712
2024-11-27,CNY,0.185299
2024-11-27,HKD,0.172632
2024-11-27,MYR,0.302390
2024-11-27,ZAR,0.074033
2024-11-28,USD,1.343673
2024-11-28,EUR,1.416500
2024-11-28,GBP,1.701910
2024-11-28,JPY,0.008859
2024-11-28,CHF,1.520829
2024-11-28,CNY,0.185398
2024-11-28,HKD,0.172647
2024-11-28,MYR,0.302154
2024-11-28,ZAR,0.074023
2024-11-29,USD,1.340560
2024-11-29,EUR,1.415900
2024-11-29,GBP,1.701701
2024-11-29,JPY,0.008925
2024-11-29,CHF,1.521001
2024-11-29,CNY,0.185124
2024-11-29,HKD,0.172228
2024-11-29,MYR,0.301589
2024-11-29,ZAR,0.074218
2024-12-02,USD,1.345579
2024-12-02,EUR,1.413800
2024-12-02,GBP,1.705469
2024-12-02,JPY,0.008963
2024-12-02,CHF,1.517604
2024-12-02,CNY,0.185002
2024-12-02,HKD,0.172936
2024-12-02,MYR,0.301765
2024-12-02,ZAR,0.074006
2024-12-03,USD,1.345129
2024-12-03,EUR,1.414000
2024-12-03,GBP,1.701094
2024-12-03,JPY,0.008989
2024-12-03,CHF,1.518960
2024-12-03,CNY,0.184622
2024-12-03,HKD,0.172823
2024-12-03,MYR,0.300921
2024-12-03,ZAR,0.074302
2024-12-04,USD,1.347217
2024-12-04,EUR,1.413500
2024-12-04,GBP,1.706507
2024-12-04,JPY,0.008913
2024-12-04,CHF,1.519076
2024-12-04,CNY,0.185292
2024-12-04,HKD,0.173075
2024-12-04,MYR,0.302573
2024-12-04,ZAR,0.074130
2024-12-05,USD,1.340892
2024-12-05,EUR,1.413300
2024-12-05,GBP,1.706884
2024-12-05,JPY,0.008916
2024-12-05,CHF,1.518861
2024-12-05,CNY,0.184559
2024-12-05,HKD,0.172297
2024-12-05,MYR,0.302854
2024-12-05,ZAR,0.074217
2024-12-06,USD,1.339571
2024-12-06,EUR,1.417400
2024-12-06,GBP,1.710699
2024-12-06,JPY,0.008900
2024-12-06,CHF,1.526713
2024-12-06,CNY,0.184432
2024-12-06,HKD,0.172194
2024-12-06,MYR,0.303103
2024-12-06,ZAR,0.074180
2024-12-09,USD,1.339610
2024-12-09,EUR,1.415700
2024-12-09,GBP,1.709679
2024-12-09,JPY,0.008881
2024-12-09,CHF,1.523077
2024-12-09,CNY,0.184408
2024-12-09,HKD,0.172302
2024-12-09,MYR,0.302739
2024-12-09,ZAR,0.075177
2024-12-10,USD,1.341123
2024-12-10,EUR,1.411800
2024-12-10,GBP,1.710133
2024-12-10,JPY,0.008838
2024-12-10,CHF,1.523470
2024-12-10,CNY,0.184902
2024-12-10,HKD,0.172469
2024-12-10,MYR,0.302870
2024-12-10,ZAR,0.075014
2024-12-11,USD,1.343295
2024-12-11,EUR,1.411400
2024-12-11,GBP,1.711659
2024-12-11,JPY,0.008802
2024-12-11,CHF,1.520905
2024-12-11,CNY,0.184937
2024-12-11,HKD,0.172803
2024-12-11,MYR,0.303019
2024-12-11,ZAR,0.075559
2024-12-12,USD,1.344772
2024-12-12,EUR,1.410800
2024-12-12,GBP,1.711554
2024-12-12,JPY,0.008840
2024-12-12,CHF,1.513896
2024-12-12,CNY,0.184970
2024-12-12,HKD,0.172945
2024-12-12,MYR,0.303078
2024-12-12,ZAR,0.076002
2024-12-13,USD,1.347214
2024-12-13,EUR,1.417000
2024-12-13,GBP,1.706345
2024-12-13,JPY,0.008777
2024-12-13,CHF,1.509856
2024-12-13,CNY,0.185205
2024-12-13,HKD,0.173276
2024-12-13,MYR,0.302745
2024-12-13,ZAR,0.075320
2024-12-16,USD,1.350067
2024-12-16,EUR,1.417300
2024-12-16,GBP,1.708723
2024-12-16,JPY,0.008763
2024-12-16,CHF,1.512271
2024-12-16,CNY,0.185358
2024-12-16,HKD,0.173636
2024-12-16,MYR,0.303218
2024-12-16,ZAR,0.075512
2024-12-17,USD,1.350957
2024-12-17,EUR,1.418100
2024-12-17,GBP,1.715831
2024-12-17,JPY,0.008774
2024-12-17,CHF,1.506534
2024-12-17,CNY,0.185460
2024-12-17,HKD,0.173849
2024-12-17,MYR,0.302463
2024-12-17,ZAR,0.074521
2024-12-18,USD,1.350705
2024-12-18,EUR,1.417700
2024-12-18,GBP,1.718008
2024-12-18,JPY,0.008777
2024-12-18,CHF,1.511085
2024-12-18,CNY,0.185410
2024-12-18,HKD,0.173817
2024-12-18,MYR,0.302172
2024-12-18,ZAR,0.074772
2024-12-19,USD,1.359404
2024-12-19,EUR,1.413100
2024-12-19,GBP,1.713991
2024-12-19,JPY,0.008666
2024-12-19,CHF,1.516364
2024-12-19,CNY,0.186282
2024-12-19,HKD,0.174921
2024-12-19,MYR,0.301719
2024-12-19,ZAR,0.074237
2024-12-20,USD,1.357074
2024-12-20,EUR,1.410000
2024-12-20,GBP,1.699512
2024-12-20,JPY,0.008656
2024-12-20,CHF,1.516618
2024-12-20,CNY,0.185940
2024-12-20,HKD,0.174602
2024-12-20,MYR,0.301038
2024-12-20,ZAR,0.073782
2024-12-23,USD,1.356971
2024-12-23,EUR,1.410300
2024-12-23,GBP,1.699259
2024-12-23,JPY,0.008633
2024-12-23,CHF,1.510604
2024-12-23,CNY,0.185906
2024-12-23,HKD,0.174635
2024-12-23,MYR,0.302218
2024-12-23,ZAR,0.073437
2024-12-24,USD,1.359211
2024-12-24,EUR,1.412900
2024-12-24,GBP,1.706298
2024-12-24,JPY,0.008655
2024-12-24,CHF,1.509831
2024-12-24,CNY,0.186293
2024-12-24,HKD,0.174987
2024-12-24,MYR,0.302924
2024-12-24,ZAR,0.073096
2024-12-27,USD,1.358313
2024-12-27,EUR,1.417400
2024-12-27,GBP,1.705697
2024-12-27,JPY,0.008609
2024-12-27,CHF,1.508514
2024-12-27,CNY,0.186086
2024-12-27,HKD,0.175009
2024-12-27,MYR,0.303772
2024-12-27,ZAR,0.072591
2024-12-30,USD,1.356377
2024-12-30,EUR,1.416600
2024-12-30,GBP,1.707776
2024-12-30,JPY,0.008608
2024-12-30,CHF,1.501431
2024-12-30,CNY,0.185823
2024-12-30,HKD,0.174749
2024-12-30,MYR,0.303783
2024-12-30,ZAR,0.072390
2024-12-31,USD,1.363365
2024-12-31,EUR,1.416400
2024-12-31,GBP,1.708194
2024-12-31,JPY,0.008686
2024-12-31,CHF,1.504887
2024-12-31,CNY,0.186779
2024-12-31,HKD,0.175545
2024-12-31,MYR,0.304904
2024-12-31,ZAR,0.072196
2025-01-02,USD,1.365275
2025-01-02,EUR,1.409100
2025-01-02,GBP,1.695301
2025-01-02,JPY,0.008696
2025-01-02,CHF,1.503682
2025-01-02,CNY,0.187037
2025-01-02,HKD,0.175565
2025-01-02,MYR,0.304848
2025-01-02,ZAR,0.073117
2025-01-03,USD,1.370327
2025-01-03,EUR,1.411300
2025-01-03,GBP,1.700505
2025-01-03,JPY,0.008724
2025-01-03,CHF,1.507477
2025-01-03,CNY,0.187247
2025-01-03,HKD,0.176144
2025-01-03,MYR,0.304514
2025-01-03,ZAR,0.073141
2025-01-06,USD,1.358910
2025-01-06,EUR,1.416800
2025-01-06,GBP,1.704975
2025-01-06,JPY,0.008679
2025-01-06,CHF,1.507876
2025-01-06,CNY,0.185727
2025-01-06,HKD,0.174838
2025-01-06,MYR,0.301242
2025-01-06,ZAR,0.073514
2025-01-07,USD,1.361493
2025-01-07,EUR,1.415000
2025-01-07,GBP,1.706567
2025-01-07,JPY,0.008635
2025-01-07,CHF,1.501167
2025-01-07,CNY,0.185837
2025-01-07,HKD,0.175072
2025-01-07,MYR,0.303394
2025-01-07,ZAR,0.073234
2025-01-08,USD,1.370406
2025-01-08,EUR,1.409600
2025-01-08,GBP,1.690107
2025-01-08,JPY,0.008651
2025-01-08,CHF,1.502932
2025-01-08,CNY,0.186917
2025-01-08,HKD,0.176160
2025-01-08,MYR,0.304364
2025-01-08,ZAR,0.072526
2025-01-09,USD,1.368462
2025-01-09,EUR,1.410200
2025-01-09,GBP,1.682656
2025-01-09,JPY,0.008675
2025-01-09,CHF,1.500692
2025-01-09,CNY,0.186638
2025-01-09,HKD,0.175860
2025-01-09,MYR,0.303903
2025-01-09,ZAR,0.072491
2025-01-10,USD,1.367624
2025-01-10,EUR,1.409200
2025-01-10,GBP,1.683773
2025-01-10,JPY,0.008653
2025-01-10,CHF,1.496602
2025-01-10,CNY,0.186545
2025-01-10,HKD,0.175658
2025-01-10,MYR,0.304153
2025-01-10,ZAR,0.071837
2025-01-13,USD,1.373799
2025-01-13,EUR,1.401000
2025-01-13,GBP,1.664686
2025-01-13,JPY,0.008744
2025-01-13,CHF,1.499037
2025-01-13,CNY,0.187372
2025-01-13,HKD,0.176422
2025-01-13,MYR,0.304612
2025-01-13,ZAR,0.071759
2025-01-14,USD,1.370034
2025-01-14,EUR,1.403600
2025-01-14,GBP,1.665243
2025-01-14,JPY,0.008684
2025-01-14,CHF,1.493986
2025-01-14,CNY,0.186878
2025-01-14,HKD,0.175976
2025-01-14,MYR,0.304112
2025-01-14,ZAR,0.072297
2025-01-15,USD,1.367864
2025-01-15,EUR,1.408900
2025-01-15,GBP,1.671035
2025-01-15,JPY,0.008710
2025-01-15,CHF,1.499787
2025-01-15,CNY,0.186572
2025-01-15,HKD,0.175671
2025-01-15,MYR,0.304035
2025-01-15,ZAR,0.072504
2025-01-16,USD,1.368867
2025-01-16,EUR,1.406100
2025-01-16,GBP,1.668803
2025-01-16,JPY,0.008763
2025-01-16,CHF,1.499680
2025-01-16,CNY,0.186706
2025-01-16,HKD,0.175747
2025-01-16,MYR,0.304022
2025-01-16,ZAR,0.072461
2025-01-17,USD,1.367547
2025-01-17,EUR,1.408300
2025-01-17,GBP,1.667555
2025-01-17,JPY,0.008789
2025-01-17,CHF,1.499148
2025-01-17,CNY,0.186594
2025-01-17,HKD,0.175612
2025-01-17,MYR,0.303493
2025-01-17,ZAR,0.072860
2025-01-20,USD,1.364579
2025-01-20,EUR,1.407700
2025-01-20,GBP,1.664184
2025-01-20,JPY,0.008724
2025-01-20,CHF,1.492947
2025-01-20,CNY,0.186621
2025-01-20,HKD,0.175303
2025-01-20,MYR,0.303711
2025-01-20,ZAR,0.072794
2025-01-21,USD,1.359274
2025-01-21,EUR,1.407800
2025-01-21,GBP,1.664991
2025-01-21,JPY,0.008730
2025-01-21,CHF,1.493370
2025-01-21,CNY,0.186604
2025-01-21,HKD,0.174587
2025-01-21,MYR,0.303713
2025-01-21,ZAR,0.073066
2025-01-22,USD,1.352676
2025-01-22,EUR,1.412600
2025-01-22,GBP,1.672389
2025-01-22,JPY,0.008681
2025-01-22,CHF,1.494973
2025-01-22,CNY,0.186133
2025-01-22,HKD,0.173705
2025-01-22,MYR,0.304900
2025-01-22,ZAR,0.073238
2025-01-23,USD,1.356594
2025-01-23,EUR,1.411400
2025-01-23,GBP,1.670929
2025-01-23,JPY,0.008681
2025-01-23,CHF,1.494810
2025-01-23,CNY,0.186129
2025-01-23,HKD,0.174150
2025-01-23,MYR,0.305267
2025-01-23,ZAR,0.073075
2025-01-24,USD,1.349217
2025-01-24,EUR,1.412900
2025-01-24,GBP,1.673794
2025-01-24,JPY,0.008621
2025-01-24,CHF,1.488203
2025-01-24,CNY,0.186175
2025-01-24,HKD,0.173237
2025-01-24,MYR,0.308218
2025-01-24,ZAR,0.073390
2025-01-27,USD,1.342260
2025-01-27,EUR,1.413400
2025-01-27,GBP,1.680498
2025-01-27,JPY,0.008713
2025-01-27,CHF,1.495187
2025-01-27,CNY,0.185228
2025-01-27,HKD,0.172393
2025-01-27,MYR,0.306554
2025-01-27,ZAR,0.071915
2025-01-28,USD,1.351790
2025-01-28,EUR,1.408700
2025-01-28,GBP,1.679663
2025-01-28,JPY,0.008703
2025-01-28,CHF,1.492109
2025-01-28,CNY,0.186541
2025-01-28,HKD,0.173509
2025-01-28,MYR,0.307718
2025-01-28,ZAR,0.072301
2025-01-29,USD,1.351578
2025-01-29,EUR,1.405100
2025-01-29,GBP,1.678272
2025-01-29,JPY,0.008700
2025-01-29,CHF,1.490032
2025-01-29,CNY,0.186390
2025-01-29,HKD,0.173486
2025-01-29,MYR,0.307664
2025-01-29,ZAR,0.072409
2025-01-30,USD,1.350380
2025-01-30,EUR,1.404800
2025-01-30,GBP,1.678676
2025-01-30,JPY,0.008762
2025-01-30,CHF,1.487978
2025-01-30,CNY,0.186224
2025-01-30,HKD,0.173325
2025-01-30,MYR,0.307396
2025-01-30,ZAR,0.072887
2025-01-31,USD,1.355816
2025-01-31,EUR,1.409100
2025-01-31,GBP,1.685365
2025-01-31,JPY,0.008753
2025-01-31,CHF,1.491269
2025-01-31,CNY,0.186975
2025-01-31,HKD,0.173984
2025-01-31,MYR,0.304335
2025-01-31,ZAR,0.072789
2025-02-03,USD,1.364999
2025-02-03,EUR,1.402400
2025-02-03,GBP,1.686875
2025-02-03,JPY,0.008827
2025-02-03,CHF,1.493027
2025-02-03,CNY,0.188242
2025-02-03,HKD,0.175142
2025-02-03,MYR,0.305029
2025-02-03,ZAR,0.072496
2025-02-04,USD,1.356072
2025-02-04,EUR,1.401500
2025-02-04,GBP,1.684738
2025-02-04,JPY,0.008731
2025-02-04,CHF,1.491592
2025-02-04,CNY,0.187009
2025-02-04,HKD,0.174123
2025-02-04,MYR,0.305145
2025-02-04,ZAR,0.072215
2025-02-05,USD,1.348398
2025-02-05,EUR,1.405300
2025-02-05,GBP,1.691400
2025-02-05,JPY,0.008824
2025-02-05,CHF,1.495796
2025-02-05,CNY,0.185403
2025-02-05,HKD,0.173148
2025-02-05,MYR,0.304897
2025-02-05,ZAR,0.072623
2025-02-06,USD,1.353958
2025-02-06,EUR,1.402700
2025-02-06,GBP,1.676106
2025-02-06,JPY,0.008881
2025-02-06,CHF,1.494619
2025-02-06,CNY,0.185761
2025-02-06,HKD,0.173886
2025-02-06,MYR,0.305287
2025-02-06,ZAR,0.072746
2025-02-07,USD,1.351161
2025-02-07,EUR,1.402100
2025-02-07,GBP,1.682123
2025-02-07,JPY,0.008887
2025-02-07,CHF,1.488745
2025-02-07,CNY,0.185380
2025-02-07,HKD,0.173467
2025-02-07,MYR,0.304315
2025-02-07,ZAR,0.073322
2025-02-10,USD,1.353876
2025-02-10,EUR,1.397200
2025-02-10,GBP,1.677653
2025-02-10,JPY,0.008904
2025-02-10,CHF,1.487016
2025-02-10,CNY,0.185317
2025-02-10,HKD,0.173781
2025-02-10,MYR,0.302883
2025-02-10,ZAR,0.073510
2025-02-11,USD,1.355579
2025-02-11,EUR,1.399500
2025-02-11,GBP,1.678963
2025-02-11,JPY,0.008898
2025-02-11,CHF,1.484251
2025-02-11,CNY,0.185512
2025-02-11,HKD,0.173955
2025-02-11,MYR,0.303263
2025-02-11,ZAR,0.073313
2025-02-12,USD,1.353038
2025-02-12,EUR,1.403100
2025-02-12,GBP,1.683626
2025-02-12,JPY,0.008812
2025-02-12,CHF,1.483663
2025-02-12,CNY,0.185120
2025-02-12,HKD,0.173718
2025-02-12,MYR,0.302692
2025-02-12,ZAR,0.073308
2025-02-13,USD,1.350626
2025-02-13,EUR,1.403300
2025-02-13,GBP,1.684371
2025-02-13,JPY,0.008782
2025-02-13,CHF,1.489545
2025-02-13,CNY,0.185090
2025-02-13,HKD,0.173405
2025-02-13,MYR,0.303174
2025-02-13,ZAR,0.072910
2025-02-14,USD,1.341096
2025-02-14,EUR,1.405200
2025-02-14,GBP,1.688638
2025-02-14,JPY,0.008778
2025-02-14,CHF,1.488244
2025-02-14,CNY,0.184552
2025-02-14,HKD,0.172303
2025-02-14,MYR,0.302389
2025-02-14,ZAR,0.072977
2025-02-17,USD,1.341545
2025-02-17,EUR,1.405000
2025-02-17,GBP,1.690063
2025-02-17,JPY,0.008855
2025-02-17,CHF,1.488347
2025-02-17,CNY,0.184708
2025-02-17,HKD,0.172433
2025-02-17,MYR,0.302560
2025-02-17,ZAR,0.072756
2025-02-18,USD,1.343544
2025-02-18,EUR,1.403600
2025-02-18,GBP,1.690575
2025-02-18,JPY,0.008853
2025-02-18,CHF,1.489231
2025-02-18,CNY,0.184548
2025-02-18,HKD,0.172783
2025-02-18,MYR,0.302226
2025-02-18,ZAR,0.072873
2025-02-19,USD,1.342534
2025-02-19,EUR,1.400800
2025-02-19,GBP,1.691011
2025-02-19,JPY,0.008843
2025-02-19,CHF,1.484685
2025-02-19,CNY,0.184275
2025-02-19,HKD,0.172623
2025-02-19,MYR,0.302268
2025-02-19,ZAR,0.072468
2025-02-20,USD,1.337355
2025-02-20,EUR,1.396600
2025-02-20,GBP,1.686247
2025-02-20,JPY,0.008918
2025-02-20,CHF,1.482118
2025-02-20,CNY,0.184231
2025-02-20,HKD,0.171972
2025-02-20,MYR,0.301889
2025-02-20,ZAR,0.072558
2025-02-21,USD,1.337219
2025-02-21,EUR,1.399400
2025-02-21,GBP,1.690913
2025-02-21,JPY,0.008887
2025-02-21,CHF,1.485563
2025-02-21,CNY,0.184294
2025-02-21,HKD,0.172071
2025-02-21,MYR,0.302638
2025-02-21,ZAR,0.072715
2025-02-24,USD,1.337856
2025-02-24,EUR,1.400200
2025-02-24,GBP,1.690450
2025-02-24,JPY,0.008929
2025-02-24,CHF,1.487201
2025-02-24,CNY,0.184531
2025-02-24,HKD,0.172108
2025-02-24,MYR,0.303336
2025-02-24,ZAR,0.072913
2025-02-25,USD,1.338192
2025-02-25,EUR,1.404700
2025-02-25,GBP,1.694288
2025-02-25,JPY,0.008936
2025-02-25,CHF,1.496591
2025-02-25,CNY,0.184298
2025-02-25,HKD,0.172126
2025-02-25,MYR,0.302418
2025-02-25,ZAR,0.072834
2025-02-26,USD,1.338324
2025-02-26,EUR,1.403500
2025-02-26,GBP,1.693657
2025-02-26,JPY,0.008957
2025-02-26,CHF,1.494357
2025-02-26,CNY,0.184368
2025-02-26,HKD,0.172175
2025-02-26,MYR,0.302172
2025-02-26,ZAR,0.072774
2025-02-27,USD,1.340937
2025-02-27,EUR,1.404900
2025-02-27,GBP,1.699346
2025-02-27,JPY,0.008964
2025-02-27,CHF,1.493462
2025-02-27,CNY,0.184547
2025-02-27,HKD,0.172495
2025-02-27,MYR,0.301707
2025-02-27,ZAR,0.072813
2025-02-28,USD,1.348285
2025-02-28,EUR,1.403700
2025-02-28,GBP,1.699230
2025-02-28,JPY,0.008943
2025-02-28,CHF,1.494252
2025-02-28,CNY,0.185229
2025-02-28,HKD,0.173339
2025-02-28,MYR,0.302137
2025-02-28,ZAR,0.073141
2025-03-03,USD,1.347922
2025-03-03,EUR,1.410600
2025-03-03,GBP,1.709197
2025-03-03,JPY,0.008909
2025-03-03,CHF,1.496182
2025-03-03,CNY,0.184919
2025-03-03,HKD,0.173322
2025-03-03,MYR,0.301817
2025-03-03,ZAR,0.072313
2025-03-04,USD,1.340438
2025-03-04,EUR,1.415100
2025-03-04,GBP,1.709306
2025-03-04,JPY,0.009042
2025-03-04,CHF,1.510084
2025-03-04,CNY,0.184705
2025-03-04,HKD,0.172455
2025-03-04,MYR,0.300108
2025-03-04,ZAR,0.072358
2025-03-05,USD,1.337292
2025-03-05,EUR,1.430100
2025-03-05,GBP,1.712695
2025-03-05,JPY,0.008933
2025-03-05,CHF,1.503153
2025-03-05,CNY,0.184113
2025-03-05,HKD,0.172081
2025-03-05,MYR,0.301906
2025-03-05,ZAR,0.072512
2025-03-06,USD,1.332623
2025-03-06,EUR,1.438700
2025-03-06,GBP,1.717031
2025-03-06,JPY,0.009035
2025-03-06,CHF,1.504130
2025-03-06,CNY,0.183866
2025-03-06,HKD,0.171433
2025-03-06,MYR,0.300990
2025-03-06,ZAR,0.072816
2025-03-07,USD,1.330754
2025-03-07,EUR,1.444800
2025-03-07,GBP,1.718200
2025-03-07,JPY,0.009010
2025-03-07,CHF,1.511771
2025-03-07,CNY,0.183908
2025-03-07,HKD,0.171272
2025-03-07,MYR,0.301414
2025-03-07,ZAR,0.073226
2025-03-10,USD,1.331120
2025-03-10,EUR,1.443600
2025-03-10,GBP,1.721666
2025-03-10,JPY,0.009057
2025-03-10,CHF,1.517662
2025-03-10,CNY,0.183389
2025-03-10,HKD,0.171365
2025-03-10,MYR,0.300919
2025-03-10,ZAR,0.072972
2025-03-11,USD,1.332020
2025-03-11,EUR,1.453500
2025-03-11,GBP,1.722687
2025-03-11,JPY,0.008999
2025-03-11,CHF,1.512802
2025-03-11,CNY,0.184153
2025-03-11,HKD,0.171436
2025-03-11,MYR,0.301838
2025-03-11,ZAR,0.072935
2025-03-12,USD,1.334466
2025-03-12,EUR,1.452700
2025-03-12,GBP,1.727800
2025-03-12,JPY,0.008955
2025-03-12,CHF,1.510240
2025-03-12,CNY,0.184241
2025-03-12,HKD,0.171757
2025-03-12,MYR,0.301203
2025-03-12,ZAR,0.072545
2025-03-13,USD,1.337396
2025-03-13,EUR,1.448400
2025-03-13,GBP,1.728855
2025-03-13,JPY,0.009016
2025-03-13,CHF,1.512058
2025-03-13,CNY,0.184526
2025-03-13,HKD,0.172070
2025-03-13,MYR,0.301348
2025-03-13,ZAR,0.072573
2025-03-14,USD,1.334925
2025-03-14,EUR,1.453600
2025-03-14,GBP,1.726714
2025-03-14,JPY,0.008979
2025-03-14,CHF,1.507727
2025-03-14,CNY,0.184416
2025-03-14,HKD,0.171749
2025-03-14,MYR,0.300219
2025-03-14,ZAR,0.073476
2025-03-17,USD,1.331927
2025-03-17,EUR,1.452200
2025-03-17,GBP,1.728275
2025-03-17,JPY,0.008950
2025-03-17,CHF,1.510191
2025-03-17,CNY,0.184128
2025-03-17,HKD,0.171414
2025-03-17,MYR,0.299645
2025-03-17,ZAR,0.073419
2025-03-18,USD,1.332112
2025-03-18,EUR,1.454400
2025-03-18,GBP,1.727870
2025-03-18,JPY,0.008895
2025-03-18,CHF,1.514842
2025-03-18,CNY,0.184318
2025-03-18,HKD,0.171443
2025-03-18,MYR,0.299685
2025-03-18,ZAR,0.073796
2025-03-19,USD,1.333027
2025-03-19,EUR,1.452600
2025-03-19,GBP,1.727681
2025-03-19,JPY,0.008897
2025-03-19,CHF,1.515809
2025-03-19,CNY,0.184373
2025-03-19,HKD,0.171552
2025-03-19,MYR,0.300503
2025-03-19,ZAR,0.073568
2025-03-20,USD,1.336287
2025-03-20,EUR,1.447600
2025-03-20,GBP,1.729717
2025-03-20,JPY,0.009000
2025-03-20,CHF,1.513593
2025-03-20,CNY,0.184452
2025-03-20,HKD,0.171946
2025-03-20,MYR,0.301917
2025-03-20,ZAR,0.073459
2025-03-21,USD,1.334811
2025-03-21,EUR,1.445200
2025-03-21,GBP,1.725303
2025-03-21,JPY,0.008977
2025-03-21,CHF,1.513774
2025-03-21,CNY,0.184156
2025-03-21,HKD,0.171708
2025-03-21,MYR,0.301926
2025-03-21,ZAR,0.073423
2025-03-24,USD,1.337768
2025-03-24,EUR,1.448000
2025-03-24,GBP,1.730753
2025-03-24,JPY,0.008930
2025-03-24,CHF,1.517184
2025-03-24,CNY,0.184428
2025-03-24,HKD,0.172092
2025-03-24,MYR,0.301704
2025-03-24,ZAR,0.073814
2025-03-25,USD,1.335704
2025-03-25,EUR,1.445900
2025-03-25,GBP,1.730270
2025-03-25,JPY,0.008908
2025-03-25,CHF,1.515777
2025-03-25,CNY,0.184025
2025-03-25,HKD,0.171804
2025-03-25,MYR,0.301104
2025-03-25,ZAR,0.073533
2025-03-26,USD,1.338432
2025-03-26,EUR,1.443900
2025-03-26,GBP,1.726678
2025-03-26,JPY,0.008902
2025-03-26,CHF,1.514792
2025-03-26,CNY,0.184216
2025-03-26,HKD,0.172126
2025-03-26,MYR,0.302166
2025-03-26,ZAR,0.073304
2025-03-27,USD,1.339824
2025-03-27,EUR,1.445000
2025-03-27,GBP,1.734319
2025-03-27,JPY,0.008890
2025-03-27,CHF,1.517220
2025-03-27,CNY,0.184403
2025-03-27,HKD,0.172297
2025-03-27,MYR,0.302339
2025-03-27,ZAR,0.073328
2025-03-28,USD,1.341206
2025-03-28,EUR,1.448100
2025-03-28,GBP,1.737206
2025-03-28,JPY,0.008904
2025-03-28,CHF,1.520315
2025-03-28,CNY,0.184601
2025-03-28,HKD,0.172417
2025-03-28,MYR,0.302242
2025-03-28,ZAR,0.073840
2025-03-31,USD,1.342487
2025-03-31,EUR,1.451900
2025-03-31,GBP,1.738053
2025-03-31,JPY,0.008985
2025-03-31,CHF,1.523345
2025-03-31,CNY,0.185092
2025-03-31,HKD,0.172578
2025-03-31,MYR,0.302530
2025-03-31,ZAR,0.073040
2025-04-01,USD,1.343344
2025-04-01,EUR,1.449200
2025-04-01,GBP,1.732146
2025-04-01,JPY,0.009005
2025-04-01,CHF,1.522269
2025-04-01,CNY,0.184774
2025-04-01,HKD,0.172641
2025-04-01,MYR,0.302724
2025-04-01,ZAR,0.073288
2025-04-02,USD,1.342960
2025-04-02,EUR,1.450800
2025-04-02,GBP,1.738422
2025-04-02,JPY,0.008999
2025-04-02,CHF,1.520277
2025-04-02,CNY,0.184747
2025-04-02,HKD,0.172577
2025-04-02,MYR,0.301515
2025-04-02,ZAR,0.072164
2025-04-03,USD,1.334054
2025-04-03,EUR,1.480400
2025-04-03,GBP,1.758968
2025-04-03,JPY,0.009129
2025-04-03,CHF,1.552107
2025-04-03,CNY,0.182948
2025-04-03,HKD,0.171519
2025-04-03,MYR,0.300327
2025-04-03,ZAR,0.070656
2025-04-04,USD,1.338880
2025-04-04,EUR,1.480400
2025-04-04,GBP,1.741954
2025-04-04,JPY,0.009220
2025-04-04,CHF,1.573722
2025-04-04,CNY,0.183860
2025-04-04,HKD,0.172274
2025-04-04,MYR,0.301753
2025-04-04,ZAR,0.070231
2025-04-07,USD,1.346494
2025-04-07,EUR,1.476700
2025-04-07,GBP,1.725359
2025-04-07,JPY,0.009196
2025-04-07,CHF,1.574811
2025-04-07,CNY,0.184231
2025-04-07,HKD,0.173326
2025-04-07,MYR,0.300558
2025-04-07,ZAR,0.069412
2025-04-08,USD,1.348493
2025-04-08,EUR,1.476600
2025-04-08,GBP,1.724114
2025-04-08,JPY,0.009191
2025-04-08,CHF,1.579420
2025-04-08,CNY,0.183750
2025-04-08,HKD,0.173597
2025-04-08,MYR,0.300268
2025-04-08,ZAR,0.069716
2025-04-09,USD,1.347488
2025-04-09,EUR,1.488300
2025-04-09,GBP,1.721872
2025-04-09,JPY,0.009325
2025-04-09,CHF,1.604117
2025-04-09,CNY,0.183336
2025-04-09,HKD,0.173775
2025-04-09,MYR,0.299710
2025-04-09,ZAR,0.068344
2025-04-10,USD,1.336401
2025-04-10,EUR,1.481000
2025-04-10,GBP,1.727013
2025-04-10,JPY,0.009183
2025-04-10,CHF,1.592644
2025-04-10,CNY,0.182531
2025-04-10,HKD,0.172201
2025-04-10,MYR,0.299107
2025-04-10,ZAR,0.068797
2025-04-11,USD,1.321347
2025-04-11,EUR,1.499200
2025-04-11,GBP,1.729620
2025-04-11,JPY,0.009250
2025-04-11,CHF,1.620406
2025-04-11,CNY,0.181021
2025-04-11,HKD,0.170383
2025-04-11,MYR,0.298776
2025-04-11,ZAR,0.068523
2025-04-14,USD,1.315901
2025-04-14,EUR,1.497100
2025-04-14,GBP,1.733096
2025-04-14,JPY,0.009186
2025-04-14,CHF,1.604781
2025-04-14,CNY,0.179949
2025-04-14,HKD,0.169699
2025-04-14,MYR,0.298055
2025-04-14,ZAR,0.069525
2025-04-15,USD,1.317114
2025-04-15,EUR,1.491500
2025-04-15,GBP,1.743017
2025-04-15,JPY,0.009215
2025-04-15,CHF,1.613828
2025-04-15,CNY,0.180057
2025-04-15,HKD,0.169031
2025-04-15,MYR,0.298097
2025-04-15,ZAR,0.069521
2025-04-16,USD,1.314487
2025-04-16,EUR,1.492600
2025-04-16,GBP,1.743325
2025-04-16,JPY,0.009208
2025-04-16,CHF,1.611879
2025-04-16,CNY,0.179916
2025-04-16,HKD,0.169375
2025-04-16,MYR,0.298037
2025-04-16,ZAR,0.069730
2025-04-17,USD,1.312060
2025-04-17,EUR,1.490500
2025-04-17,GBP,1.735703
2025-04-17,JPY,0.009202
2025-04-17,CHF,1.604241
2025-04-17,CNY,0.179795
2025-04-17,HKD,0.169001
2025-04-17,MYR,0.297689
2025-04-17,ZAR,0.069673
2025-04-22,USD,1.308034
2025-04-22,EUR,1.501100
2025-04-22,GBP,1.748352
2025-04-22,JPY,0.009321
2025-04-22,CHF,1.610968
2025-04-22,CNY,0.178854
2025-04-22,HKD,0.168612
2025-04-22,MYR,0.297855
2025-04-22,ZAR,0.070237
2025-04-23,USD,1.310644
2025-04-23,EUR,1.496100
2025-04-23,GBP,1.743849
2025-04-23,JPY,0.009253
2025-04-23,CHF,1.594649
2025-04-23,CNY,0.179822
2025-04-23,HKD,0.168923
2025-04-23,MYR,0.298486
2025-04-23,ZAR,0.070462
2025-04-24,USD,1.311885
2025-04-24,EUR,1.492400
2025-04-24,GBP,1.745497
2025-04-24,JPY,0.009203
2025-04-24,CHF,1.589012
2025-04-24,CNY,0.179970
2025-04-24,HKD,0.169091
2025-04-24,MYR,0.299998
2025-04-24,ZAR,0.070119
2025-04-25,USD,1.314608
2025-04-25,EUR,1.493000
2025-04-25,GBP,1.750088
2025-04-25,JPY,0.009171
2025-04-25,CHF,1.584757
2025-04-25,CNY,0.180373
2025-04-25,HKD,0.169488
2025-04-25,MYR,0.300548
2025-04-25,ZAR,0.069894
2025-04-28,USD,1.313876
2025-04-28,EUR,1.492300
2025-04-28,GBP,1.752760
2025-04-28,JPY,0.009166
2025-04-28,CHF,1.584183
2025-04-28,CNY,0.180032
2025-04-28,HKD,0.169377
2025-04-28,MYR,0.301140
2025-04-28,ZAR,0.070530
2025-04-29,USD,1.309593
2025-04-29,EUR,1.489400
2025-04-29,GBP,1.752648
2025-04-29,JPY,0.009178
2025-04-29,CHF,1.585818
2025-04-29,CNY,0.180064
2025-04-29,HKD,0.168795
2025-04-29,MYR,0.302619
2025-04-29,ZAR,0.070607
2025-04-30,USD,1.306515
2025-04-30,EUR,1.485900
2025-04-30,GBP,1.744424
2025-04-30,JPY,0.009134
2025-04-30,CHF,1.582597
2025-04-30,CNY,0.179815
2025-04-30,HKD,0.168443
2025-04-30,MYR,0.302788
2025-04-30,ZAR,0.070390
2025-05-02,USD,1.295424
2025-05-02,EUR,1.469400
2025-05-02,GBP,1.722020
2025-05-02,JPY,0.008964
2025-05-02,CHF,1.572728
2025-05-02,CNY,0.178154
2025-05-02,HKD,0.167152
2025-05-02,MYR,0.303984
2025-05-02,ZAR,0.070489
2025-05-05,USD,1.288812
2025-05-05,EUR,1.461900
2025-05-05,GBP,1.716853
2025-05-05,JPY,0.008958
2025-05-05,CHF,1.565874
2025-05-05,CNY,0.177245
2025-05-05,HKD,0.166297
2025-05-05,MYR,0.306858
2025-05-05,ZAR,0.070392
2025-05-06,USD,1.289183
2025-05-06,EUR,1.460000
2025-05-06,GBP,1.723934
2025-05-06,JPY,0.009032
2025-05-06,CHF,1.562166
2025-05-06,CNY,0.178626
2025-05-06,HKD,0.166346
2025-05-06,MYR,0.304592
2025-05-06,ZAR,0.070584
2025-05-07,USD,1.291373
2025-05-07,EUR,1.467000
2025-05-07,GBP,1.723652
2025-05-07,JPY,0.009006
2025-05-07,CHF,1.567475
2025-05-07,CNY,0.178730
2025-05-07,HKD,0.166442
2025-05-07,MYR,0.304641
2025-05-07,ZAR,0.070612
2025-05-08,USD,1.296362
2025-05-08,EUR,1.464500
2025-05-08,GBP,1.727820
2025-05-08,JPY,0.008960
2025-05-08,CHF,1.570509
2025-05-08,CNY,0.179113
2025-05-08,HKD,0.166807
2025-05-08,MYR,0.302820
2025-05-08,ZAR,0.071425
2025-05-09,USD,1.297547
2025-05-09,EUR,1.460000
2025-05-09,GBP,1.722307
2025-05-09,JPY,0.008937
2025-05-09,CHF,1.560996
2025-05-09,CNY,0.179207
2025-05-09,HKD,0.166821
2025-05-09,MYR,0.301965
2025-05-09,ZAR,0.071277
2025-05-12,USD,1.306231
2025-05-12,EUR,1.450700
2025-05-12,GBP,1.721082
2025-05-12,JPY,0.008821
2025-05-12,CHF,1.548404
2025-05-12,CNY,0.181340
2025-05-12,HKD,0.167645
2025-05-12,MYR,0.303990
2025-05-12,ZAR,0.071334
2025-05-13,USD,1.304986
2025-05-13,EUR,1.450100
2025-05-13,GBP,1.725077
2025-05-13,JPY,0.008809
2025-05-13,CHF,1.549583
2025-05-13,CNY,0.181215
2025-05-13,HKD,0.167407
2025-05-13,MYR,0.301903
2025-05-13,ZAR,0.070989
2025-05-14,USD,1.298645
2025-05-14,EUR,1.456300
2025-05-14,GBP,1.730600
2025-05-14,JPY,0.008879
2025-05-14,CHF,1.550905
2025-05-14,CNY,0.180249
2025-05-14,HKD,0.166398
2025-05-14,MYR,0.302715
2025-05-14,ZAR,0.071163
2025-05-15,USD,1.298882
2025-05-15,EUR,1.452800
2025-05-15,GBP,1.724596
2025-05-15,JPY,0.008897
2025-05-15,CHF,1.549323
2025-05-15,CNY,0.180112
2025-05-15,HKD,0.166367
2025-05-15,MYR,0.303267
2025-05-15,ZAR,0.071846
2025-05-16,USD,1.298821
2025-05-16,EUR,1.453900
2025-05-16,GBP,1.725288
2025-05-16,JPY,0.008917
2025-05-16,CHF,1.549835
2025-05-16,CNY,0.180253
2025-05-16,HKD,0.166202
2025-05-16,MYR,0.302298
2025-05-16,ZAR,0.071738
2025-05-19,USD,1.294353
2025-05-19,EUR,1.457700
2025-05-19,GBP,1.731441
2025-05-19,JPY,0.008929
2025-05-19,CHF,1.551735
2025-05-19,CNY,0.179464
2025-05-19,HKD,0.165531
2025-05-19,MYR,0.301645
2025-05-19,ZAR,0.071720
2025-05-20,USD,1.295970
2025-05-20,EUR,1.456800
2025-05-20,GBP,1.730577
2025-05-20,JPY,0.008960
2025-05-20,CHF,1.555413
2025-05-20,CNY,0.179511
2025-05-20,HKD,0.165606
2025-05-20,MYR,0.301459
2025-05-20,ZAR,0.072093
2025-05-21,USD,1.289904
2025-05-21,EUR,1.460300
2025-05-21,GBP,1.728984
2025-05-21,JPY,0.008972
2025-05-21,CHF,1.561484
2025-05-21,CNY,0.179068
2025-05-21,HKD,0.164717
2025-05-21,MYR,0.302083
2025-05-21,ZAR,0.072005
2025-05-22,USD,1.291096
2025-05-22,EUR,1.460100
2025-05-22,GBP,1.732645
2025-05-22,JPY,0.009002
2025-05-22,CHF,1.562774
2025-05-22,CNY,0.179204
2025-05-22,HKD,0.164991
2025-05-22,MYR,0.302011
2025-05-22,ZAR,0.071623
2025-05-23,USD,1.287939
2025-05-23,EUR,1.455500
2025-05-23,GBP,1.736459
2025-05-23,JPY,0.009033
2025-05-23,CHF,1.565222
2025-05-23,CNY,0.179255
2025-05-23,HKD,0.164448
2025-05-23,MYR,0.304402
2025-05-23,ZAR,0.071610
2025-05-26,USD,1.283718
2025-05-26,EUR,1.461000
2025-05-26,GBP,1.740944
2025-05-26,JPY,0.008984
2025-05-26,CHF,1.561565
2025-05-26,CNY,0.178617
2025-05-26,HKD,0.163819
2025-05-26,MYR,0.304274
2025-05-26,ZAR,0.071924
2025-05-27,USD,1.287689
2025-05-27,EUR,1.462300
2025-05-27,GBP,1.744780
2025-05-27,JPY,0.008932
2025-05-27,CHF,1.557959
2025-05-27,CNY,0.178964
2025-05-27,HKD,0.164287
2025-05-27,MYR,0.303772
2025-05-27,ZAR,0.071879
2025-05-28,USD,1.288946
2025-05-28,EUR,1.458700
2025-05-28,GBP,1.736961
2025-05-28,JPY,0.008926
2025-05-28,CHF,1.557774
2025-05-28,CNY,0.179197
2025-05-28,HKD,0.164446
2025-05-28,MYR,0.305078
2025-05-28,ZAR,0.071959
2025-05-29,USD,1.289513
2025-05-29,EUR,1.454700
2025-05-29,GBP,1.736541
2025-05-29,JPY,0.008899
2025-05-29,CHF,1.557661
2025-05-29,CNY,0.179387
2025-05-29,HKD,0.164510
2025-05-29,MYR,0.303841
2025-05-29,ZAR,0.072237
2025-05-30,USD,1.290502
2025-05-30,EUR,1.463300
2025-05-30,GBP,1.739539
2025-05-30,JPY,0.008980
2025-05-30,CHF,1.566535
2025-05-30,CNY,0.179379
2025-05-30,HKD,0.164553
2025-05-30,MYR,0.303187
2025-05-30,ZAR,0.072105
2025-06-02,USD,1.286102
2025-06-02,EUR,1.468600
2025-06-02,GBP,1.741285
2025-06-02,JPY,0.009011
2025-06-02,CHF,1.573051
2025-06-02,CNY,0.178631
2025-06-02,HKD,0.163950
2025-06-02,MYR,0.302150
2025-06-02,ZAR,0.071732
2025-06-03,USD,1.288776
2025-06-03,EUR,1.467400
2025-06-03,GBP,1.739450
2025-06-03,JPY,0.009002
2025-06-03,CHF,1.568070
2025-06-03,CNY,0.179299
2025-06-03,HKD,0.164295
2025-06-03,MYR,0.303596
2025-06-03,ZAR,0.071962
2025-06-04,USD,1.289353
2025-06-04,EUR,1.467800
2025-06-04,GBP,1.743023
2025-06-04,JPY,0.008942
2025-06-04,CHF,1.566489
2025-06-04,CNY,0.179361
2025-06-04,HKD,0.164318
2025-06-04,MYR,0.303591
2025-06-04,ZAR,0.072242
2025-06-05,USD,1.284776
2025-06-05,EUR,1.467600
2025-06-05,GBP,1.743200
2025-06-05,JPY,0.008967
2025-06-05,CHF,1.567112
2025-06-05,CNY,0.178958
2025-06-05,HKD,0.163731
2025-06-05,MYR,0.303731
2025-06-05,ZAR,0.072383
2025-06-06,USD,1.286741
2025-06-06,EUR,1.468300
2025-06-06,GBP,1.742582
2025-06-06,JPY,0.008919
2025-06-06,CHF,1.564851
2025-06-06,CNY,0.179159
2025-06-06,HKD,0.163983
2025-06-06,MYR,0.304160
2025-06-06,ZAR,0.072424
2025-06-09,USD,1.286240
2025-06-09,EUR,1.467600
2025-06-09,GBP,1.742165
2025-06-09,JPY,0.008901
2025-06-09,CHF,1.566443
2025-06-09,CNY,0.179100
2025-06-09,HKD,0.163892
2025-06-09,MYR,0.303933
2025-06-09,ZAR,0.072506
2025-06-10,USD,1.285764
2025-06-10,EUR,1.469500
2025-06-10,GBP,1.736177
2025-06-10,JPY,0.008894
2025-06-10,CHF,1.565129
2025-06-10,CNY,0.178956
2025-06-10,HKD,0.163824
2025-06-10,MYR,0.303566
2025-06-10,ZAR,0.072753
2025-06-11,USD,1.286976
2025-06-11,EUR,1.471400
2025-06-11,GBP,1.735960
2025-06-11,JPY,0.008855
2025-06-11,CHF,1.564487
2025-06-11,CNY,0.179063
2025-06-11,HKD,0.163963
2025-06-11,MYR,0.303713
2025-06-11,ZAR,0.072454
2025-06-12,USD,1.278937
2025-06-12,EUR,1.482800
2025-06-12,GBP,1.736706
2025-06-12,JPY,0.008898
2025-06-12,CHF,1.572929
2025-06-12,CNY,0.178219
2025-06-12,HKD,0.162938
2025-06-12,MYR,0.302996
2025-06-12,ZAR,0.071810
2025-06-13,USD,1.283617
2025-06-13,EUR,1.477700
2025-06-13,GBP,1.737449
2025-06-13,JPY,0.008905
2025-06-13,CHF,1.578908
2025-06-13,CNY,0.178721
2025-06-13,HKD,0.163531
2025-06-13,MYR,0.302349
2025-06-13,ZAR,0.071263
2025-06-16,USD,1.280111
2025-06-16,EUR,1.481600
2025-06-16,GBP,1.738355
2025-06-16,JPY,0.008878
2025-06-16,CHF,1.577345
2025-06-16,CNY,0.178287
2025-06-16,HKD,0.163077
2025-06-16,MYR,0.301874
2025-06-16,ZAR,0.071994
2025-06-17,USD,1.280861
2025-06-17,EUR,1.481700
2025-06-17,GBP,1.738065
2025-06-17,JPY,0.008854
2025-06-17,CHF,1.575271
2025-06-17,CNY,0.178323
2025-06-17,HKD,0.163174
2025-06-17,MYR,0.301698
2025-06-17,ZAR,0.071888
2025-06-18,USD,1.284932
2025-06-18,EUR,1.478700
2025-06-18,GBP,1.729069
2025-06-18,JPY,0.008872
2025-06-18,CHF,1.572583
2025-06-18,CNY,0.178753
2025-06-18,HKD,0.163687
2025-06-18,MYR,0.302300
2025-06-18,ZAR,0.071084
2025-06-19,USD,1.288291
2025-06-19,EUR,1.478700
2025-06-19,GBP,1.731296
2025-06-19,JPY,0.008844
2025-06-19,CHF,1.574928
2025-06-19,CNY,0.179245
2025-06-19,HKD,0.164116
2025-06-19,MYR,0.302417
2025-06-19,ZAR,0.071219
2025-06-20,USD,1.285020
2025-06-20,EUR,1.479700
2025-06-20,GBP,1.733279
2025-06-20,JPY,0.008825
2025-06-20,CHF,1.571641
2025-06-20,CNY,0.179047
2025-06-20,HKD,0.163700
2025-06-20,MYR,0.302177
2025-06-20,ZAR,0.071431
2025-06-23,USD,1.292626
2025-06-23,EUR,1.482900
2025-06-23,GBP,1.730944
2025-06-23,JPY,0.008761
2025-06-23,CHF,1.579738
2025-06-23,CNY,0.179872
2025-06-23,HKD,0.164666
2025-06-23,MYR,0.300962
2025-06-23,ZAR,0.071386
2025-06-24,USD,1.279831
2025-06-24,EUR,1.485500
2025-06-24,GBP,1.742113
2025-06-24,JPY,0.008828
2025-06-24,CHF,1.582508
2025-06-24,CNY,0.178413
2025-06-24,HKD,0.163038
2025-06-24,MYR,0.301563
2025-06-24,ZAR,0.072169
2025-06-25,USD,1.280652
2025-06-25,EUR,1.485300
2025-06-25,GBP,1.742083
2025-06-25,JPY,0.008785
2025-06-25,CHF,1.586689
2025-06-25,CNY,0.178500
2025-06-25,HKD,0.163141
2025-06-25,MYR,0.302148
2025-06-25,ZAR,0.071966
2025-06-26,USD,1.275588
2025-06-26,EUR,1.491800
2025-06-26,GBP,1.747862
2025-06-26,JPY,0.008831
2025-06-26,CHF,1.590575
2025-06-26,CNY,0.177887
2025-06-26,HKD,0.162500
2025-06-26,MYR,0.301630
2025-06-26,ZAR,0.071663
2025-06-27,USD,1.275889
2025-06-27,EUR,1.493300
2025-06-27,GBP,1.750850
2025-06-27,JPY,0.008824
2025-06-27,CHF,1.595576
2025-06-27,CNY,0.177903
2025-06-27,HKD,0.162534
2025-06-27,MYR,0.301701
2025-06-27,ZAR,0.071668
2025-06-30,USD,1.274829
2025-06-30,EUR,1.494100
2025-06-30,GBP,1.746464
2025-06-30,JPY,0.008832
2025-06-30,CHF,1.598481
2025-06-30,CNY,0.177933
2025-06-30,HKD,0.162400
2025-06-30,MYR,0.302664
2025-06-30,ZAR,0.071690
2025-07-01,USD,1.270872
2025-07-01,EUR,1.500900
2025-07-01,GBP,1.747671
2025-07-01,JPY,0.008897
2025-07-01,CHF,1.609717
2025-07-01,CNY,0.177445
2025-07-01,HKD,0.161894
2025-07-01,MYR,0.302772
2025-07-01,ZAR,0.072275
2025-07-02,USD,1.274521
2025-07-02,EUR,1.498200
2025-07-02,GBP,1.741081
2025-07-02,JPY,0.008842
2025-07-02,CHF,1.605788
2025-07-02,CNY,0.177775
2025-07-02,HKD,0.162364
2025-07-02,MYR,0.301376
2025-07-02,ZAR,0.072178
2025-07-03,USD,1.273383
2025-07-03,EUR,1.500300
2025-07-03,GBP,1.738672
2025-07-03,JPY,0.008847
2025-07-03,CHF,1.604427
2025-07-03,CNY,0.177809
2025-07-03,HKD,0.162216
2025-07-03,MYR,0.301538
2025-07-03,ZAR,0.072652
2025-07-04,USD,1.274072
2025-07-04,EUR,1.499200
2025-07-04,GBP,1.738203
2025-07-04,JPY,0.008823
2025-07-04,CHF,1.604109
2025-07-04,CNY,0.177873
2025-07-04,HKD,0.162309
2025-07-04,MYR,0.301838
2025-07-04,ZAR,0.072300
2025-07-07,USD,1.278820
2025-07-07,EUR,1.499800
2025-07-07,GBP,1.741726
2025-07-07,JPY,0.008786
2025-07-07,CHF,1.603378
2025-07-07,CNY,0.178276
2025-07-07,HKD,0.162912
2025-07-07,MYR,0.301965
2025-07-07,ZAR,0.072041
2025-07-08,USD,1.279314
2025-07-08,EUR,1.499100
2025-07-08,GBP,1.736677
2025-07-08,JPY,0.008731
2025-07-08,CHF,1.603144
2025-07-08,CNY,0.178324
2025-07-08,HKD,0.162970
2025-07-08,MYR,0.301654
2025-07-08,ZAR,0.071934
2025-07-09,USD,1.281330
2025-07-09,EUR,1.498900
2025-07-09,GBP,1.740276
2025-07-09,JPY,0.008733
2025-07-09,CHF,1.607399
2025-07-09,CNY,0.178455
2025-07-09,HKD,0.163227
2025-07-09,MYR,0.301456
2025-07-09,ZAR,0.071826
2025-07-10,USD,1.280126
2025-07-10,EUR,1.498900
2025-07-10,GBP,1.737452
2025-07-10,JPY,0.008749
2025-07-10,CHF,1.608262
2025-07-10,CNY,0.178419
2025-07-10,HKD,0.163075
2025-07-10,MYR,0.301383
2025-07-10,ZAR,0.072026
2025-07-11,USD,1.280579
2025-07-11,EUR,1.496100
2025-07-11,GBP,1.728197
2025-07-11,JPY,0.008708
2025-07-11,CHF,1.606982
2025-07-11,CNY,0.178658
2025-07-11,HKD,0.163132
2025-07-11,MYR,0.301135
2025-07-11,ZAR,0.071295
2025-07-14,USD,1.280838
2025-07-14,EUR,1.497300
2025-07-14,GBP,1.727587
2025-07-14,JPY,0.008692
2025-07-14,CHF,1.608789
2025-07-14,CNY,0.178707
2025-07-14,HKD,0.163165
2025-07-14,MYR,0.301195
2025-07-14,ZAR,0.071679
2025-07-15,USD,1.282040
2025-07-15,EUR,1.495500
2025-07-15,GBP,1.723125
2025-07-15,JPY,0.008666
2025-07-15,CHF,1.608237
2025-07-15,CNY,0.178731
2025-07-15,HKD,0.163318
2025-07-15,MYR,0.302225
2025-07-15,ZAR,0.071974
2025-07-16,USD,1.285123
2025-07-16,EUR,1.491000
2025-07-16,GBP,1.721908
2025-07-16,JPY,0.008640
2025-07-16,CHF,1.598756
2025-07-16,CNY,0.178972
2025-07-16,HKD,0.163711
2025-07-16,MYR,0.302741
2025-07-16,ZAR,0.071745
2025-07-17,USD,1.287158
2025-07-17,EUR,1.490400
2025-07-17,GBP,1.724202
2025-07-17,JPY,0.008651
2025-07-17,CHF,1.598627
2025-07-17,CNY,0.179227
2025-07-17,HKD,0.163991
2025-07-17,MYR,0.303112
2025-07-17,ZAR,0.071912
2025-07-18,USD,1.282661
2025-07-18,EUR,1.494300
2025-07-18,GBP,1.726317
2025-07-18,JPY,0.008641
2025-07-18,CHF,1.602638
2025-07-18,CNY,0.178695
2025-07-18,HKD,0.163420
2025-07-18,MYR,0.302337
2025-07-18,ZAR,0.072415
2025-07-21,USD,1.280963
2025-07-21,EUR,1.494500
2025-07-21,GBP,1.726548
2025-07-21,JPY,0.008688
2025-07-21,CHF,1.602681
2025-07-21,CNY,0.178499
2025-07-21,HKD,0.163187
2025-07-21,MYR,0.302432
2025-07-21,ZAR,0.072314
2025-07-22,USD,1.281392
2025-07-22,EUR,1.499100
2025-07-22,GBP,1.728069
2025-07-22,JPY,0.008707
2025-07-22,CHF,1.607442
2025-07-22,CNY,0.178592
2025-07-22,HKD,0.163235
2025-07-22,MYR,0.302824
2025-07-22,ZAR,0.072898
2025-07-23,USD,1.277247
2025-07-23,EUR,1.497700
2025-07-23,GBP,1.728448
2025-07-23,JPY,0.008731
2025-07-23,CHF,1.609392
2025-07-23,CNY,0.178380
2025-07-23,HKD,0.162707
2025-07-23,MYR,0.302126
2025-07-23,ZAR,0.072730
2025-07-24,USD,1.276880
2025-07-24,EUR,1.501100
2025-07-24,GBP,1.730375
2025-07-24,JPY,0.008716
2025-07-24,CHF,1.607001
2025-07-24,CNY,0.178401
2025-07-24,HKD,0.162663
2025-07-24,MYR,0.302904
2025-07-24,ZAR,0.072564
2025-07-25,USD,1.281133
2025-07-25,EUR,1.502000
2025-07-25,GBP,1.723465
2025-07-25,JPY,0.008677
2025-07-25,CHF,1.607621
2025-07-25,CNY,0.178712
2025-07-25,HKD,0.163213
2025-07-25,MYR,0.303477
2025-07-25,ZAR,0.072244
2025-07-28,USD,1.284280
2025-07-28,EUR,1.496700
2025-07-28,GBP,1.724507
2025-07-28,JPY,0.008669
2025-07-28,CHF,1.603493
2025-07-28,CNY,0.179020
2025-07-28,HKD,0.163604
2025-07-28,MYR,0.303541
2025-07-28,ZAR,0.071956
2025-07-29,USD,1.288650
2025-07-29,EUR,1.486200
2025-07-29,GBP,1.718150
2025-07-29,JPY,0.008662
2025-07-29,CHF,1.597206
2025-07-29,CNY,0.179540
2025-07-29,HKD,0.164161
2025-07-29,MYR,0.304325
2025-07-29,ZAR,0.071731
2025-07-30,USD,1.289581
2025-07-30,EUR,1.486500
2025-07-30,GBP,1.724078
2025-07-30,JPY,0.008695
2025-07-30,CHF,1.598215
2025-07-30,CNY,0.179566
2025-07-30,HKD,0.164280
2025-07-30,MYR,0.304149
2025-07-30,ZAR,0.072172
2025-07-31,USD,1.296960
2025-07-31,EUR,1.484500
2025-07-31,GBP,1.716383
2025-07-31,JPY,0.008655
2025-07-31,CHF,1.596752
2025-07-31,CNY,0.180267
2025-07-31,HKD,0.165218
2025-07-31,MYR,0.304095
2025-07-31,ZAR,0.071580
2025-08-01,USD,1.298755
2025-08-01,EUR,1.481100
2025-08-01,GBP,1.709290
2025-08-01,JPY,0.008631
2025-08-01,CHF,1.590528
2025-08-01,CNY,0.180088
2025-08-01,HKD,0.165447
2025-08-01,MYR,0.303622
2025-08-01,ZAR,0.070880
2025-08-04,USD,1.287419
2025-08-04,EUR,1.488900
2025-08-04,GBP,1.710593
2025-08-04,JPY,0.008735
2025-08-04,CHF,1.593429
2025-08-04,CNY,0.179401
2025-08-04,HKD,0.164003
2025-08-04,MYR,0.303814
2025-08-04,ZAR,0.071437
2025-08-05,USD,1.288325
2025-08-05,EUR,1.487500
2025-08-05,GBP,1.711147
2025-08-05,JPY,0.008728
2025-08-05,CHF,1.591420
2025-08-05,CNY,0.179247
2025-08-05,HKD,0.164123
2025-08-05,MYR,0.304747
2025-08-05,ZAR,0.071481
2025-08-06,USD,1.286453
2025-08-06,EUR,1.492800
2025-08-06,GBP,1.712516
2025-08-06,JPY,0.008719
2025-08-06,CHF,1.593340
2025-08-06,CNY,0.179029
2025-08-06,HKD,0.163882
2025-08-06,MYR,0.304125
2025-08-06,ZAR,0.072218
2025-08-07,USD,1.284205
2025-08-07,EUR,1.495200
2025-08-07,GBP,1.723971
2025-08-07,JPY,0.008713
2025-08-07,CHF,1.588442
2025-08-07,CNY,0.178879
2025-08-07,HKD,0.163601
2025-08-07,MYR,0.303311
2025-08-07,ZAR,0.072452
2025-08-08,USD,1.285113
2025-08-08,EUR,1.496900
2025-08-08,GBP,1.726329
2025-08-08,JPY,0.008694
2025-08-08,CHF,1.590755
2025-08-08,CNY,0.178890
2025-08-08,HKD,0.163710
2025-08-08,MYR,0.303090
2025-08-08,ZAR,0.072565
2025-08-11,USD,1.286440
2025-08-11,EUR,1.495100
2025-08-11,GBP,1.727241
2025-08-11,JPY,0.008700
2025-08-11,CHF,1.585472
2025-08-11,CNY,0.179054
2025-08-11,HKD,0.163879
2025-08-11,MYR,0.303870
2025-08-11,ZAR,0.072408
2025-08-12,USD,1.286490
2025-08-12,EUR,1.493100
2025-08-12,GBP,1.731934
2025-08-12,JPY,0.008666
2025-08-12,CHF,1.585368
2025-08-12,CNY,0.178994
2025-08-12,HKD,0.163884
2025-08-12,MYR,0.304063
2025-08-12,ZAR,0.072621
2025-08-13,USD,1.279993
2025-08-13,EUR,1.499000
2025-08-13,GBP,1.736763
2025-08-13,JPY,0.008691
2025-08-13,CHF,1.593155
2025-08-13,CNY,0.178410
2025-08-13,HKD,0.163057
2025-08-13,MYR,0.304217
2025-08-13,ZAR,0.073077
2025-08-14,USD,1.281009
2025-08-14,EUR,1.497500
2025-08-14,GBP,1.739257
2025-08-14,JPY,0.008742
2025-08-14,CHF,1.590547
2025-08-14,CNY,0.178648
2025-08-14,HKD,0.163345
2025-08-14,MYR,0.304098
2025-08-14,ZAR,0.072877
2025-08-15,USD,1.282341
2025-08-15,EUR,1.498800
2025-08-15,GBP,1.738344
2025-08-15,JPY,0.008724
2025-08-15,CHF,1.591421
2025-08-15,CNY,0.178622
2025-08-15,HKD,0.163981
2025-08-15,MYR,0.304374
2025-08-15,ZAR,0.072918
2025-08-18,USD,1.282618
2025-08-18,EUR,1.497200
2025-08-18,GBP,1.736689
2025-08-18,JPY,0.008691
2025-08-18,CHF,1.588878
2025-08-18,CNY,0.178668
2025-08-18,HKD,0.164066
2025-08-18,MYR,0.303759
2025-08-18,ZAR,0.072820
2025-08-19,USD,1.283085
2025-08-19,EUR,1.498900
2025-08-19,GBP,1.734838
2025-08-19,JPY,0.008681
2025-08-19,CHF,1.593049
2025-08-19,CNY,0.178726
2025-08-19,HKD,0.164467
2025-08-19,MYR,0.303796
2025-08-19,ZAR,0.072837
2025-08-20,USD,1.285212
2025-08-20,EUR,1.497400
2025-08-20,GBP,1.732099
2025-08-20,JPY,0.008717
2025-08-20,CHF,1.592470
2025-08-20,CNY,0.179096
2025-08-20,HKD,0.164481
2025-08-20,MYR,0.304121
2025-08-20,ZAR,0.072602
2025-08-21,USD,1.287310
2025-08-21,EUR,1.498300
2025-08-21,GBP,1.731338
2025-08-21,JPY,0.008706
2025-08-21,CHF,1.595804
2025-08-21,CNY,0.179336
2025-08-21,HKD,0.164752
2025-08-21,MYR,0.304725
2025-08-21,ZAR,0.072719
2025-08-22,USD,1.288422
2025-08-22,EUR,1.495600
2025-08-22,GBP,1.728418
2025-08-22,JPY,0.008665
2025-08-22,CHF,1.593946
2025-08-22,CNY,0.179473
2025-08-22,HKD,0.164804
2025-08-22,MYR,0.304770
2025-08-22,ZAR,0.073086
2025-08-25,USD,1.283150
2025-08-25,EUR,1.500900
2025-08-25,GBP,1.733341
2025-08-25,JPY,0.008708
2025-08-25,CHF,1.599254
2025-08-25,CNY,0.179300
2025-08-25,HKD,0.164268
2025-08-25,MYR,0.304968
2025-08-25,ZAR,0.073093
2025-08-26,USD,1.284918
2025-08-26,EUR,1.497700
2025-08-26,GBP,1.733048
2025-08-26,JPY,0.008719
2025-08-26,CHF,1.597376
2025-08-26,CNY,0.179522
2025-08-26,HKD,0.164725
2025-08-26,MYR,0.304807
2025-08-26,ZAR,0.072842
2025-08-27,USD,1.288967
2025-08-27,EUR,1.494300
2025-08-27,GBP,1.732321
2025-08-27,JPY,0.008707
2025-08-27,CHF,1.598182
2025-08-27,CNY,0.179978
2025-08-27,HKD,0.165612
2025-08-27,MYR,0.304363
2025-08-27,ZAR,0.072568
2025-08-28,USD,1.282974
2025-08-28,EUR,1.498000
2025-08-28,GBP,1.734399
2025-08-28,JPY,0.008736
2025-08-28,CHF,1.601625
2025-08-28,CNY,0.179905
2025-08-28,HKD,0.164601
2025-08-28,MYR,0.304237
2025-08-28,ZAR,0.072783
2025-08-29,USD,1.285555
2025-08-29,EUR,1.498700
2025-08-29,GBP,1.729003
2025-08-29,JPY,0.008728
2025-08-29,CHF,1.600491
2025-08-29,CNY,0.180230
2025-08-29,HKD,0.164915
2025-08-29,MYR,0.304274
2025-08-29,ZAR,0.072486
2025-09-01,USD,1.283824
2025-09-01,EUR,1.504000
2025-09-01,GBP,1.736320
2025-09-01,JPY,0.008720
2025-09-01,CHF,1.602899
2025-09-01,CNY,0.179945
2025-09-01,HKD,0.164661
2025-09-01,MYR,0.303863
2025-09-01,ZAR,0.073028
2025-09-02,USD,1.288511
2025-09-02,EUR,1.500600
2025-09-02,GBP,1.724431
2025-09-02,JPY,0.008669
2025-09-02,CHF,1.602178
2025-09-02,CNY,0.180356
2025-09-02,HKD,0.165055
2025-09-02,MYR,0.304610
2025-09-02,ZAR,0.072690
2025-09-03,USD,1.288509
2025-09-03,EUR,1.501500
2025-09-03,GBP,1.728445
2025-09-03,JPY,0.008671
2025-09-03,CHF,1.601771
2025-09-03,CNY,0.180321
2025-09-03,HKD,0.165165
2025-09-03,MYR,0.304793
2025-09-03,ZAR,0.073086
2025-09-04,USD,1.289001
2025-09-04,EUR,1.501300
2025-09-04,GBP,1.733002
2025-09-04,JPY,0.008690
2025-09-04,CHF,1.600021
2025-09-04,CNY,0.180514
2025-09-04,HKD,0.165290
2025-09-04,MYR,0.305086
2025-09-04,ZAR,0.072450
2025-09-05,USD,1.286227
2025-09-05,EUR,1.504500
2025-09-05,GBP,1.733694
2025-09-05,JPY,0.008692
2025-09-05,CHF,1.602236
2025-09-05,CNY,0.180203
2025-09-05,HKD,0.164853
2025-09-05,MYR,0.304431
2025-09-05,ZAR,0.072806
2025-09-08,USD,1.284277
2025-09-08,EUR,1.506200
2025-09-08,GBP,1.737455
2025-09-08,JPY,0.008687
2025-09-08,CHF,1.614708
2025-09-08,CNY,0.180127
2025-09-08,HKD,0.164789
2025-09-08,MYR,0.304510
2025-09-08,ZAR,0.073106
2025-09-09,USD,1.281420
2025-09-09,EUR,1.504900
2025-09-09,GBP,1.737158
2025-09-09,JPY,0.008731
2025-09-09,CHF,1.612796
2025-09-09,CNY,0.179937
2025-09-09,HKD,0.164545
2025-09-09,MYR,0.304666
2025-09-09,ZAR,0.073289
2025-09-10,USD,1.282737
2025-09-10,EUR,1.501700
2025-09-10,GBP,1.736069
2025-09-10,JPY,0.008697
2025-09-10,CHF,1.608160
2025-09-10,CNY,0.180088
2025-09-10,HKD,0.164680
2025-09-10,MYR,0.304327
2025-09-10,ZAR,0.073004
2025-09-11,USD,1.284981
2025-09-11,EUR,1.501500
2025-09-11,GBP,1.736440
2025-09-11,JPY,0.008685
2025-09-11,CHF,1.606570
2025-09-11,CNY,0.180356
2025-09-11,HKD,0.164944
2025-09-11,MYR,0.304354
2025-09-11,ZAR,0.073236
2025-09-12,USD,1.283666
2025-09-12,EUR,1.504200
2025-09-12,GBP,1.738357
2025-09-12,JPY,0.008678
2025-09-12,CHF,1.609286
2025-09-12,CNY,0.180228
2025-09-12,HKD,0.164938
2025-09-12,MYR,0.305273
2025-09-12,ZAR,0.073834
2025-09-15,USD,1.280724
2025-09-15,EUR,1.506900
2025-09-15,GBP,1.743895
2025-09-15,JPY,0.008691
2025-09-15,CHF,1.611141
2025-09-15,CNY,0.179832
2025-09-15,HKD,0.164645
2025-09-15,MYR,0.304572
2025-09-15,ZAR,0.073935
2025-09-16,USD,1.277971
2025-09-16,EUR,1.508900
2025-09-16,GBP,1.743184
2025-09-16,JPY,0.008694
2025-09-16,CHF,1.616217
2025-09-16,CNY,0.179610
2025-09-16,HKD,0.164207
2025-09-16,MYR,0.303920
2025-09-16,ZAR,0.073623
2025-09-17,USD,1.276590
2025-09-17,EUR,1.511100
2025-09-17,GBP,1.741902
2025-09-17,JPY,0.008721
2025-09-17,CHF,1.621874
2025-09-17,CNY,0.179696
2025-09-17,HKD,0.164170
2025-09-17,MYR,0.304786
2025-09-17,ZAR,0.073427
2025-09-18,USD,1.279827
2025-09-18,EUR,1.512500
2025-09-18,GBP,1.742512
2025-09-18,JPY,0.008681
2025-09-18,CHF,1.620941
2025-09-18,CNY,0.180117
2025-09-18,HKD,0.164563
2025-09-18,MYR,0.305013
2025-09-18,ZAR,0.073751
2025-09-19,USD,1.285020
2025-09-19,EUR,1.508100
2025-09-19,GBP,1.731856
2025-09-19,JPY,0.008678
2025-09-19,CHF,1.613977
2025-09-19,CNY,0.180589
2025-09-19,HKD,0.165260
2025-09-19,MYR,0.305450
2025-09-19,ZAR,0.073913
2025-09-22,USD,1.282828
2025-09-22,EUR,1.511300
2025-09-22,GBP,1.731355
2025-09-22,JPY,0.008677
2025-09-22,CHF,1.616709
2025-09-22,CNY,0.180372
2025-09-22,HKD,0.165083
2025-09-22,MYR,0.305251
2025-09-22,ZAR,0.074136
2025-09-23,USD,1.283558
2025-09-23,EUR,1.513700
2025-09-23,GBP,1.734105
2025-09-23,JPY,0.008684
2025-09-23,CHF,1.619970
2025-09-23,CNY,0.180484
2025-09-23,HKD,0.165078
2025-09-23,MYR,0.305718
2025-09-23,ZAR,0.074116
2025-09-24,USD,1.286832
2025-09-24,EUR,1.512800
2025-09-24,GBP,1.732677
2025-09-24,JPY,0.008669
2025-09-24,CHF,1.620568
2025-09-24,CNY,0.180555
2025-09-24,HKD,0.165474
2025-09-24,MYR,0.305659
2025-09-24,ZAR,0.074398
2025-09-25,USD,1.289037
2025-09-25,EUR,1.513200
2025-09-25,GBP,1.729767
2025-09-25,JPY,0.008662
2025-09-25,CHF,1.619435
2025-09-25,CNY,0.180940
2025-09-25,HKD,0.165728
2025-09-25,MYR,0.306148
2025-09-25,ZAR,0.074305
2025-09-26,USD,1.293523
2025-09-26,EUR,1.509800
2025-09-26,GBP,1.727460
2025-09-26,JPY,0.008638
2025-09-26,CHF,1.617874
2025-09-26,CNY,0.181231
2025-09-26,HKD,0.166243
2025-09-26,MYR,0.306415
2025-09-26,ZAR,0.074126
2025-09-29,USD,1.290455
2025-09-29,EUR,1.512800
2025-09-29,GBP,1.734266
2025-09-29,JPY,0.008675
2025-09-29,CHF,1.616758
2025-09-29,CNY,0.181213
2025-09-29,HKD,0.165863
2025-09-29,MYR,0.306160
2025-09-29,ZAR,0.074644
2025-09-30,USD,1.289924
2025-09-30,EUR,1.514500
2025-09-30,GBP,1.734028
2025-09-30,JPY,0.008716
2025-09-30,CHF,1.617364
2025-09-30,CNY,0.181180
2025-09-30,HKD,0.165775
2025-09-30,MYR,0.306504
2025-09-30,ZAR,0.074672
2025-10-01,USD,1.289150
2025-10-01,EUR,1.511400
2025-10-01,GBP,1.736443
2025-10-01,JPY,0.008763
2025-10-01,CHF,1.613881
2025-10-01,CNY,0.181071
2025-10-01,HKD,0.165660
2025-10-01,MYR,0.306392
2025-10-01,ZAR,0.075024
2025-10-02,USD,1.286966
2025-10-02,EUR,1.512700
2025-10-02,GBP,1.734549
2025-10-02,JPY,0.008768
2025-10-02,CHF,1.617861
2025-10-02,CNY,0.180766
2025-10-02,HKD,0.165398
2025-10-02,MYR,0.306023
2025-10-02,ZAR,0.074887
2025-10-03,USD,1.289330
2025-10-03,EUR,1.512900
2025-10-03,GBP,1.733784
2025-10-03,JPY,0.008750
2025-10-03,CHF,1.619287
2025-10-03,CNY,0.181097
2025-10-03,HKD,0.165674
2025-10-03,MYR,0.306398
2025-10-03,ZAR,0.074715
2025-10-06,USD,1.293372
2025-10-06,EUR,1.510400
2025-10-06,GBP,1.737090
2025-10-06,JPY,0.008620
2025-10-06,CHF,1.621645
2025-10-06,CNY,0.181665
2025-10-06,HKD,0.166168
2025-10-06,MYR,0.306848
2025-10-06,ZAR,0.074985
2025-10-07,USD,1.293074
2025-10-07,EUR,1.508500
2025-10-07,GBP,1.733310
2025-10-07,JPY,0.008569
2025-10-07,CHF,1.619605
2025-10-07,CNY,0.181622
2025-10-07,HKD,0.166136
2025-10-07,MYR,0.306818
2025-10-07,ZAR,0.075186
2025-10-08,USD,1.295433
2025-10-08,EUR,1.506200
2025-10-08,GBP,1.737055
2025-10-08,JPY,0.008484
2025-10-08,CHF,1.618700
2025-10-08,CNY,0.181954
2025-10-08,HKD,0.166460
2025-10-08,MYR,0.307137
2025-10-08,ZAR,0.075374
2025-10-09,USD,1.296012
2025-10-09,EUR,1.504800
2025-10-09,GBP,1.733042
2025-10-09,JPY,0.008483
2025-10-09,CHF,1.616500
2025-10-09,CNY,0.181963
2025-10-09,HKD,0.166582
2025-10-09,MYR,0.307403
2025-10-09,ZAR,0.075780
2025-10-10,USD,1.297545
2025-10-10,EUR,1.501000
2025-10-10,GBP,1.723504
2025-10-10,JPY,0.008506
2025-10-10,CHF,1.609824
2025-10-10,CNY,0.182167
2025-10-10,HKD,0.166737
2025-10-10,MYR,0.307110
2025-10-10,ZAR,0.075381
2025-10-13,USD,1.298729
2025-10-13,EUR,1.502500
2025-10-13,GBP,1.731589
2025-10-13,JPY,0.008538
2025-10-13,CHF,1.614897
2025-10-13,CNY,0.182097
2025-10-13,HKD,0.166993
2025-10-13,MYR,0.307197
2025-10-13,ZAR,0.074798
2025-10-14,USD,1.301567
2025-10-14,EUR,1.503700
2025-10-14,GBP,1.726010
2025-10-14,JPY,0.008557
2025-10-14,CHF,1.617577
2025-10-14,CNY,0.182293
2025-10-14,HKD,0.167407
2025-10-14,MYR,0.307700
2025-10-14,ZAR,0.074532
2025-10-15,USD,1.296421
2025-10-15,EUR,1.506700
2025-10-15,GBP,1.730844
2025-10-15,JPY,0.008554
2025-10-15,CHF,1.619237
2025-10-15,CNY,0.181918
2025-10-15,HKD,0.166777
2025-10-15,MYR,0.306339
2025-10-15,ZAR,0.074847
2025-10-16,USD,1.296163
2025-10-16,EUR,1.509900
2025-10-16,GBP,1.740318
2025-10-16,JPY,0.008568
2025-10-16,CHF,1.623199
2025-10-16,CNY,0.181896
2025-10-16,HKD,0.166757
2025-10-16,MYR,0.306604
2025-10-16,ZAR,0.074850
2025-10-17,USD,1.294838
2025-10-17,EUR,1.512500
2025-10-17,GBP,1.739505
2025-10-17,JPY,0.008608
2025-10-17,CHF,1.633899
2025-10-17,CNY,0.181800
2025-10-17,HKD,0.166700
2025-10-17,MYR,0.306397
2025-10-17,ZAR,0.074509
2025-10-20,USD,1.294552
2025-10-20,EUR,1.508800
2025-10-20,GBP,1.736049
2025-10-20,JPY,0.008587
2025-10-20,CHF,1.633077
2025-10-20,CNY,0.181731
2025-10-20,HKD,0.166615
2025-10-20,MYR,0.306330
2025-10-20,ZAR,0.074739
2025-10-21,USD,1.297579
2025-10-21,EUR,1.506100
2025-10-21,GBP,1.735538
2025-10-21,JPY,0.008536
2025-10-21,CHF,1.631744
2025-10-21,CNY,0.182279
2025-10-21,HKD,0.166966
2025-10-21,MYR,0.306829
2025-10-21,ZAR,0.074875
2025-10-22,USD,1.299042
2025-10-22,EUR,1.505200
2025-10-22,GBP,1.732305
2025-10-22,JPY,0.008556
2025-10-22,CHF,1.631123
2025-10-22,CNY,0.182281
2025-10-22,HKD,0.167163
2025-10-22,MYR,0.308360
2025-10-22,ZAR,0.074400
2025-10-23,USD,1.299577
2025-10-23,EUR,1.506600
2025-10-23,GBP,1.733517
2025-10-23,JPY,0.008515
2025-10-23,CHF,1.628933
2025-10-23,CNY,0.182413
2025-10-23,HKD,0.167229
2025-10-23,MYR,0.307300
2025-10-23,ZAR,0.074912
2025-10-24,USD,1.299432
2025-10-24,EUR,1.508900
2025-10-24,GBP,1.729200
2025-10-24,JPY,0.008498
2025-10-24,CHF,1.631596
2025-10-24,CNY,0.182441
2025-10-24,HKD,0.167243
2025-10-24,MYR,0.307706
2025-10-24,ZAR,0.074989
2025-10-27,USD,1.296220
2025-10-27,EUR,1.508800
2025-10-27,GBP,1.730077
2025-10-27,JPY,0.008480
2025-10-27,CHF,1.628670
2025-10-27,CNY,0.182374
2025-10-27,HKD,0.166877
2025-10-27,MYR,0.307893
2025-10-27,ZAR,0.075420
2025-10-28,USD,1.296217
2025-10-28,EUR,1.507500
2025-10-28,GBP,1.720890
2025-10-28,JPY,0.008512
2025-10-28,CHF,1.627618
2025-10-28,CNY,0.182530
2025-10-28,HKD,0.166823
2025-10-28,MYR,0.308806
2025-10-28,ZAR,0.075141
2025-10-29,USD,1.294431
2025-10-29,EUR,1.506200
2025-10-29,GBP,1.710230
2025-10-29,JPY,0.008506
2025-10-29,CHF,1.623410
2025-10-29,CNY,0.182329
2025-10-29,HKD,0.166575
2025-10-29,MYR,0.309047
2025-10-29,ZAR,0.075672
2025-10-30,USD,1.302771
2025-10-30,EUR,1.504700
2025-10-30,GBP,1.709692
2025-10-30,JPY,0.008436
2025-10-30,CHF,1.621269
2025-10-30,CNY,0.183120
2025-10-30,HKD,0.167703
2025-10-30,MYR,0.310183
2025-10-30,ZAR,0.075077
2025-10-31,USD,1.301627
2025-10-31,EUR,1.503900
2025-10-31,GBP,1.705876
2025-10-31,JPY,0.008442
2025-10-31,CHF,1.619360
2025-10-31,CNY,0.182912
2025-10-31,HKD,0.167496
2025-10-31,MYR,0.310800
2025-10-31,ZAR,0.075025
2025-11-03,USD,1.303891
2025-11-03,EUR,1.501300
2025-11-03,GBP,1.712835
2025-11-03,JPY,0.008455
2025-11-03,CHF,1.614648
2025-11-03,CNY,0.183114
2025-11-03,HKD,0.167741
2025-11-03,MYR,0.310487
2025-11-03,ZAR,0.075331
2025-11-04,USD,1.306414
2025-11-04,EUR,1.501200
2025-11-04,GBP,1.706879
2025-11-04,JPY,0.008511
2025-11-04,CHF,1.615062
2025-11-04,CNY,0.183348
2025-11-04,HKD,0.168055
2025-11-04,MYR,0.311239
2025-11-04,ZAR,0.074781
2025-11-05,USD,1.306822
2025-11-05,EUR,1.501800
2025-11-05,GBP,1.704654
2025-11-05,JPY,0.008501
2025-11-05,CHF,1.613624
2025-11-05,CNY,0.183359
2025-11-05,HKD,0.168060
2025-11-05,MYR,0.311777
2025-11-05,ZAR,0.074918
2025-11-06,USD,1.304171
2025-11-06,EUR,1.504100
2025-11-06,GBP,1.707846
2025-11-06,JPY,0.008491
2025-11-06,CHF,1.614534
2025-11-06,CNY,0.183183
2025-11-06,HKD,0.167737
2025-11-06,MYR,0.311776
2025-11-06,ZAR,0.075191
2025-11-07,USD,1.302050
2025-11-07,EUR,1.505300
2025-11-07,GBP,1.708433
2025-11-07,JPY,0.008505
2025-11-07,CHF,1.616516
2025-11-07,CNY,0.182851
2025-11-07,HKD,0.167427
2025-11-07,MYR,0.311792
2025-11-07,ZAR,0.075055
2025-11-10,USD,1.302740
2025-11-10,EUR,1.507400
2025-11-10,GBP,1.717248
2025-11-10,JPY,0.008454
2025-11-10,CHF,1.617729
2025-11-10,CNY,0.182988
2025-11-10,HKD,0.167591
2025-11-10,MYR,0.313161
2025-11-10,ZAR,0.075801
2025-11-11,USD,1.301685
2025-11-11,EUR,1.506700
2025-11-11,GBP,1.711381
2025-11-11,JPY,0.008443
2025-11-11,CHF,1.623949
2025-11-11,CNY,0.182859
2025-11-11,HKD,0.167467
2025-11-11,MYR,0.314492
2025-11-11,ZAR,0.075828
2025-11-12,USD,1.302782
2025-11-12,EUR,1.508100
2025-11-12,GBP,1.709283
2025-11-12,JPY,0.008416
2025-11-12,CHF,1.630378
2025-11-12,CNY,0.183064
2025-11-12,HKD,0.167645
2025-11-12,MYR,0.314949
2025-11-12,ZAR,0.076426
2025-11-13,USD,1.300370
2025-11-13,EUR,1.510900
2025-11-13,GBP,1.713233
2025-11-13,JPY,0.008414
2025-11-13,CHF,1.634466
2025-11-13,CNY,0.183250
2025-11-13,HKD,0.167342
2025-11-13,MYR,0.314935
2025-11-13,ZAR,0.076480
2025-11-14,USD,1.298850
2025-11-14,EUR,1.512900
2025-11-14,GBP,1.710265
2025-11-14,JPY,0.008442
2025-11-14,CHF,1.647142
2025-11-14,CNY,0.183038
2025-11-14,HKD,0.167140
2025-11-14,MYR,0.314304
2025-11-14,ZAR,0.075811
2025-11-17,USD,1.302424
2025-11-17,EUR,1.509900
2025-11-17,GBP,1.716771
2025-11-17,JPY,0.008408
2025-11-17,CHF,1.636748
2025-11-17,CNY,0.183245
2025-11-17,HKD,0.167543
2025-11-17,MYR,0.313837
2025-11-17,ZAR,0.076266
2025-11-18,USD,1.302243
2025-11-18,EUR,1.509300
2025-11-18,GBP,1.711030
2025-11-18,JPY,0.008388
2025-11-18,CHF,1.634680
2025-11-18,CNY,0.183145
2025-11-18,HKD,0.167267
2025-11-18,MYR,0.312737
2025-11-18,ZAR,0.075559
2025-11-19,USD,1.303980
2025-11-19,EUR,1.510400
2025-11-19,GBP,1.711114
2025-11-19,JPY,0.008352
2025-11-19,CHF,1.626885
2025-11-19,CNY,0.183392
2025-11-19,HKD,0.167458
2025-11-19,MYR,0.314215
2025-11-19,ZAR,0.076003
2025-11-20,USD,1.307539
2025-11-20,EUR,1.505500
2025-11-20,GBP,1.707884
2025-11-20,JPY,0.008296
2025-11-20,CHF,1.619862
2025-11-20,CNY,0.183804
2025-11-20,HKD,0.167942
2025-11-20,MYR,0.314576
2025-11-20,ZAR,0.075848
2025-11-21,USD,1.307726
2025-11-21,EUR,1.506500
2025-11-21,GBP,1.711348
2025-11-21,JPY,0.008343
2025-11-21,CHF,1.621811
2025-11-21,CNY,0.183933
2025-11-21,HKD,0.167988
2025-11-21,MYR,0.315194
2025-11-21,ZAR,0.075336
2025-11-24,USD,1.301629
2025-11-24,EUR,1.502600
2025-11-24,GBP,1.706724
2025-11-24,JPY,0.008292
2025-11-24,CHF,1.611540
2025-11-24,CNY,0.183618
2025-11-24,HKD,0.167613
2025-11-24,MYR,0.314944
2025-11-24,ZAR,0.075325
2025-11-25,USD,1.301879
2025-11-25,EUR,1.503800
2025-11-25,GBP,1.711197
2025-11-25,JPY,0.008335
2025-11-25,CHF,1.609203
2025-11-25,CNY,0.183738
2025-11-25,HKD,0.167418
2025-11-25,MYR,0.314879
2025-11-25,ZAR,0.075613
2025-11-26,USD,1.298177
2025-11-26,EUR,1.502900
2025-11-26,GBP,1.712511
2025-11-26,JPY,0.008299
2025-11-26,CHF,1.608928
2025-11-26,CNY,0.183372
2025-11-26,HKD,0.166911
2025-11-26,MYR,0.313876
2025-11-26,ZAR,0.075729
2025-11-27,USD,1.298032
2025-11-27,EUR,1.503900
2025-11-27,GBP,1.717958
2025-11-27,JPY,0.008304
2025-11-27,CHF,1.610689
2025-11-27,CNY,0.183250
2025-11-27,HKD,0.166881
2025-11-27,MYR,0.314144
2025-11-27,ZAR,0.075585
2025-11-28,USD,1.297596
2025-11-28,EUR,1.500800
2025-11-28,GBP,1.714808
2025-11-28,JPY,0.008311
2025-11-28,CHF,1.610646
2025-11-28,CNY,0.183391
2025-11-28,HKD,0.166719
2025-11-28,MYR,0.314001
2025-11-28,ZAR,0.075813
2025-12-01,USD,1.293577
2025-12-01,EUR,1.506500
2025-12-01,GBP,1.716222
2025-12-01,JPY,0.008356
2025-12-01,CHF,1.615896
2025-12-01,CNY,0.182921
2025-12-01,HKD,0.166092
2025-12-01,MYR,0.313137
2025-12-01,ZAR,0.075756
2025-12-02,USD,1.297744
2025-12-02,EUR,1.507200
2025-12-02,GBP,1.713506
2025-12-02,JPY,0.008315
2025-12-02,CHF,1.612669
2025-12-02,CNY,0.183530
2025-12-02,HKD,0.166681
2025-12-02,MYR,0.314033
2025-12-02,ZAR,0.075875
2025-12-03,USD,1.294224
2025-12-03,EUR,1.510100
2025-12-03,GBP,1.722679
2025-12-03,JPY,0.008330
2025-12-03,CHF,1.617502
2025-12-03,CNY,0.183218
2025-12-03,HKD,0.166263
2025-12-03,MYR,0.313904
2025-12-03,ZAR,0.075769
2025-12-04,USD,1.295645
2025-12-04,EUR,1.511500
2025-12-04,GBP,1.728416
2025-12-04,JPY,0.008372
2025-12-04,CHF,1.618308
2025-12-04,CNY,0.183217
2025-12-04,HKD,0.166463
2025-12-04,MYR,0.315086
2025-12-04,ZAR,0.076300
2025-12-05,USD,1.295320
2025-12-05,EUR,1.508400
2025-12-05,GBP,1.728429
2025-12-05,JPY,0.008345
2025-12-05,CHF,1.610678
2025-12-05,CNY,0.183207
2025-12-05,HKD,0.166395
2025-12-05,MYR,0.315084
2025-12-05,ZAR,0.076503
2025-12-08,USD,1.296182
2025-12-08,EUR,1.510700
2025-12-08,GBP,1.727304
2025-12-08,JPY,0.008333
2025-12-08,CHF,1.609182
2025-12-08,CNY,0.183386
2025-12-08,HKD,0.166595
2025-12-08,MYR,0.315143
2025-12-08,ZAR,0.076407
2025-12-09,USD,1.296812
2025-12-09,EUR,1.509100
2025-12-09,GBP,1.727647
2025-12-09,JPY,0.008294
2025-12-09,CHF,1.607991
2025-12-09,CNY,0.183573
2025-12-09,HKD,0.166641
2025-12-09,MYR,0.315144
2025-12-09,ZAR,0.075964
2025-12-10,USD,1.296115
2025-12-10,EUR,1.507900
2025-12-10,GBP,1.725089
2025-12-10,JPY,0.008271
2025-12-10,CHF,1.611693
2025-12-10,CNY,0.183521
2025-12-10,HKD,0.166560
2025-12-10,MYR,0.314743
2025-12-10,ZAR,0.076119
2025-12-11,USD,1.293068
2025-12-11,EUR,1.514700
2025-12-11,GBP,1.730888
2025-12-11,JPY,0.008311
2025-12-11,CHF,1.622951
2025-12-11,CNY,0.183205
2025-12-11,HKD,0.166169
2025-12-11,MYR,0.314612
2025-12-11,ZAR,0.076328
2025-12-12,USD,1.291620
2025-12-12,EUR,1.515200
2025-12-12,GBP,1.728299
2025-12-12,JPY,0.008280
2025-12-12,CHF,1.623487
2025-12-12,CNY,0.183086
2025-12-12,HKD,0.165900
2025-12-12,MYR,0.314991
2025-12-12,ZAR,0.076627
2025-12-15,USD,1.288862
2025-12-15,EUR,1.514800
2025-12-15,GBP,1.725481
2025-12-15,JPY,0.008308
2025-12-15,CHF,1.619241
2025-12-15,CNY,0.182894
2025-12-15,HKD,0.165621
2025-12-15,MYR,0.314934
2025-12-15,ZAR,0.076822
2025-12-16,USD,1.288723
2025-12-16,EUR,1.517600
2025-12-16,GBP,1.731629
2025-12-16,JPY,0.008335
2025-12-16,CHF,1.622928
2025-12-16,CNY,0.182998
2025-12-16,HKD,0.165661
2025-12-16,MYR,0.315437
2025-12-16,ZAR,0.076893
2025-12-17,USD,1.291759
2025-12-17,EUR,1.514200
2025-12-17,GBP,1.723620
2025-12-17,JPY,0.008302
2025-12-17,CHF,1.622589
2025-12-17,CNY,0.183386
2025-12-17,HKD,0.166018
2025-12-17,MYR,0.315952
2025-12-17,ZAR,0.077197
2025-12-18,USD,1.290980
2025-12-18,EUR,1.512900
2025-12-18,GBP,1.729819
2025-12-18,JPY,0.008288
2025-12-18,CHF,1.623980
2025-12-18,CNY,0.183344
2025-12-18,HKD,0.165906
2025-12-18,MYR,0.315951
2025-12-18,ZAR,0.076948
2025-12-19,USD,1.292947
2025-12-19,EUR,1.514300
2025-12-19,GBP,1.728653
2025-12-19,JPY,0.008223
2025-12-19,CHF,1.625134
2025-12-19,CNY,0.183629
2025-12-19,HKD,0.166169
2025-12-19,MYR,0.317131
2025-12-19,ZAR,0.077069
2025-12-22,USD,1.289911
2025-12-22,EUR,1.515000
2025-12-22,GBP,1.733013
2025-12-22,JPY,0.008199
2025-12-22,CHF,1.626234
2025-12-22,CNY,0.183303
2025-12-22,HKD,0.165824
2025-12-22,MYR,0.316310
2025-12-22,ZAR,0.077244
2025-12-23,USD,1.285678
2025-12-23,EUR,1.515300
2025-12-23,GBP,1.735938
2025-12-23,JPY,0.008240
2025-12-23,CHF,1.631636
2025-12-23,CNY,0.182934
2025-12-23,HKD,0.165292
2025-12-23,MYR,0.316360
2025-12-23,ZAR,0.077290
2025-12-24,USD,1.284042
2025-12-24,EUR,1.513500
2025-12-24,GBP,1.733876
2025-12-24,JPY,0.008233
2025-12-24,CHF,1.630224
2025-12-24,CNY,0.183057
2025-12-24,HKD,0.165130
2025-12-24,MYR,0.317442
2025-12-24,ZAR,0.077184
2025-12-29,USD,1.285229
2025-12-29,EUR,1.512200
2025-12-29,GBP,1.732982
2025-12-29,JPY,0.008220
2025-12-29,CHF,1.627246
2025-12-29,CNY,0.183435
2025-12-29,HKD,0.165327
2025-12-29,MYR,0.316559
2025-12-29,ZAR,0.077165
2025-12-30,USD,1.283916
2025-12-30,EUR,1.509500
2025-12-30,GBP,1.732668
2025-12-30,JPY,0.008227
2025-12-30,CHF,1.624341
2025-12-30,CNY,0.183602
2025-12-30,HKD,0.164953
2025-12-30,MYR,0.317248
2025-12-30,ZAR,0.077184
2025-12-31,USD,1.285532
2025-12-31,EUR,1.510500
2025-12-31,GBP,1.731034
2025-12-31,JPY,0.008205
2025-12-31,CHF,1.621752
2025-12-31,CNY,0.183621
2025-12-31,HKD,0.165147
2025-12-31,MYR,0.316786
2025-12-31,ZAR,0.077685
2026-01-02,USD,1.286324
2026-01-02,EUR,1.507700
2026-01-02,GBP,1.729212
2026-01-02,JPY,0.008197
2026-01-02,CHF,1.621880
2026-01-02,CNY,0.183926
2026-01-02,HKD,0.165084
2026-01-02,MYR,0.317297
2026-01-02,ZAR,0.077893
2026-01-05,USD,1.287551
2026-01-05,EUR,1.501800
2026-01-05,GBP,1.730982
2026-01-05,JPY,0.008210
2026-01-05,CHF,1.616751
2026-01-05,CNY,0.184320
2026-01-05,HKD,0.165356
2026-01-05,MYR,0.316155
2026-01-05,ZAR,0.078110
2026-01-06,USD,1.279918
2026-01-06,EUR,1.498400
2026-01-06,GBP,1.729655
2026-01-06,JPY,0.008182
2026-01-06,CHF,1.613438
2026-01-06,CNY,0.183255
2026-01-06,HKD,0.164349
2026-01-06,MYR,0.316265
2026-01-06,ZAR,0.078062
2026-01-07,USD,1.281410
2026-01-07,EUR,1.497200
2026-01-07,GBP,1.728070
2026-01-07,JPY,0.008185
2026-01-07,CHF,1.609200
2026-01-07,CNY,0.183289
2026-01-07,HKD,0.164571
2026-01-07,MYR,0.315772
2026-01-07,ZAR,0.077877
2026-01-08,USD,1.284368
2026-01-08,EUR,1.499500
2026-01-08,GBP,1.726143
2026-01-08,JPY,0.008195
2026-01-08,CHF,1.610288
2026-01-08,CNY,0.183958
2026-01-08,HKD,0.164815
2026-01-08,MYR,0.316150
2026-01-08,ZAR,0.077770
2026-01-09,USD,1.287064
2026-01-09,EUR,1.498400
2026-01-09,GBP,1.726864
2026-01-09,JPY,0.008165
2026-01-09,CHF,1.608761
2026-01-09,CNY,0.184332
2026-01-09,HKD,0.165089
2026-01-09,MYR,0.315958
2026-01-09,ZAR,0.077651
2026-01-12,USD,1.284554
2026-01-12,EUR,1.501900
2026-01-12,GBP,1.731496
2026-01-12,JPY,0.008144
2026-01-12,CHF,1.612692
2026-01-12,CNY,0.184217
2026-01-12,HKD,0.164762
2026-01-12,MYR,0.316196
2026-01-12,ZAR,0.078380
2026-01-13,USD,1.287627
2026-01-13,EUR,1.500600
2026-01-13,GBP,1.732794
2026-01-13,JPY,0.008106
2026-01-13,CHF,1.611642
2026-01-13,CNY,0.184589
2026-01-13,HKD,0.165037
2026-01-13,MYR,0.317346
2026-01-13,ZAR,0.078256
2026-01-14,USD,1.288044
2026-01-14,EUR,1.500700
2026-01-14,GBP,1.731311
2026-01-14,JPY,0.008120
2026-01-14,CHF,1.607950
2026-01-14,CNY,0.184708
2026-01-14,HKD,0.165201
2026-01-14,MYR,0.318194
2026-01-14,ZAR,0.078562
2026-01-15,USD,1.287767
2026-01-15,EUR,1.496900
2026-01-15,GBP,1.725732
2026-01-15,JPY,0.008122
2026-01-15,CHF,1.607151
2026-01-15,CNY,0.184830
2026-01-15,HKD,0.165117
2026-01-15,MYR,0.317476
2026-01-15,ZAR,0.078656
2026-01-16,USD,1.287940
2026-01-16,EUR,1.496200
2026-01-16,GBP,1.725721
2026-01-16,JPY,0.008146
2026-01-16,CHF,1.606571
2026-01-16,CNY,0.184791
2026-01-16,HKD,0.165120
2026-01-16,MYR,0.317422
2026-01-16,ZAR,0.078589
2026-01-19,USD,1.285014
2026-01-19,EUR,1.494600
2026-01-19,GBP,1.723677
2026-01-19,JPY,0.008137
2026-01-19,CHF,1.610213
2026-01-19,CNY,0.184539
2026-01-19,HKD,0.164812
2026-01-19,MYR,0.316894
2026-01-19,ZAR,0.078271
2026-01-20,USD,1.282827
2026-01-20,EUR,1.504500
2026-01-20,GBP,1.724948
2026-01-20,JPY,0.008125
2026-01-20,CHF,1.623328
2026-01-20,CNY,0.184343
2026-01-20,HKD,0.164505
2026-01-20,MYR,0.316397
2026-01-20,ZAR,0.078026
2026-01-21,USD,1.281625
2026-01-21,EUR,1.504500
2026-01-21,GBP,1.720608
2026-01-21,JPY,0.008122
2026-01-21,CHF,1.623328
2026-01-21,CNY,0.184039
2026-01-21,HKD,0.164369
2026-01-21,MYR,0.316684
2026-01-21,ZAR,0.078576
2026-01-22,USD,1.283615
2026-01-22,EUR,1.502600
2026-01-22,GBP,1.722770
2026-01-22,JPY,0.008084
2026-01-22,CHF,1.618658
2026-01-22,CNY,0.184011
2026-01-22,HKD,0.164609
2026-01-22,MYR,0.317728
2026-01-22,ZAR,0.079145
2026-01-23,USD,1.278828
2026-01-23,EUR,1.501600
2026-01-23,GBP,1.729755
2026-01-23,JPY,0.008086
2026-01-23,CHF,1.618627
2026-01-23,CNY,0.183619
2026-01-23,HKD,0.164000
2026-01-23,MYR,0.319265
2026-01-23,ZAR,0.079206
2026-01-26,USD,1.271038
2026-01-26,EUR,1.504400
2026-01-26,GBP,1.734179
2026-01-26,JPY,0.008242
2026-01-26,CHF,1.631140
2026-01-26,CNY,0.182768
2026-01-26,HKD,0.163010
2026-01-26,MYR,0.320522
2026-01-26,ZAR,0.079078
2026-01-27,USD,1.265487
2026-01-27,EUR,1.509600
2026-01-27,GBP,1.738570
2026-01-27,JPY,0.008253
2026-01-27,CHF,1.641405
2026-01-27,CNY,0.181958
2026-01-27,HKD,0.162242
2026-01-27,MYR,0.320176
2026-01-27,ZAR,0.079155
2026-01-28,USD,1.261734
2026-01-28,EUR,1.510800
2026-01-28,GBP,1.739551
2026-01-28,JPY,0.008267
2026-01-28,CHF,1.644319
2026-01-28,CNY,0.181639
2026-01-28,HKD,0.161730
2026-01-28,MYR,0.321954
2026-01-28,ZAR,0.079441
2026-01-29,USD,1.264037
2026-01-29,EUR,1.512800
2026-01-29,GBP,1.746479
2026-01-29,JPY,0.008245
2026-01-29,CHF,1.647571
2026-01-29,CNY,0.181976
2026-01-29,HKD,0.161958
2026-01-29,MYR,0.321845
2026-01-29,ZAR,0.080647
2026-01-30,USD,1.267808
2026-01-30,EUR,1.511100
2026-01-30,GBP,1.744516
2026-01-30,JPY,0.008231
2026-01-30,CHF,1.650213
2026-01-30,CNY,0.182425
2026-01-30,HKD,0.162367
2026-01-30,MYR,0.321210
2026-01-30,ZAR,0.079571
2026-02-02,USD,1.271537
2026-02-02,EUR,1.505500
2026-02-02,GBP,1.738854
2026-02-02,JPY,0.008200
2026-02-02,CHF,1.636591
2026-02-02,CNY,0.183129
2026-02-02,HKD,0.162785
2026-02-02,MYR,0.322563
2026-02-02,ZAR,0.079331
2026-02-03,USD,1.270570
2026-02-03,EUR,1.499400
2026-02-03,GBP,1.738838
2026-02-03,JPY,0.008152
2026-02-03,CHF,1.634580
2026-02-03,CNY,0.183128
2026-02-03,HKD,0.162623
2026-02-03,MYR,0.323098
2026-02-03,ZAR,0.079663
2026-02-04,USD,1.271320
2026-02-04,EUR,1.502700
2026-02-04,GBP,1.744081
2026-02-04,JPY,0.008116
2026-02-04,CHF,1.639071
2026-02-04,CNY,0.183142
2026-02-04,HKD,0.162746
2026-02-04,MYR,0.323328
2026-02-04,ZAR,0.079769
2026-02-05,USD,1.273182
2026-02-05,EUR,1.502100
2026-02-05,GBP,1.728340
2026-02-05,JPY,0.008115
2026-02-05,CHF,1.639668
2026-02-05,CNY,0.183476
2026-02-05,HKD,0.162969
2026-02-05,MYR,0.322567
2026-02-05,ZAR,0.078690
2026-02-06,USD,1.273190
2026-02-06,EUR,1.501600
2026-02-06,GBP,1.730153
2026-02-06,JPY,0.008105
2026-02-06,CHF,1.636621
2026-02-06,CNY,0.183484
2026-02-06,HKD,0.162948
2026-02-06,MYR,0.322529
2026-02-06,ZAR,0.078961
2026-02-09,USD,1.267626
2026-02-09,EUR,1.506700
2026-02-09,GBP,1.731640
2026-02-09,JPY,0.008116
2026-02-09,CHF,1.646667
2026-02-09,CNY,0.183116
2026-02-09,HKD,0.162206
2026-02-09,MYR,0.322185
2026-02-09,ZAR,0.079349
2026-02-10,USD,1.266269
2026-02-10,EUR,1.506100
2026-02-10,GBP,1.732145
2026-02-10,JPY,0.008163
2026-02-10,CHF,1.650882
2026-02-10,CNY,0.183124
2026-02-10,HKD,0.161976
2026-02-10,MYR,0.322740
2026-02-10,ZAR,0.079353
2026-02-11,USD,1.262773
2026-02-11,EUR,1.502700
2026-02-11,GBP,1.727440
2026-02-11,JPY,0.008221
2026-02-11,CHF,1.644812
2026-02-11,CNY,0.182710
2026-02-11,HKD,0.161558
2026-02-11,MYR,0.322544
2026-02-11,ZAR,0.079513
2026-02-12,USD,1.261917
2026-02-12,EUR,1.498400
2026-02-12,GBP,1.720124
2026-02-12,JPY,0.008210
2026-02-12,CHF,1.639029
2026-02-12,CNY,0.182857
2026-02-12,HKD,0.161439
2026-02-12,MYR,0.323363
2026-02-12,ZAR,0.079390
2026-02-13,USD,1.263868
2026-02-13,EUR,1.499200
2026-02-13,GBP,1.720055
2026-02-13,JPY,0.008245
2026-02-13,CHF,1.643679
2026-02-13,CNY,0.182941
2026-02-13,HKD,0.161682
2026-02-13,MYR,0.323445
2026-02-13,ZAR,0.078826
2026-02-16,USD,1.262084
2026-02-16,EUR,1.496200
2026-02-16,GBP,1.721749
2026-02-16,JPY,0.008230
2026-02-16,CHF,1.638953
2026-02-16,CNY,0.182682
2026-02-16,HKD,0.161489
2026-02-16,MYR,0.323608
2026-02-16,ZAR,0.079126
2026-02-17,USD,1.263825
2026-02-17,EUR,1.494600
2026-02-17,GBP,1.711439
2026-02-17,JPY,0.008255
2026-02-17,CHF,1.639535
2026-02-17,CNY,0.182933
2026-02-17,HKD,0.161704
2026-02-17,MYR,0.324061
2026-02-17,ZAR,0.078531
2026-02-18,USD,1.263909
2026-02-18,EUR,1.497100
2026-02-18,GBP,1.716071
2026-02-18,JPY,0.008226
2026-02-18,CHF,1.640837
2026-02-18,CNY,0.182946
2026-02-18,HKD,0.161735
2026-02-18,MYR,0.324076
2026-02-18,ZAR,0.078880
2026-02-19,USD,1.269123
2026-02-19,EUR,1.491600
2026-02-19,GBP,1.707027
2026-02-19,JPY,0.008193
2026-02-19,CHF,1.635706
2026-02-19,CNY,0.183701
2026-02-19,HKD,0.162402
2026-02-19,MYR,0.324706
2026-02-19,ZAR,0.078250
2026-02-20,USD,1.268888
2026-02-20,EUR,1.493100
2026-02-20,GBP,1.710701
2026-02-20,JPY,0.008176
2026-02-20,CHF,1.635020
2026-02-20,CNY,0.183667
2026-02-20,HKD,0.162362
2026-02-20,MYR,0.325103
2026-02-20,ZAR,0.078826
2026-02-23,USD,1.266378
2026-02-23,EUR,1.492300
2026-02-23,GBP,1.708610
2026-02-23,JPY,0.008180
2026-02-23,CHF,1.631821
2026-02-23,CNY,0.183302
2026-02-23,HKD,0.161967
2026-02-23,MYR,0.325460
2026-02-23,ZAR,0.079092
2026-02-24,USD,1.267301
2026-02-24,EUR,1.492500
2026-02-24,GBP,1.709426
2026-02-24,JPY,0.008132
2026-02-24,CHF,1.636513
2026-02-24,CNY,0.184155
2026-02-24,HKD,0.162006
2026-02-24,MYR,0.325447
2026-02-24,ZAR,0.079165
2026-02-25,USD,1.264936
2026-02-25,EUR,1.490600
2026-02-25,GBP,1.710581
2026-02-25,JPY,0.008070
2026-02-25,CHF,1.632640
2026-02-25,CNY,0.184138
2026-02-25,HKD,0.161746
2026-02-25,MYR,0.325089
2026-02-25,ZAR,0.079755
2026-02-26,USD,1.263078
2026-02-26,EUR,1.492200
2026-02-26,GBP,1.711435
2026-02-26,JPY,0.008094
2026-02-26,CHF,1.632604
2026-02-26,CNY,0.184626
2026-02-26,HKD,0.161464
2026-02-26,MYR,0.325034
2026-02-26,ZAR,0.079557
2026-02-27,USD,1.265735
2026-02-27,EUR,1.494200
2026-02-27,GBP,1.705124
2026-02-27,JPY,0.008115
2026-02-27,CHF,1.641257
2026-02-27,CNY,0.184558
2026-02-27,HKD,0.161782
2026-02-27,MYR,0.325300
2026-02-27,ZAR,0.079404
2026-03-02,USD,1.273722
2026-03-02,EUR,1.490000
2026-03-02,GBP,1.705001
2026-03-02,JPY,0.008089
2026-03-02,CHF,1.634310
2026-03-02,CNY,0.185066
2026-03-02,HKD,0.162826
2026-03-02,MYR,0.324350
2026-03-02,ZAR,0.078813
2026-03-03,USD,1.278046
2026-03-03,EUR,1.483300
2026-03-03,GBP,1.701618
2026-03-03,JPY,0.008106
2026-03-03,CHF,1.628747
2026-03-03,CNY,0.185019
2026-03-03,HKD,0.163806
2026-03-03,MYR,0.323886
2026-03-03,ZAR,0.077961
2026-03-04,USD,1.274272
2026-03-04,EUR,1.484400
2026-03-04,GBP,1.705227
2026-03-04,JPY,0.008111
2026-03-04,CHF,1.634442
2026-03-04,CNY,0.184749
2026-03-04,HKD,0.163006
2026-03-04,MYR,0.323293
2026-03-04,ZAR,0.078086
2026-03-05,USD,1.277242
2026-03-05,EUR,1.483900
2026-03-05,GBP,1.706613
2026-03-05,JPY,0.008107
2026-03-05,CHF,1.637136
2026-03-05,CNY,0.185078
2026-03-05,HKD,0.163312
2026-03-05,MYR,0.323925
2026-03-05,ZAR,0.077395
2026-03-06,USD,1.281031
2026-03-06,EUR,1.481000
2026-03-06,GBP,1.708327
2026-03-06,JPY,0.008112
2026-03-06,CHF,1.637369
2026-03-06,CNY,0.185531
2026-03-06,HKD,0.163827
2026-03-06,MYR,0.324638
2026-03-06,ZAR,0.076626
2026-03-09,USD,1.280138
2026-03-09,EUR,1.479200
2026-03-09,GBP,1.709465
2026-03-09,JPY,0.008076
2026-03-09,CHF,1.642096
2026-03-09,CNY,0.185064
2026-03-09,HKD,0.163790
2026-03-09,MYR,0.323026
2026-03-09,ZAR,0.076762
2026-03-10,USD,1.272227
2026-03-10,EUR,1.481000
2026-03-10,GBP,1.711248
2026-03-10,JPY,0.008063
2026-03-10,CHF,1.640634
2026-03-10,CNY,0.184993
2026-03-10,HKD,0.162613
2026-03-10,MYR,0.324134
2026-03-10,ZAR,0.078104
2026-03-11,USD,1.274242
2026-03-11,EUR,1.475700
2026-03-11,GBP,1.708718
2026-03-11,JPY,0.008036
2026-03-11,CHF,1.634038
2026-03-11,CNY,0.185581
2026-03-11,HKD,0.162805
2026-03-11,MYR,0.325352
2026-03-11,ZAR,0.077689
2026-03-12,USD,1.275310
2026-03-12,EUR,1.472600
2026-03-12,GBP,1.707501
2026-03-12,JPY,0.008028
2026-03-12,CHF,1.631148
2026-03-12,CNY,0.185662
2026-03-12,HKD,0.162934
2026-03-12,MYR,0.324755
2026-03-12,ZAR,0.077097
2026-03-13,USD,1.279627
2026-03-13,EUR,1.468500
2026-03-13,GBP,1.697629
2026-03-13,JPY,0.008031
2026-03-13,CHF,1.625526
2026-03-13,CNY,0.185546
2026-03-13,HKD,0.163481
2026-03-13,MYR,0.324904
2026-03-13,ZAR,0.076185
2026-03-16,USD,1.278620
2026-03-16,EUR,1.467600
2026-03-16,GBP,1.698454
2026-03-16,JPY,0.008035
2026-03-16,CHF,1.623272
2026-03-16,CNY,0.185411
2026-03-16,HKD,0.163283
2026-03-16,MYR,0.325309
2026-03-16,ZAR,0.076254
2026-03-17,USD,1.276819
2026-03-17,EUR,1.472300
2026-03-17,GBP,1.703459
2026-03-17,JPY,0.008033
2026-03-17,CHF,1.623622
2026-03-17,CNY,0.185400
2026-03-17,HKD,0.162946
2026-03-17,MYR,0.325889
2026-03-17,ZAR,0.076646
2026-03-18,USD,1.281217
2026-03-18,EUR,1.473400
2026-03-18,GBP,1.705462
2026-03-18,JPY,0.008030
2026-03-18,CHF,1.623939
2026-03-18,CNY,0.186002
2026-03-18,HKD,0.163466
2026-03-18,MYR,0.327131
2026-03-18,ZAR,0.075880
2026-03-19,USD,1.283314
2026-03-19,EUR,1.474400
2026-03-19,GBP,1.706719
2026-03-19,JPY,0.008081
2026-03-19,CHF,1.616489
2026-03-19,CNY,0.185976
2026-03-19,HKD,0.163884
2026-03-19,MYR,0.325769
2026-03-19,ZAR,0.075184
2026-03-20,USD,1.280225
2026-03-20,EUR,1.479300
2026-03-20,GBP,1.711400
2026-03-20,JPY,0.008063
2026-03-20,CHF,1.626319
2026-03-20,CNY,0.185692
2026-03-20,HKD,0.163377
2026-03-20,MYR,0.324971
2026-03-20,ZAR,0.075816
2026-03-23,USD,1.275526
2026-03-23,EUR,1.479100
2026-03-23,GBP,1.711525
2026-03-23,JPY,0.008045
2026-03-23,CHF,1.621109
2026-03-23,CNY,0.185082
2026-03-23,HKD,0.162862
2026-03-23,MYR,0.323782
2026-03-23,ZAR,0.075875
2026-03-24,USD,1.280591
2026-03-24,EUR,1.481900
2026-03-24,GBP,1.712368
2026-03-24,JPY,0.008058
2026-03-24,CHF,1.620448
2026-03-24,CNY,0.185772
2026-03-24,HKD,0.163610
2026-03-24,MYR,0.323665
2026-03-24,ZAR,0.074880
2026-03-25,USD,1.279244
2026-03-25,EUR,1.482900
2026-03-25,GBP,1.713187
2026-03-25,JPY,0.008047
2026-03-25,CHF,1.620125
2026-03-25,CNY,0.185411
2026-03-25,HKD,0.163609
2026-03-25,MYR,0.322636
2026-03-25,ZAR,0.075635
2026-03-26,USD,1.284427
2026-03-26,EUR,1.482100
2026-03-26,GBP,1.713113
2026-03-26,JPY,0.008047
2026-03-26,CHF,1.619604
2026-03-26,CNY,0.185874
2026-03-26,HKD,0.164165
2026-03-26,MYR,0.321587
2026-03-26,ZAR,0.075299
2026-03-27,USD,1.287749
2026-03-27,EUR,1.483100
2026-03-27,GBP,1.710217
2026-03-27,JPY,0.008053
2026-03-27,CHF,1.615929
2026-03-27,CNY,0.186258
2026-03-27,HKD,0.164382
2026-03-27,MYR,0.320892
2026-03-27,ZAR,0.074910
2026-03-30,USD,1.289794
2026-03-30,EUR,1.481200
2026-03-30,GBP,1.706393
2026-03-30,JPY,0.008089
2026-03-30,CHF,1.612278
2026-03-30,CNY,0.186620
2026-03-30,HKD,0.164634
2026-03-30,MYR,0.320204
2026-03-30,ZAR,0.075056
2026-03-31,USD,1.288137
2026-03-31,EUR,1.481100
2026-03-31,GBP,1.705688
2026-03-31,JPY,0.008076
2026-03-31,CHF,1.610942
2026-03-31,CNY,0.186675
2026-03-31,HKD,0.164318
2026-03-31,MYR,0.318140
2026-03-31,ZAR,0.075462
2026-04-01,USD,1.281775
2026-04-01,EUR,1.487500
2026-04-01,GBP,1.707552
2026-04-01,JPY,0.008096
2026-04-01,CHF,1.618431
2026-04-01,CNY,0.186471
2026-04-01,HKD,0.163542
2026-04-01,MYR,0.318298
2026-04-01,ZAR,0.076382
2026-04-02,USD,1.287115
2026-04-02,EUR,1.483400
2026-04-02,GBP,1.700113
2026-04-02,JPY,0.008065
2026-04-02,CHF,1.610116
2026-04-02,CNY,0.186603
2026-04-02,HKD,0.164229
2026-04-02,MYR,0.318675
2026-04-02,ZAR,0.075660
2026-04-07,USD,1.284676
2026-04-07,EUR,1.484700
2026-04-07,GBP,1.701506
2026-04-07,JPY,0.008037
2026-04-07,CHF,1.606470
2026-04-07,CNY,0.187341
2026-04-07,HKD,0.163939
2026-04-07,MYR,0.318701
2026-04-07,ZAR,0.076064
2026-04-08,USD,1.272852
2026-04-08,EUR,1.490000
2026-04-08,GBP,1.714753
2026-04-08,JPY,0.008048
2026-04-08,CHF,1.615526
2026-04-08,CNY,0.186371
2026-04-08,HKD,0.162513
2026-04-08,MYR,0.320134
2026-04-08,ZAR,0.078039
2026-04-09,USD,1.274369
2026-04-09,EUR,1.489100
2026-04-09,GBP,1.710567
2026-04-09,JPY,0.008019
2026-04-09,CHF,1.611580
2026-04-09,CNY,0.186457
2026-04-09,HKD,0.162653
2026-04-09,MYR,0.319954
2026-04-09,ZAR,0.077554
2026-04-10,USD,1.273930
2026-04-10,EUR,1.491900
2026-04-10,GBP,1.712760
2026-04-10,JPY,0.008002
2026-04-10,CHF,1.614436
2026-04-10,CNY,0.186564
2026-04-10,HKD,0.162642
2026-04-10,MYR,0.321295
2026-04-10,ZAR,0.077546
2026-04-13,USD,1.276275
2026-04-13,EUR,1.491200
2026-04-13,GBP,1.712881
2026-04-13,JPY,0.007985
2026-04-13,CHF,1.613504
2026-04-13,CNY,0.186804
2026-04-13,HKD,0.162960
2026-04-13,MYR,0.321075
2026-04-13,ZAR,0.076926
2026-04-14,USD,1.271347
2026-04-14,EUR,1.499300
2026-04-14,GBP,1.725058
2026-04-14,JPY,0.008004
2026-04-14,CHF,1.627904
2026-04-14,CNY,0.186529
2026-04-14,HKD,0.162311
2026-04-14,MYR,0.321780
2026-04-14,ZAR,0.077746
2026-04-15,USD,1.272581
2026-04-15,EUR,1.499100
2026-04-15,GBP,1.724392
2026-04-15,JPY,0.007999
2026-04-15,CHF,1.625922
2026-04-15,CNY,0.186564
2026-04-15,HKD,0.162435
2026-04-15,MYR,0.321764
2026-04-15,ZAR,0.077526
2026-04-16,USD,1.271855
2026-04-16,EUR,1.498500
2026-04-16,GBP,1.722552
2026-04-16,JPY,0.008000
2026-04-16,CHF,1.623510
2026-04-16,CNY,0.186455
2026-04-16,HKD,0.162536
2026-04-16,MYR,0.321663
2026-04-16,ZAR,0.077624
2026-04-17,USD,1.272273
2026-04-17,EUR,1.500900
2026-04-17,GBP,1.721847
2026-04-17,JPY,0.007995
2026-04-17,CHF,1.625934
2026-04-17,CNY,0.186487
2026-04-17,HKD,0.162467
2026-04-17,MYR,0.321888
2026-04-17,ZAR,0.077649
2026-04-20,USD,1.271429
2026-04-20,EUR,1.495200
2026-04-20,GBP,1.717732
2026-04-20,JPY,0.008001
2026-04-20,CHF,1.627163
2026-04-20,CNY,0.186490
2026-04-20,HKD,0.162336
2026-04-20,MYR,0.321680
2026-04-20,ZAR,0.077764
2026-04-21,USD,1.271437
2026-04-21,EUR,1.496100
2026-04-21,GBP,1.718964
2026-04-21,JPY,0.007995
2026-04-21,CHF,1.631160
2026-04-21,CNY,0.186541
2026-04-21,HKD,0.162372
2026-04-21,MYR,0.321804
2026-04-21,ZAR,0.077671
2026-04-22,USD,1.273758
2026-04-22,EUR,1.494500
2026-04-22,GBP,1.719733
2026-04-22,JPY,0.008000
2026-04-22,CHF,1.628883
2026-04-22,CNY,0.186647
2026-04-22,HKD,0.162637
2026-04-22,MYR,0.322264
2026-04-22,ZAR,0.077343
2026-04-23,USD,1.275782
2026-04-23,EUR,1.491900
2026-04-23,GBP,1.723246
2026-04-23,JPY,0.007999
2026-04-23,CHF,1.625695
2026-04-23,CNY,0.186655
2026-04-23,HKD,0.162871
2026-04-23,MYR,0.321884
2026-04-23,ZAR,0.077471
2026-04-24,USD,1.276383
2026-04-24,EUR,1.494900
2026-04-24,GBP,1.722176
2026-04-24,JPY,0.008007
2026-04-24,CHF,1.625068
2026-04-24,CNY,0.186706
2026-04-24,HKD,0.162909
2026-04-24,MYR,0.321913
2026-04-24,ZAR,0.077067
2026-04-27,USD,1.272789
2026-04-27,EUR,1.495400
2026-04-27,GBP,1.727189
2026-04-27,JPY,0.007994
2026-04-27,CHF,1.623670
2026-04-27,CNY,0.186540
2026-04-27,HKD,0.162402
2026-04-27,MYR,0.322021
2026-04-27,ZAR,0.077239
2026-04-28,USD,1.278253
2026-04-28,EUR,1.493000
2026-04-28,GBP,1.721732
2026-04-28,JPY,0.008002
2026-04-28,CHF,1.616151
2026-04-28,CNY,0.186912
2026-04-28,HKD,0.163121
2026-04-28,MYR,0.323447
2026-04-28,ZAR,0.076844
2026-04-29,USD,1.277294
2026-04-29,EUR,1.495200
2026-04-29,GBP,1.725702
2026-04-29,JPY,0.007994
2026-04-29,CHF,1.618883
2026-04-29,CNY,0.186916
2026-04-29,HKD,0.162989
2026-04-29,MYR,0.323161
2026-04-29,ZAR,0.076952
2026-04-30,USD,1.276192
2026-04-30,EUR,1.493400
2026-04-30,GBP,1.723983
2026-04-30,JPY,0.008151
2026-04-30,CHF,1.625027
2026-04-30,CNY,0.186885
2026-04-30,HKD,0.162925
2026-04-30,MYR,0.321459
2026-04-30,ZAR,0.076008
2026-05-04,USD,1.275812
2026-05-04,EUR,1.492700
2026-05-04,GBP,1.728502
2026-05-04,JPY,0.008120
2026-05-04,CHF,1.627276
2026-05-04,CNY,0.186788
2026-05-04,HKD,0.162875
2026-05-04,MYR,0.322746
2026-05-04,ZAR,0.076283
2026-05-05,USD,1.277169
2026-05-05,EUR,1.492500
2026-05-05,GBP,1.728571
2026-05-05,JPY,0.008093
2026-05-05,CHF,1.628478
2026-05-05,CNY,0.186988
2026-05-05,HKD,0.162978
2026-05-05,MYR,0.322312
2026-05-05,ZAR,0.076521
2026-05-06,USD,1.268237
2026-05-06,EUR,1.491700
2026-05-06,GBP,1.727104
2026-05-06,JPY,0.008119
2026-05-06,CHF,1.627605
2026-05-06,CNY,0.186199
2026-05-06,HKD,0.161855
2026-05-06,MYR,0.323117
2026-05-06,ZAR,0.077307
2026-05-07,USD,1.265760
2026-05-07,EUR,1.489800
2026-05-07,GBP,1.724106
2026-05-07,JPY,0.008094
2026-05-07,CHF,1.626952
2026-05-07,CNY,0.186090
2026-05-07,HKD,0.161619
2026-05-07,MYR,0.323722
2026-05-07,ZAR,0.077856
2026-05-08,USD,1.267834
2026-05-08,EUR,1.491100
2026-05-08,GBP,1.725610
2026-05-08,JPY,0.008088
2026-05-08,CHF,1.628550
2026-05-08,CNY,0.186413
2026-05-08,HKD,0.161958
2026-05-08,MYR,0.323344
2026-05-08,ZAR,0.077215
2026-05-11,USD,1.269698
2026-05-11,EUR,1.493800
2026-05-11,GBP,1.727176
2026-05-11,JPY,0.008080
2026-05-11,CHF,1.630252
2026-05-11,CNY,0.186816
2026-05-11,HKD,0.162172
2026-05-11,MYR,0.323698
2026-05-11,ZAR,0.077204
2026-05-12,USD,1.272534
2026-05-12,EUR,1.493700
2026-05-12,GBP,1.720793
2026-05-12,JPY,0.008075
2026-05-12,CHF,1.628543
2026-05-12,CNY,0.187354
2026-05-12,HKD,0.162558
2026-05-12,MYR,0.323473
2026-05-12,ZAR,0.076999
2026-05-13,USD,1.272215
2026-05-13,EUR,1.490400
2026-05-13,GBP,1.718773
2026-05-13,JPY,0.008064
2026-05-13,CHF,1.627963
2026-05-13,CNY,0.187340
2026-05-13,HKD,0.162468
2026-05-13,MYR,0.323676
2026-05-13,ZAR,0.077338
2026-05-14,USD,1.273372
2026-05-14,EUR,1.490100
2026-05-14,GBP,1.720312
2026-05-14,JPY,0.008062
2026-05-14,CHF,1.628525
2026-05-14,CNY,0.187670
2026-05-14,HKD,0.162565
2026-05-14,MYR,0.323893
2026-05-14,ZAR,0.077612
2026-05-15,USD,1.280014
2026-05-15,EUR,1.488400
2026-05-15,GBP,1.709822
2026-05-15,JPY,0.008073
2026-05-15,CHF,1.627734
2026-05-15,CNY,0.187944
2026-05-15,HKD,0.163444
2026-05-15,MYR,0.323974
2026-05-15,ZAR,0.076825
2026-05-18,USD,1.278760
2026-05-18,EUR,1.489500
2026-05-18,GBP,1.711675
2026-05-18,JPY,0.008054
2026-05-18,CHF,1.628937
2026-05-18,CNY,0.188047
2026-05-18,HKD,0.163303
2026-05-18,MYR,0.321540
2026-05-18,ZAR,0.076924
2026-05-19,USD,1.281153
2026-05-19,EUR,1.488700
2026-05-19,GBP,1.717645
2026-05-19,JPY,0.008052
2026-05-19,CHF,1.626995
2026-05-19,CNY,0.188236
2026-05-19,HKD,0.163566
2026-05-19,MYR,0.322097
2026-05-19,ZAR,0.076956
2026-05-20,USD,1.280345
2026-05-20,EUR,1.485200
2026-05-20,GBP,1.715903
2026-05-20,JPY,0.008051
2026-05-20,CHF,1.620513
2026-05-20,CNY,0.188210
2026-05-20,HKD,0.163458
2026-05-20,MYR,0.322505
2026-05-20,ZAR,0.077159
2026-05-21,USD,1.280110
2026-05-21,EUR,1.484800
2026-05-21,GBP,1.717862
2026-05-21,JPY,0.008044
2026-05-21,CHF,1.623619
2026-05-21,CNY,0.188190
2026-05-21,HKD,0.163393
2026-05-21,MYR,0.323057
2026-05-21,ZAR,0.077330
2026-05-22,USD,1.280379
2026-05-22,EUR,1.484600
2026-05-22,GBP,1.717929
2026-05-22,JPY,0.008045
2026-05-22,CHF,1.628029
2026-05-22,CNY,0.188423
2026-05-22,HKD,0.163385
2026-05-22,MYR,0.322676
2026-05-22,ZAR,0.077709
2026-05-25,USD,1.277420
2026-05-25,EUR,1.487300
2026-05-25,GBP,1.724306
2026-05-25,JPY,0.008038
2026-05-25,CHF,1.634575
2026-05-25,CNY,0.188290
2026-05-25,HKD,0.163056
2026-05-25,MYR,0.323193
2026-05-25,ZAR,0.078229
2026-05-26,USD,1.277806
2026-05-26,EUR,1.486600
2026-05-26,GBP,1.721100
2026-05-26,JPY,0.008026
2026-05-26,CHF,1.627189
2026-05-26,CNY,0.188323
2026-05-26,HKD,0.163074
2026-05-26,MYR,0.322270
2026-05-26,ZAR,0.078119
2026-05-27,USD,1.277735
2026-05-27,EUR,1.486900
2026-05-27,GBP,1.716618
2026-05-27,JPY,0.008015
2026-05-27,CHF,1.624495
2026-05-27,CNY,0.188399
2026-05-27,HKD,0.163086
2026-05-27,MYR,0.322251
2026-05-27,ZAR,0.078104
2026-05-28,USD,1.279590
2026-05-28,EUR,1.486500
2026-05-28,GBP,1.715225
2026-05-28,JPY,0.008025
2026-05-28,CHF,1.621577
2026-05-28,CNY,0.188733
2026-05-28,HKD,0.163325
2026-05-28,MYR,0.321670
2026-05-28,ZAR,0.078262
2026-05-29,USD,1.277053
2026-05-29,EUR,1.487000
2026-05-29,GBP,1.714655
2026-05-29,JPY,0.008018
2026-05-29,CHF,1.632093
2026-05-29,CNY,0.188722
2026-05-29,HKD,0.162980
2026-05-29,MYR,0.322085
2026-05-29,ZAR,0.078713
2026-06-01,USD,1.277778
2026-06-01,EUR,1.488100
2026-06-01,GBP,1.720486
2026-06-01,JPY,0.008012
2026-06-01,CHF,1.630259
2026-06-01,CNY,0.188879
2026-06-01,HKD,0.163042
2026-06-01,MYR,0.322267
2026-06-01,ZAR,0.078615
2026-06-02,USD,1.278393
2026-06-02,EUR,1.489200
2026-06-02,GBP,1.722315
2026-06-02,JPY,0.008003
2026-06-02,CHF,1.627719
2026-06-02,CNY,0.189038
2026-06-02,HKD,0.163114
2026-06-02,MYR,0.322421
2026-06-02,ZAR,0.078896
2026-06-03,USD,1.282073
2026-06-03,EUR,1.489000
2026-06-03,GBP,1.723978
2026-06-03,JPY,0.008020
2026-06-03,CHF,1.624305
2026-06-03,CNY,0.189392
2026-06-03,HKD,0.163605
2026-06-03,MYR,0.320961
2026-06-03,ZAR,0.078798
2026-06-04,USD,1.282560
2026-06-04,EUR,1.492900
2026-06-04,GBP,1.726096
2026-06-04,JPY,0.008026
2026-06-04,CHF,1.628381
2026-06-04,CNY,0.189339
2026-06-04,HKD,0.163722
2026-06-04,MYR,0.319604
2026-06-04,ZAR,0.078978
2026-06-05,USD,1.283419
2026-06-05,EUR,1.493900
2026-06-05,GBP,1.728391
2026-06-05,JPY,0.008028
2026-06-05,CHF,1.628229
2026-06-05,CNY,0.189697
2026-06-05,HKD,0.163832
2026-06-05,MYR,0.318624
2026-06-05,ZAR,0.078880
2026-06-08,USD,1.287262
2026-06-08,EUR,1.485500
2026-06-08,GBP,1.720125
2026-06-08,JPY,0.008047
2026-06-08,CHF,1.616959
2026-06-08,CNY,0.189809
2026-06-08,HKD,0.164276
2026-06-08,MYR,0.316010
2026-06-08,ZAR,0.078188
2026-06-09,USD,1.285146
2026-06-09,EUR,1.487300
2026-06-09,GBP,1.722608
2026-06-09,JPY,0.008024
2026-06-09,CHF,1.615577
2026-06-09,CNY,0.189787
2026-06-09,HKD,0.163996
2026-06-09,MYR,0.316460
2026-06-09,ZAR,0.078108
2026-06-10,USD,1.288327
2026-06-10,EUR,1.486600
2026-06-10,GBP,1.724034
2026-06-10,JPY,0.008027
2026-06-10,CHF,1.612015
2026-06-10,CNY,0.189998
2026-06-10,HKD,0.164400
2026-06-10,MYR,0.316540
2026-06-10,ZAR,0.077602
2026-06-11,USD,1.287770
2026-06-11,EUR,1.485700
2026-06-11,GBP,1.720954
2026-06-11,JPY,0.008022
2026-06-11,CHF,1.611214
2026-06-11,CNY,0.190009
2026-06-11,HKD,0.164329
2026-06-11,MYR,0.316639
2026-06-11,ZAR,0.078034
2026-06-12,USD,1.284170
2026-06-12,EUR,1.485400
2026-06-12,GBP,1.721105
2026-06-12,JPY,0.008016
2026-06-12,CHF,1.611587
2026-06-12,CNY,0.189900
2026-06-12,HKD,0.163892
2026-06-12,MYR,0.316494
2026-06-12,ZAR,0.078771
2026-06-15,USD,1.282157
2026-06-15,EUR,1.488200
2026-06-15,GBP,1.720801
2026-06-15,JPY,0.008004
2026-06-15,CHF,1.615502
2026-06-15,CNY,0.189751
2026-06-15,HKD,0.163664
2026-06-15,MYR,0.316544
2026-06-15,ZAR,0.079078
2026-06-16,USD,1.282215
2026-06-16,EUR,1.486600
2026-06-16,GBP,1.719189
2026-06-16,JPY,0.007995
2026-06-16,CHF,1.611665
2026-06-16,CNY,0.189777
2026-06-16,HKD,0.163685
2026-06-16,MYR,0.315198
2026-06-16,ZAR,0.079200
2026-06-17,USD,1.283410
2026-06-17,EUR,1.487600
2026-06-17,GBP,1.720505
2026-06-17,JPY,0.008006
2026-06-17,CHF,1.618188
2026-06-17,CNY,0.189868
2026-06-17,HKD,0.163795
2026-06-17,MYR,0.315490
2026-06-17,ZAR,0.079117
2026-06-18,USD,1.290900
2026-06-18,EUR,1.479500
2026-06-18,GBP,1.707680
2026-06-18,JPY,0.008022
2026-06-18,CHF,1.605012
2026-06-18,CNY,0.190635
2026-06-18,HKD,0.164705
2026-06-18,MYR,0.313513
2026-06-18,ZAR,0.078567
2026-06-19,USD,1.291009
2026-06-19,EUR,1.480400
2026-06-19,GBP,1.708423
2026-06-19,JPY,0.008007
2026-06-19,CHF,1.600779
2026-06-19,CNY,0.190714
2026-06-19,HKD,0.164696
2026-06-19,MYR,0.312064
2026-06-19,ZAR,0.078367
2026-06-22,USD,1.292772
2026-06-22,EUR,1.481000
2026-06-22,GBP,1.712772
2026-06-22,JPY,0.007991
2026-06-22,CHF,1.599870
2026-06-22,CNY,0.190821
2026-06-22,HKD,0.164904
2026-06-22,MYR,0.311586
2026-06-22,ZAR,0.078771
2026-06-23,USD,1.295909
2026-06-23,EUR,1.476300
2026-06-23,GBP,1.712645
2026-06-23,JPY,0.008022
2026-06-23,CHF,1.600325
2026-06-23,CNY,0.190976
2026-06-23,HKD,0.165295
2026-06-23,MYR,0.312981
2026-06-23,ZAR,0.078617
2026-06-24,USD,1.298236
2026-06-24,EUR,1.472200
2026-06-24,GBP,1.708582
2026-06-24,JPY,0.008029
2026-06-24,CHF,1.597439
2026-06-24,CNY,0.190611
2026-06-24,HKD,0.165583
2026-06-24,MYR,0.313735
2026-06-24,ZAR,0.078143
2026-06-25,USD,1.297743
2026-06-25,EUR,1.471900
2026-06-25,GBP,1.707877
2026-06-25,JPY,0.008018
2026-06-25,CHF,1.595902
2026-06-25,CNY,0.190896
2026-06-25,HKD,0.165516
2026-06-25,MYR,0.315175
2026-06-25,ZAR,0.078359
2026-06-26,USD,1.294185
2026-06-26,EUR,1.475500
2026-06-26,GBP,1.710665
2026-06-26,JPY,0.008006
2026-06-26,CHF,1.600673
2026-06-26,CNY,0.190372
2026-06-26,HKD,0.165030
2026-06-26,MYR,0.316617
2026-06-26,ZAR,0.078624
2026-06-29,USD,1.293530
2026-06-29,EUR,1.475400
2026-06-29,GBP,1.711303
2026-06-29,JPY,0.007992
2026-06-29,CHF,1.599870
2026-06-29,CNY,0.190394
2026-06-29,HKD,0.164943
2026-06-29,MYR,0.317741
2026-06-29,ZAR,0.078800
2026-06-30,USD,1.294892
2026-06-30,EUR,1.475400
2026-06-30,GBP,1.712038
2026-06-30,JPY,0.007972
2026-06-30,CHF,1.599523
2026-06-30,CNY,0.190832
2026-06-30,HKD,0.165126
2026-06-30,MYR,0.316990
2026-06-30,ZAR,0.079091
2026-07-01,USD,1.296846
2026-07-01,EUR,1.476200
2026-07-01,GBP,1.717051
2026-07-01,JPY,0.007970
2026-07-01,CHF,1.598657
2026-07-01,CNY,0.190867
2026-07-01,HKD,0.165332
2026-07-01,MYR,0.316768
2026-07-01,ZAR,0.078914
2026-07-02,USD,1.294500
2026-07-02,EUR,1.475600
2026-07-02,GBP,1.722524
2026-07-02,JPY,0.008011
2026-07-02,CHF,1.603913
2026-07-02,CNY,0.190676
2026-07-02,HKD,0.165030
2026-07-02,MYR,0.317279
2026-07-02,ZAR,0.079041
2026-07-03,USD,1.290531
2026-07-03,EUR,1.477400
2026-07-03,GBP,1.723518
2026-07-03,JPY,0.008008
2026-07-03,CHF,1.607617
2026-07-03,CNY,0.190303
2026-07-03,HKD,0.164538
2026-07-03,MYR,0.317005
2026-07-03,ZAR,0.079599
2026-07-06,USD,1.293473
2026-07-06,EUR,1.476500
2026-07-06,GBP,1.726133
2026-07-06,JPY,0.007968
2026-07-06,CHF,1.604717
2026-07-06,CNY,0.190337
2026-07-06,HKD,0.164920
2026-07-06,MYR,0.316642
2026-07-06,ZAR,0.079674
2026-07-07,USD,1.291350
2026-07-07,EUR,1.476400
2026-07-07,GBP,1.728583
2026-07-07,JPY,0.007977
2026-07-07,CHF,1.601649
2026-07-07,CNY,0.190086
2026-07-07,HKD,0.164665
2026-07-07,MYR,0.317287
2026-07-07,ZAR,0.079527
2026-07-08,USD,1.294020
2026-07-08,EUR,1.475700
2026-07-08,GBP,1.727278
2026-07-08,JPY,0.007964
2026-07-08,CHF,1.600195
2026-07-08,CNY,0.190290
2026-07-08,HKD,0.165076
2026-07-08,MYR,0.317396
2026-07-08,ZAR,0.078986
2026-07-09,USD,1.292873
2026-07-09,EUR,1.478400
2026-07-09,GBP,1.731898
2026-07-09,JPY,0.007960
2026-07-09,CHF,1.602254
2026-07-09,CNY,0.190241
2026-07-09,HKD,0.164991
2026-07-09,MYR,0.317117
2026-07-09,ZAR,0.078969
2026-07-10,USD,1.291076
2026-07-10,EUR,1.475700
2026-07-10,GBP,1.732958
2026-07-10,JPY,0.007976
2026-07-10,CHF,1.600022
2026-07-10,CNY,0.190578
2026-07-10,HKD,0.164678
2026-07-10,MYR,0.317218
2026-07-10,ZAR,0.079102
2026-07-13,USD,1.292454
2026-07-13,EUR,1.476500
2026-07-13,GBP,1.730341
2026-07-13,JPY,0.007971
2026-07-13,CHF,1.595699
2026-07-13,CNY,0.190696
2026-07-13,HKD,0.164884
2026-07-13,MYR,0.317479
2026-07-13,ZAR,0.078983
2026-07-14,USD,1.292679
2026-07-14,EUR,1.474300
2026-07-14,GBP,1.730094
2026-07-14,JPY,0.007969
2026-07-14,CHF,1.592633
2026-07-14,CNY,0.190658
2026-07-14,HKD,0.164934
2026-07-14,MYR,0.316986
2026-07-14,ZAR,0.078525
2026-07-15,USD,1.292215
2026-07-15,EUR,1.473900
2026-07-15,GBP,1.732105
2026-07-15,JPY,0.007958
2026-07-15,CHF,1.592373
2026-07-15,CNY,0.190752
2026-07-15,HKD,0.164844
2026-07-15,MYR,0.316872
2026-07-15,ZAR,0.078877
2026-07-16,USD,1.289090
2026-07-16,EUR,1.478200
2026-07-16,GBP,1.741661
2026-07-16,JPY,0.007948
2026-07-16,CHF,1.598054
2026-07-16,CNY,0.190500
2026-07-16,HKD,0.164431
2026-07-16,MYR,0.316538
2026-07-16,ZAR,0.078742
2026-07-17,USD,1.291211
2026-07-17,EUR,1.476500
2026-07-17,GBP,1.735058
2026-07-17,JPY,0.007953
2026-07-17,CHF,1.600022
2026-07-17,CNY,0.190514
2026-07-17,HKD,0.164691
2026-07-17,MYR,0.315316
2026-07-17,ZAR,0.078218
2026-07-20,USD,1.290828
2026-07-20,EUR,1.474900
2026-07-20,GBP,1.737466
2026-07-20,JPY,0.007949
2026-07-20,CHF,1.596903
2026-07-20,CNY,0.190755
2026-07-20,HKD,0.164633
2026-07-20,MYR,0.315412
2026-07-20,ZAR,0.078281
2026-07-21,USD,1.290419
2026-07-21,EUR,1.473400
2026-07-21,GBP,1.729241
2026-07-21,JPY,0.007929
2026-07-21,CHF,1.591317
2026-07-21,CNY,0.190719
2026-07-21,HKD,0.164580
2026-07-21,MYR,0.315584
2026-07-21,ZAR,0.078471
2026-07-22,USD,1.291199
2026-07-22,EUR,1.473000
2026-07-22,GBP,1.726037
2026-07-22,JPY,0.007918
2026-07-22,CHF,1.589340
2026-07-22,CNY,0.190640
2026-07-22,HKD,0.164686
2026-07-22,MYR,0.315932
2026-07-22,ZAR,0.078371
2026-07-23,USD,1.291345
2026-07-23,EUR,1.471100
2026-07-23,GBP,1.724255
2026-07-23,JPY,0.007899
2026-07-23,CHF,1.582679
2026-07-23,CNY,0.190737
2026-07-23,HKD,0.164685
2026-07-23,MYR,0.315809
2026-07-23,ZAR,0.078550
2026-07-24,USD,1.290938
2026-07-24,EUR,1.468700
2026-07-24,GBP,1.720031
2026-07-24,JPY,0.007880
2026-07-24,CHF,1.578908
2026-07-24,CNY,0.190624
2026-07-24,HKD,0.164606
2026-07-24,MYR,0.315558
2026-07-24,ZAR,0.076613
2026-07-27,USD,1.290368
2026-07-27,EUR,1.469600
2026-07-27,GBP,1.718348
2026-07-27,JPY,0.007885
2026-07-27,CHF,1.582938
2026-07-27,CNY,0.190711
2026-07-27,HKD,0.164545
2026-07-27,MYR,0.315839
2026-07-27,ZAR,0.077078
2026-07-28,USD,1.293393
2026-07-28,EUR,1.470200
2026-07-28,GBP,1.718527
2026-07-28,JPY,0.007891
2026-07-28,CHF,1.577637
2026-07-28,CNY,0.191012
2026-07-28,HKD,0.164939
2026-07-28,MYR,0.316077
2026-07-28,ZAR,0.077056
2026-07-29,USD,1.292619
2026-07-29,EUR,1.471000
2026-07-29,GBP,1.717756
2026-07-29,JPY,0.007897
2026-07-29,CHF,1.576297
2026-07-29,CNY,0.191039
2026-07-29,HKD,0.164825
2026-07-29,MYR,0.316079
2026-07-29,ZAR,0.077172
2026-07-30,USD,1.287470
2026-07-30,EUR,1.477500
2026-07-30,GBP,1.723736
2026-07-30,JPY,0.007901
2026-07-30,CHF,1.584620
2026-07-30,CNY,0.190594
2026-07-30,HKD,0.164134
2026-07-30,MYR,0.315361
2026-07-30,ZAR,0.077641
2026-07-31,USD,1.284893
2026-07-31,EUR,1.475700
2026-07-31,GBP,1.724493
2026-07-31,JPY,0.008019
2026-07-31,CHF,1.586092
2026-07-31,CNY,0.190317
2026-07-31,HKD,0.163823
2026-07-31,MYR,0.314427
2026-07-31,ZAR,0.077520
2026-08-03,USD,1.281578
2026-08-03,EUR,1.478300
2026-08-03,GBP,1.726320
2026-08-03,JPY,0.008180
2026-08-03,CHF,1.586159
2026-08-03,CNY,0.189791
2026-08-03,HKD,0.163413
2026-08-03,MYR,0.312921
2026-08-03,ZAR,0.077814
2026-08-04,USD,1.282414
2026-08-04,EUR,1.476700
2026-08-04,GBP,1.724331
2026-08-04,JPY,0.008147
2026-08-04,CHF,1.584612
2026-08-04,CNY,0.189888
2026-08-04,HKD,0.163504
2026-08-04,MYR,0.313358
2026-08-04,ZAR,0.078002
